Sun Jul 05 13:52:20 ICT 2026 - === doFilterInternal START ===
Sun Jul 05 13:52:20 ICT 2026 - === doFilterInternal START ===
Sun Jul 05 13:52:20 ICT 2026 - Request URI: /api/streaks/b1f3d0f5-efee-46fa-9fdd-4ab81d4bd466/update
Sun Jul 05 13:52:20 ICT 2026 - Request URI: /api/chat/unread-count/b1f3d0f5-efee-46fa-9fdd-4ab81d4bd466
Sun Jul 05 13:52:20 ICT 2026 - Token found. Length: 1374
Sun Jul 05 13:52:20 ICT 2026 - Token found. Length: 1374
Sun Jul 05 13:52:20 ICT 2026 - Token validated successfully. Subject: b1f3d0f5-efee-46fa-9fdd-4ab81d4bd466
Sun Jul 05 13:52:20 ICT 2026 - Token validated successfully. Subject: b1f3d0f5-efee-46fa-9fdd-4ab81d4bd466
Sun Jul 05 13:52:20 ICT 2026 - User found in database: hoaiduclequoc@gmail.com | DB Role: 2 | Mapped Authority: ROLE_ADMIN
Sun Jul 05 13:52:20 ICT 2026 - User found in database: hoaiduclequoc@gmail.com | DB Role: 2 | Mapped Authority: ROLE_ADMIN
Sun Jul 05 13:52:20 ICT 2026 - Authentication set in SecurityContext for user: hoaiduclequoc@gmail.com
Sun Jul 05 13:52:20 ICT 2026 - === doFilterInternal END ===
Sun Jul 05 13:52:20 ICT 2026 - Authentication set in SecurityContext for user: hoaiduclequoc@gmail.com
Sun Jul 05 13:52:20 ICT 2026 - === doFilterInternal END ===
Sun Jul 05 13:52:30 ICT 2026 - === doFilterInternal START ===
Sun Jul 05 13:52:30 ICT 2026 - Request URI: /api/chat/unread-count/b1f3d0f5-efee-46fa-9fdd-4ab81d4bd466
Sun Jul 05 13:52:30 ICT 2026 - Token found. Length: 1374
Sun Jul 05 13:52:30 ICT 2026 - Token validated successfully. Subject: b1f3d0f5-efee-46fa-9fdd-4ab81d4bd466
Sun Jul 05 13:52:30 ICT 2026 - User found in database: hoaiduclequoc@gmail.com | DB Role: 2 | Mapped Authority: ROLE_ADMIN
Sun Jul 05 13:52:30 ICT 2026 - Authentication set in SecurityContext for user: hoaiduclequoc@gmail.com
Sun Jul 05 13:52:30 ICT 2026 - === doFilterInternal END ===
Sun Jul 05 13:52:34 ICT 2026 - === doFilterInternal START ===
Sun Jul 05 13:52:34 ICT 2026 - Request URI: /api/chat/unread-count/b1f3d0f5-efee-46fa-9fdd-4ab81d4bd466
Sun Jul 05 13:52:34 ICT 2026 - Token found. Length: 1374
Sun Jul 05 13:52:34 ICT 2026 - === doFilterInternal START ===
Sun Jul 05 13:52:34 ICT 2026 - Request URI: /api/auth/login
Sun Jul 05 13:52:34 ICT 2026 - Token validated successfully. Subject: b1f3d0f5-efee-46fa-9fdd-4ab81d4bd466
Sun Jul 05 13:52:34 ICT 2026 - === doFilterInternal START ===
Sun Jul 05 13:52:34 ICT 2026 - Request URI: /api/streaks/b1f3d0f5-efee-46fa-9fdd-4ab81d4bd466
Sun Jul 05 13:52:34 ICT 2026 - Token found. Length: 1374
Sun Jul 05 13:52:34 ICT 2026 - Token found. Length: 1374
Sun Jul 05 13:52:34 ICT 2026 - Token validated successfully. Subject: b1f3d0f5-efee-46fa-9fdd-4ab81d4bd466
Sun Jul 05 13:52:34 ICT 2026 - Token validated successfully. Subject: b1f3d0f5-efee-46fa-9fdd-4ab81d4bd466
Sun Jul 05 13:52:34 ICT 2026 - User found in database: hoaiduclequoc@gmail.com | DB Role: 2 | Mapped Authority: ROLE_ADMIN
Sun Jul 05 13:52:34 ICT 2026 - Authentication set in SecurityContext for user: hoaiduclequoc@gmail.com
Sun Jul 05 13:52:34 ICT 2026 - === doFilterInternal END ===
Sun Jul 05 13:52:34 ICT 2026 - User found in database: hoaiduclequoc@gmail.com | DB Role: 2 | Mapped Authority: ROLE_ADMIN
Sun Jul 05 13:52:34 ICT 2026 - User found in database: hoaiduclequoc@gmail.com | DB Role: 2 | Mapped Authority: ROLE_ADMIN
Sun Jul 05 13:52:34 ICT 2026 - Authentication set in SecurityContext for user: hoaiduclequoc@gmail.com
Sun Jul 05 13:52:34 ICT 2026 - === doFilterInternal END ===
Sun Jul 05 13:52:34 ICT 2026 - Authentication set in SecurityContext for user: hoaiduclequoc@gmail.com
Sun Jul 05 13:52:34 ICT 2026 - === doFilterInternal END ===
Sun Jul 05 13:52:35 ICT 2026 - === doFilterInternal START ===
Sun Jul 05 13:52:35 ICT 2026 - Request URI: /api/classes/user/b1f3d0f5-efee-46fa-9fdd-4ab81d4bd466
Sun Jul 05 13:52:35 ICT 2026 - Token found. Length: 1374
Sun Jul 05 13:52:35 ICT 2026 - Token validated successfully. Subject: b1f3d0f5-efee-46fa-9fdd-4ab81d4bd466
Sun Jul 05 13:52:35 ICT 2026 - User found in database: hoaiduclequoc@gmail.com | DB Role: 2 | Mapped Authority: ROLE_ADMIN
Sun Jul 05 13:52:35 ICT 2026 - Authentication set in SecurityContext for user: hoaiduclequoc@gmail.com
Sun Jul 05 13:52:35 ICT 2026 - === doFilterInternal END ===
Sun Jul 05 13:52:37 ICT 2026 - === doFilterInternal START ===
Sun Jul 05 13:52:37 ICT 2026 - Request URI: /api/auth/login
Sun Jul 05 13:52:37 ICT 2026 - Token found. Length: 1374
Sun Jul 05 13:52:37 ICT 2026 - === doFilterInternal START ===
Sun Jul 05 13:52:37 ICT 2026 - Request URI: /api/chat/unread-count/b1f3d0f5-efee-46fa-9fdd-4ab81d4bd466
Sun Jul 05 13:52:37 ICT 2026 - Token found. Length: 1374
Sun Jul 05 13:52:37 ICT 2026 - Token validated successfully. Subject: b1f3d0f5-efee-46fa-9fdd-4ab81d4bd466
Sun Jul 05 13:52:37 ICT 2026 - Token validated successfully. Subject: b1f3d0f5-efee-46fa-9fdd-4ab81d4bd466
Sun Jul 05 13:52:37 ICT 2026 - === doFilterInternal START ===
Sun Jul 05 13:52:37 ICT 2026 - Request URI: /api/auth/login
Sun Jul 05 13:52:37 ICT 2026 - Token found. Length: 1374
Sun Jul 05 13:52:37 ICT 2026 - Token validated successfully. Subject: b1f3d0f5-efee-46fa-9fdd-4ab81d4bd466
Sun Jul 05 13:52:37 ICT 2026 - === doFilterInternal START ===
Sun Jul 05 13:52:37 ICT 2026 - Request URI: /api/streaks/b1f3d0f5-efee-46fa-9fdd-4ab81d4bd466
Sun Jul 05 13:52:37 ICT 2026 - === doFilterInternal START ===
Sun Jul 05 13:52:37 ICT 2026 - Request URI: /api/auth/login
Sun Jul 05 13:52:37 ICT 2026 - Token found. Length: 1374
Sun Jul 05 13:52:37 ICT 2026 - Token found. Length: 1374
Sun Jul 05 13:52:37 ICT 2026 - === doFilterInternal START ===
Sun Jul 05 13:52:37 ICT 2026 - Request URI: /api/auth/login
Sun Jul 05 13:52:37 ICT 2026 - Token validated successfully. Subject: b1f3d0f5-efee-46fa-9fdd-4ab81d4bd466
Sun Jul 05 13:52:37 ICT 2026 - Token found. Length: 1374
Sun Jul 05 13:52:37 ICT 2026 - Token validated successfully. Subject: b1f3d0f5-efee-46fa-9fdd-4ab81d4bd466
Sun Jul 05 13:52:37 ICT 2026 - Token validated successfully. Subject: b1f3d0f5-efee-46fa-9fdd-4ab81d4bd466
Sun Jul 05 13:52:37 ICT 2026 - User found in database: hoaiduclequoc@gmail.com | DB Role: 2 | Mapped Authority: ROLE_ADMIN
Sun Jul 05 13:52:37 ICT 2026 - User found in database: hoaiduclequoc@gmail.com | DB Role: 2 | Mapped Authority: ROLE_ADMIN
Sun Jul 05 13:52:37 ICT 2026 - User found in database: hoaiduclequoc@gmail.com | DB Role: 2 | Mapped Authority: ROLE_ADMIN
Sun Jul 05 13:52:37 ICT 2026 - Authentication set in SecurityContext for user: hoaiduclequoc@gmail.com
Sun Jul 05 13:52:37 ICT 2026 - === doFilterInternal END ===
Sun Jul 05 13:52:37 ICT 2026 - Authentication set in SecurityContext for user: hoaiduclequoc@gmail.com
Sun Jul 05 13:52:37 ICT 2026 - === doFilterInternal END ===
Sun Jul 05 13:52:37 ICT 2026 - Authentication set in SecurityContext for user: hoaiduclequoc@gmail.com
Sun Jul 05 13:52:37 ICT 2026 - === doFilterInternal END ===
Sun Jul 05 13:52:37 ICT 2026 - User found in database: hoaiduclequoc@gmail.com | DB Role: 2 | Mapped Authority: ROLE_ADMIN
Sun Jul 05 13:52:37 ICT 2026 - User found in database: hoaiduclequoc@gmail.com | DB Role: 2 | Mapped Authority: ROLE_ADMIN
Sun Jul 05 13:52:37 ICT 2026 - Authentication set in SecurityContext for user: hoaiduclequoc@gmail.com
Sun Jul 05 13:52:37 ICT 2026 - === doFilterInternal END ===
Sun Jul 05 13:52:37 ICT 2026 - Authentication set in SecurityContext for user: hoaiduclequoc@gmail.com
Sun Jul 05 13:52:37 ICT 2026 - === doFilterInternal END ===
Sun Jul 05 13:52:37 ICT 2026 - User found in database: hoaiduclequoc@gmail.com | DB Role: 2 | Mapped Authority: ROLE_ADMIN
Sun Jul 05 13:52:37 ICT 2026 - Authentication set in SecurityContext for user: hoaiduclequoc@gmail.com
Sun Jul 05 13:52:37 ICT 2026 - === doFilterInternal END ===
Sun Jul 05 13:52:37 ICT 2026 - === doFilterInternal START ===
Sun Jul 05 13:52:37 ICT 2026 - Request URI: /api/submissions/user/b1f3d0f5-efee-46fa-9fdd-4ab81d4bd466
Sun Jul 05 13:52:37 ICT 2026 - Token found. Length: 1374
Sun Jul 05 13:52:37 ICT 2026 - Token validated successfully. Subject: b1f3d0f5-efee-46fa-9fdd-4ab81d4bd466
Sun Jul 05 13:52:37 ICT 2026 - === doFilterInternal START ===
Sun Jul 05 13:52:37 ICT 2026 - Request URI: /api/quiz-attempts/user/b1f3d0f5-efee-46fa-9fdd-4ab81d4bd466
Sun Jul 05 13:52:37 ICT 2026 - Token found. Length: 1374
Sun Jul 05 13:52:37 ICT 2026 - Token validated successfully. Subject: b1f3d0f5-efee-46fa-9fdd-4ab81d4bd466
Sun Jul 05 13:52:37 ICT 2026 - === doFilterInternal START ===
Sun Jul 05 13:52:37 ICT 2026 - Request URI: /api/chat/unread-count/b1f3d0f5-efee-46fa-9fdd-4ab81d4bd466
Sun Jul 05 13:52:37 ICT 2026 - Token found. Length: 1374
Sun Jul 05 13:52:37 ICT 2026 - Token validated successfully. Subject: b1f3d0f5-efee-46fa-9fdd-4ab81d4bd466
Sun Jul 05 13:52:37 ICT 2026 - === doFilterInternal START ===
Sun Jul 05 13:52:37 ICT 2026 - Request URI: /api/classes/user/b1f3d0f5-efee-46fa-9fdd-4ab81d4bd466
Sun Jul 05 13:52:37 ICT 2026 - Token found. Length: 1374
Sun Jul 05 13:52:37 ICT 2026 - User found in database: hoaiduclequoc@gmail.com | DB Role: 2 | Mapped Authority: ROLE_ADMIN
Sun Jul 05 13:52:37 ICT 2026 - Token validated successfully. Subject: b1f3d0f5-efee-46fa-9fdd-4ab81d4bd466
Sun Jul 05 13:52:37 ICT 2026 - Authentication set in SecurityContext for user: hoaiduclequoc@gmail.com
Sun Jul 05 13:52:37 ICT 2026 - === doFilterInternal END ===
Sun Jul 05 13:52:37 ICT 2026 - === doFilterInternal START ===
Sun Jul 05 13:52:37 ICT 2026 - Request URI: /api/streaks/b1f3d0f5-efee-46fa-9fdd-4ab81d4bd466
Sun Jul 05 13:52:37 ICT 2026 - Token found. Length: 1374
Sun Jul 05 13:52:37 ICT 2026 - Token validated successfully. Subject: b1f3d0f5-efee-46fa-9fdd-4ab81d4bd466
Sun Jul 05 13:52:37 ICT 2026 - User found in database: hoaiduclequoc@gmail.com | DB Role: 2 | Mapped Authority: ROLE_ADMIN
Sun Jul 05 13:52:37 ICT 2026 - Authentication set in SecurityContext for user: hoaiduclequoc@gmail.com
Sun Jul 05 13:52:37 ICT 2026 - === doFilterInternal END ===
Sun Jul 05 13:52:37 ICT 2026 - User found in database: hoaiduclequoc@gmail.com | DB Role: 2 | Mapped Authority: ROLE_ADMIN
Sun Jul 05 13:52:37 ICT 2026 - Authentication set in SecurityContext for user: hoaiduclequoc@gmail.com
Sun Jul 05 13:52:37 ICT 2026 - === doFilterInternal END ===
Sun Jul 05 13:52:37 ICT 2026 - === doFilterInternal START ===
Sun Jul 05 13:52:37 ICT 2026 - Request URI: /api/admin/posts
Sun Jul 05 13:52:37 ICT 2026 - Token found. Length: 1374
Sun Jul 05 13:52:37 ICT 2026 - Token validated successfully. Subject: b1f3d0f5-efee-46fa-9fdd-4ab81d4bd466
Sun Jul 05 13:52:37 ICT 2026 - User found in database: hoaiduclequoc@gmail.com | DB Role: 2 | Mapped Authority: ROLE_ADMIN
Sun Jul 05 13:52:37 ICT 2026 - Authentication set in SecurityContext for user: hoaiduclequoc@gmail.com
Sun Jul 05 13:52:37 ICT 2026 - === doFilterInternal END ===
Sun Jul 05 13:52:37 ICT 2026 - User found in database: hoaiduclequoc@gmail.com | DB Role: 2 | Mapped Authority: ROLE_ADMIN
Sun Jul 05 13:52:37 ICT 2026 - Authentication set in SecurityContext for user: hoaiduclequoc@gmail.com
Sun Jul 05 13:52:37 ICT 2026 - === doFilterInternal END ===
Sun Jul 05 13:52:37 ICT 2026 - === doFilterInternal START ===
Sun Jul 05 13:52:37 ICT 2026 - Request URI: /api/admin/stats
Sun Jul 05 13:52:37 ICT 2026 - Token found. Length: 1374
Sun Jul 05 13:52:37 ICT 2026 - Token validated successfully. Subject: b1f3d0f5-efee-46fa-9fdd-4ab81d4bd466
Sun Jul 05 13:52:37 ICT 2026 - User found in database: hoaiduclequoc@gmail.com | DB Role: 2 | Mapped Authority: ROLE_ADMIN
Sun Jul 05 13:52:37 ICT 2026 - Authentication set in SecurityContext for user: hoaiduclequoc@gmail.com
Sun Jul 05 13:52:37 ICT 2026 - === doFilterInternal END ===
Sun Jul 05 13:52:37 ICT 2026 - === doFilterInternal START ===
Sun Jul 05 13:52:37 ICT 2026 - Request URI: /api/admin/comments
Sun Jul 05 13:52:37 ICT 2026 - Token found. Length: 1374
Sun Jul 05 13:52:37 ICT 2026 - Token validated successfully. Subject: b1f3d0f5-efee-46fa-9fdd-4ab81d4bd466
Sun Jul 05 13:52:37 ICT 2026 - User found in database: hoaiduclequoc@gmail.com | DB Role: 2 | Mapped Authority: ROLE_ADMIN
Sun Jul 05 13:52:37 ICT 2026 - Authentication set in SecurityContext for user: hoaiduclequoc@gmail.com
Sun Jul 05 13:52:37 ICT 2026 - === doFilterInternal END ===
Sun Jul 05 13:52:37 ICT 2026 - === doFilterInternal START ===
Sun Jul 05 13:52:37 ICT 2026 - Request URI: /api/admin/users
Sun Jul 05 13:52:37 ICT 2026 - Token found. Length: 1374
Sun Jul 05 13:52:37 ICT 2026 - Token validated successfully. Subject: b1f3d0f5-efee-46fa-9fdd-4ab81d4bd466
Sun Jul 05 13:52:37 ICT 2026 - === doFilterInternal START ===
Sun Jul 05 13:52:37 ICT 2026 - Request URI: /api/admin/classes
Sun Jul 05 13:52:37 ICT 2026 - Token found. Length: 1374
Sun Jul 05 13:52:37 ICT 2026 - Token validated successfully. Subject: b1f3d0f5-efee-46fa-9fdd-4ab81d4bd466
Sun Jul 05 13:52:37 ICT 2026 - User found in database: hoaiduclequoc@gmail.com | DB Role: 2 | Mapped Authority: ROLE_ADMIN
Sun Jul 05 13:52:37 ICT 2026 - Authentication set in SecurityContext for user: hoaiduclequoc@gmail.com
Sun Jul 05 13:52:37 ICT 2026 - === doFilterInternal END ===
Sun Jul 05 13:52:37 ICT 2026 - === doFilterInternal START ===
Sun Jul 05 13:52:37 ICT 2026 - Request URI: /api/submissions/user/b1f3d0f5-efee-46fa-9fdd-4ab81d4bd466
Sun Jul 05 13:52:37 ICT 2026 - Token found. Length: 1374
Sun Jul 05 13:52:37 ICT 2026 - Token validated successfully. Subject: b1f3d0f5-efee-46fa-9fdd-4ab81d4bd466
Sun Jul 05 13:52:37 ICT 2026 - User found in database: hoaiduclequoc@gmail.com | DB Role: 2 | Mapped Authority: ROLE_ADMIN
Sun Jul 05 13:52:37 ICT 2026 - Authentication set in SecurityContext for user: hoaiduclequoc@gmail.com
Sun Jul 05 13:52:37 ICT 2026 - === doFilterInternal END ===
Sun Jul 05 13:52:37 ICT 2026 - User found in database: hoaiduclequoc@gmail.com | DB Role: 2 | Mapped Authority: ROLE_ADMIN
Sun Jul 05 13:52:37 ICT 2026 - Authentication set in SecurityContext for user: hoaiduclequoc@gmail.com
Sun Jul 05 13:52:37 ICT 2026 - === doFilterInternal END ===
Sun Jul 05 13:52:37 ICT 2026 - User found in database: hoaiduclequoc@gmail.com | DB Role: 2 | Mapped Authority: ROLE_ADMIN
Sun Jul 05 13:52:37 ICT 2026 - Authentication set in SecurityContext for user: hoaiduclequoc@gmail.com
Sun Jul 05 13:52:37 ICT 2026 - === doFilterInternal END ===
Sun Jul 05 13:52:37 ICT 2026 - === doFilterInternal START ===
Sun Jul 05 13:52:37 ICT 2026 - Request URI: /api/chat/unread-count/b1f3d0f5-efee-46fa-9fdd-4ab81d4bd466
Sun Jul 05 13:52:37 ICT 2026 - Token found. Length: 1374
Sun Jul 05 13:52:37 ICT 2026 - Token validated successfully. Subject: b1f3d0f5-efee-46fa-9fdd-4ab81d4bd466
Sun Jul 05 13:52:37 ICT 2026 - === doFilterInternal START ===
Sun Jul 05 13:52:37 ICT 2026 - Request URI: /api/quiz-attempts/user/b1f3d0f5-efee-46fa-9fdd-4ab81d4bd466
Sun Jul 05 13:52:37 ICT 2026 - Token found. Length: 1374
Sun Jul 05 13:52:37 ICT 2026 - Token validated successfully. Subject: b1f3d0f5-efee-46fa-9fdd-4ab81d4bd466
Sun Jul 05 13:52:37 ICT 2026 - === doFilterInternal START ===
Sun Jul 05 13:52:37 ICT 2026 - Request URI: /api/classes/user/b1f3d0f5-efee-46fa-9fdd-4ab81d4bd466
Sun Jul 05 13:52:37 ICT 2026 - Token found. Length: 1374
Sun Jul 05 13:52:37 ICT 2026 - Token validated successfully. Subject: b1f3d0f5-efee-46fa-9fdd-4ab81d4bd466
Sun Jul 05 13:52:38 ICT 2026 - User found in database: hoaiduclequoc@gmail.com | DB Role: 2 | Mapped Authority: ROLE_ADMIN
Sun Jul 05 13:52:38 ICT 2026 - Authentication set in SecurityContext for user: hoaiduclequoc@gmail.com
Sun Jul 05 13:52:38 ICT 2026 - === doFilterInternal END ===
Sun Jul 05 13:52:38 ICT 2026 - User found in database: hoaiduclequoc@gmail.com | DB Role: 2 | Mapped Authority: ROLE_ADMIN
Sun Jul 05 13:52:38 ICT 2026 - Authentication set in SecurityContext for user: hoaiduclequoc@gmail.com
Sun Jul 05 13:52:38 ICT 2026 - === doFilterInternal END ===
Sun Jul 05 13:52:38 ICT 2026 - User found in database: hoaiduclequoc@gmail.com | DB Role: 2 | Mapped Authority: ROLE_ADMIN
Sun Jul 05 13:52:38 ICT 2026 - Authentication set in SecurityContext for user: hoaiduclequoc@gmail.com
Sun Jul 05 13:52:38 ICT 2026 - === doFilterInternal END ===
Sun Jul 05 13:52:38 ICT 2026 - === doFilterInternal START ===
Sun Jul 05 13:52:38 ICT 2026 - Request URI: /api/streaks/b1f3d0f5-efee-46fa-9fdd-4ab81d4bd466
Sun Jul 05 13:52:38 ICT 2026 - Token found. Length: 1374
Sun Jul 05 13:52:38 ICT 2026 - Token validated successfully. Subject: b1f3d0f5-efee-46fa-9fdd-4ab81d4bd466
Sun Jul 05 13:52:38 ICT 2026 - === doFilterInternal START ===
Sun Jul 05 13:52:38 ICT 2026 - Request URI: /api/admin/users
Sun Jul 05 13:52:38 ICT 2026 - Token found. Length: 1374
Sun Jul 05 13:52:38 ICT 2026 - Token validated successfully. Subject: b1f3d0f5-efee-46fa-9fdd-4ab81d4bd466
Sun Jul 05 13:52:38 ICT 2026 - User found in database: hoaiduclequoc@gmail.com | DB Role: 2 | Mapped Authority: ROLE_ADMIN
Sun Jul 05 13:52:38 ICT 2026 - Authentication set in SecurityContext for user: hoaiduclequoc@gmail.com
Sun Jul 05 13:52:38 ICT 2026 - === doFilterInternal END ===
Sun Jul 05 13:52:38 ICT 2026 - === doFilterInternal START ===
Sun Jul 05 13:52:38 ICT 2026 - Request URI: /api/admin/stats
Sun Jul 05 13:52:38 ICT 2026 - Token found. Length: 1374
Sun Jul 05 13:52:38 ICT 2026 - Token validated successfully. Subject: b1f3d0f5-efee-46fa-9fdd-4ab81d4bd466
Sun Jul 05 13:52:38 ICT 2026 - === doFilterInternal START ===
Sun Jul 05 13:52:38 ICT 2026 - Request URI: /api/submissions/user/b1f3d0f5-efee-46fa-9fdd-4ab81d4bd466
Sun Jul 05 13:52:38 ICT 2026 - Token found. Length: 1374
Sun Jul 05 13:52:38 ICT 2026 - Token validated successfully. Subject: b1f3d0f5-efee-46fa-9fdd-4ab81d4bd466
Sun Jul 05 13:52:38 ICT 2026 - User found in database: hoaiduclequoc@gmail.com | DB Role: 2 | Mapped Authority: ROLE_ADMIN
Sun Jul 05 13:52:38 ICT 2026 - Authentication set in SecurityContext for user: hoaiduclequoc@gmail.com
Sun Jul 05 13:52:38 ICT 2026 - === doFilterInternal END ===
Sun Jul 05 13:52:38 ICT 2026 - === doFilterInternal START ===
Sun Jul 05 13:52:38 ICT 2026 - Request URI: /api/admin/comments
Sun Jul 05 13:52:38 ICT 2026 - Token found. Length: 1374
Sun Jul 05 13:52:38 ICT 2026 - Token validated successfully. Subject: b1f3d0f5-efee-46fa-9fdd-4ab81d4bd466
Sun Jul 05 13:52:38 ICT 2026 - User found in database: hoaiduclequoc@gmail.com | DB Role: 2 | Mapped Authority: ROLE_ADMIN
Sun Jul 05 13:52:38 ICT 2026 - Authentication set in SecurityContext for user: hoaiduclequoc@gmail.com
Sun Jul 05 13:52:38 ICT 2026 - === doFilterInternal END ===
Sun Jul 05 13:52:38 ICT 2026 - User found in database: hoaiduclequoc@gmail.com | DB Role: 2 | Mapped Authority: ROLE_ADMIN
Sun Jul 05 13:52:38 ICT 2026 - Authentication set in SecurityContext for user: hoaiduclequoc@gmail.com
Sun Jul 05 13:52:38 ICT 2026 - === doFilterInternal END ===
Sun Jul 05 13:52:38 ICT 2026 - === doFilterInternal START ===
Sun Jul 05 13:52:38 ICT 2026 - Request URI: /api/chat/unread-count/b1f3d0f5-efee-46fa-9fdd-4ab81d4bd466
Sun Jul 05 13:52:38 ICT 2026 - Token found. Length: 1374
Sun Jul 05 13:52:38 ICT 2026 - Token validated successfully. Subject: b1f3d0f5-efee-46fa-9fdd-4ab81d4bd466
Sun Jul 05 13:52:38 ICT 2026 - User found in database: hoaiduclequoc@gmail.com | DB Role: 2 | Mapped Authority: ROLE_ADMIN
Sun Jul 05 13:52:38 ICT 2026 - Authentication set in SecurityContext for user: hoaiduclequoc@gmail.com
Sun Jul 05 13:52:38 ICT 2026 - === doFilterInternal END ===
Sun Jul 05 13:52:38 ICT 2026 - === doFilterInternal START ===
Sun Jul 05 13:52:38 ICT 2026 - Request URI: /api/admin/posts
Sun Jul 05 13:52:38 ICT 2026 - Token found. Length: 1374
Sun Jul 05 13:52:38 ICT 2026 - Token validated successfully. Subject: b1f3d0f5-efee-46fa-9fdd-4ab81d4bd466
Sun Jul 05 13:52:38 ICT 2026 - === doFilterInternal START ===
Sun Jul 05 13:52:38 ICT 2026 - Request URI: /api/quiz-attempts/user/b1f3d0f5-efee-46fa-9fdd-4ab81d4bd466
Sun Jul 05 13:52:38 ICT 2026 - Token found. Length: 1374
Sun Jul 05 13:52:38 ICT 2026 - Token validated successfully. Subject: b1f3d0f5-efee-46fa-9fdd-4ab81d4bd466
Sun Jul 05 13:52:38 ICT 2026 - User found in database: hoaiduclequoc@gmail.com | DB Role: 2 | Mapped Authority: ROLE_ADMIN
Sun Jul 05 13:52:38 ICT 2026 - Authentication set in SecurityContext for user: hoaiduclequoc@gmail.com
Sun Jul 05 13:52:38 ICT 2026 - === doFilterInternal END ===
Sun Jul 05 13:52:38 ICT 2026 - === doFilterInternal START ===
Sun Jul 05 13:52:38 ICT 2026 - Request URI: /api/classes/user/b1f3d0f5-efee-46fa-9fdd-4ab81d4bd466
Sun Jul 05 13:52:38 ICT 2026 - Token found. Length: 1374
Sun Jul 05 13:52:38 ICT 2026 - Token validated successfully. Subject: b1f3d0f5-efee-46fa-9fdd-4ab81d4bd466
Sun Jul 05 13:52:38 ICT 2026 - User found in database: hoaiduclequoc@gmail.com | DB Role: 2 | Mapped Authority: ROLE_ADMIN
Sun Jul 05 13:52:38 ICT 2026 - Authentication set in SecurityContext for user: hoaiduclequoc@gmail.com
Sun Jul 05 13:52:38 ICT 2026 - === doFilterInternal END ===
Sun Jul 05 13:52:38 ICT 2026 - User found in database: hoaiduclequoc@gmail.com | DB Role: 2 | Mapped Authority: ROLE_ADMIN
Sun Jul 05 13:52:38 ICT 2026 - Authentication set in SecurityContext for user: hoaiduclequoc@gmail.com
Sun Jul 05 13:52:38 ICT 2026 - === doFilterInternal END ===
Sun Jul 05 13:52:38 ICT 2026 - === doFilterInternal START ===
Sun Jul 05 13:52:38 ICT 2026 - Request URI: /api/streaks/b1f3d0f5-efee-46fa-9fdd-4ab81d4bd466
Sun Jul 05 13:52:38 ICT 2026 - Token found. Length: 1374
Sun Jul 05 13:52:38 ICT 2026 - Token validated successfully. Subject: b1f3d0f5-efee-46fa-9fdd-4ab81d4bd466
Sun Jul 05 13:52:38 ICT 2026 - User found in database: hoaiduclequoc@gmail.com | DB Role: 2 | Mapped Authority: ROLE_ADMIN
Sun Jul 05 13:52:38 ICT 2026 - Authentication set in SecurityContext for user: hoaiduclequoc@gmail.com
Sun Jul 05 13:52:38 ICT 2026 - === doFilterInternal END ===
Sun Jul 05 13:52:38 ICT 2026 - === doFilterInternal START ===
Sun Jul 05 13:52:38 ICT 2026 - Request URI: /api/submissions/user/b1f3d0f5-efee-46fa-9fdd-4ab81d4bd466
Sun Jul 05 13:52:38 ICT 2026 - Token found. Length: 1374
Sun Jul 05 13:52:38 ICT 2026 - Token validated successfully. Subject: b1f3d0f5-efee-46fa-9fdd-4ab81d4bd466
Sun Jul 05 13:52:38 ICT 2026 - User found in database: hoaiduclequoc@gmail.com | DB Role: 2 | Mapped Authority: ROLE_ADMIN
Sun Jul 05 13:52:38 ICT 2026 - Authentication set in SecurityContext for user: hoaiduclequoc@gmail.com
Sun Jul 05 13:52:38 ICT 2026 - === doFilterInternal END ===
Sun Jul 05 13:52:38 ICT 2026 - User found in database: hoaiduclequoc@gmail.com | DB Role: 2 | Mapped Authority: ROLE_ADMIN
Sun Jul 05 13:52:38 ICT 2026 - Authentication set in SecurityContext for user: hoaiduclequoc@gmail.com
Sun Jul 05 13:52:38 ICT 2026 - === doFilterInternal END ===
Sun Jul 05 13:52:38 ICT 2026 - === doFilterInternal START ===
Sun Jul 05 13:52:38 ICT 2026 - Request URI: /api/admin/classes
Sun Jul 05 13:52:38 ICT 2026 - Token found. Length: 1374
Sun Jul 05 13:52:38 ICT 2026 - Token validated successfully. Subject: b1f3d0f5-efee-46fa-9fdd-4ab81d4bd466
Sun Jul 05 13:52:38 ICT 2026 - === doFilterInternal START ===
Sun Jul 05 13:52:38 ICT 2026 - Request URI: /api/admin/stats
Sun Jul 05 13:52:38 ICT 2026 - Token found. Length: 1374
Sun Jul 05 13:52:38 ICT 2026 - Token validated successfully. Subject: b1f3d0f5-efee-46fa-9fdd-4ab81d4bd466
Sun Jul 05 13:52:38 ICT 2026 - === doFilterInternal START ===
Sun Jul 05 13:52:38 ICT 2026 - Request URI: /api/admin/comments
Sun Jul 05 13:52:38 ICT 2026 - Token found. Length: 1374
Sun Jul 05 13:52:38 ICT 2026 - Token validated successfully. Subject: b1f3d0f5-efee-46fa-9fdd-4ab81d4bd466
Sun Jul 05 13:52:38 ICT 2026 - User found in database: hoaiduclequoc@gmail.com | DB Role: 2 | Mapped Authority: ROLE_ADMIN
Sun Jul 05 13:52:38 ICT 2026 - Authentication set in SecurityContext for user: hoaiduclequoc@gmail.com
Sun Jul 05 13:52:38 ICT 2026 - === doFilterInternal END ===
Sun Jul 05 13:52:38 ICT 2026 - === doFilterInternal START ===
Sun Jul 05 13:52:38 ICT 2026 - Request URI: /api/quiz-attempts/user/b1f3d0f5-efee-46fa-9fdd-4ab81d4bd466
Sun Jul 05 13:52:38 ICT 2026 - Token found. Length: 1374
Sun Jul 05 13:52:38 ICT 2026 - Token validated successfully. Subject: b1f3d0f5-efee-46fa-9fdd-4ab81d4bd466
Sun Jul 05 13:52:38 ICT 2026 - User found in database: hoaiduclequoc@gmail.com | DB Role: 2 | Mapped Authority: ROLE_ADMIN
Sun Jul 05 13:52:38 ICT 2026 - Authentication set in SecurityContext for user: hoaiduclequoc@gmail.com
Sun Jul 05 13:52:38 ICT 2026 - === doFilterInternal END ===
Sun Jul 05 13:52:38 ICT 2026 - === doFilterInternal START ===
Sun Jul 05 13:52:38 ICT 2026 - Request URI: /api/classes/user/b1f3d0f5-efee-46fa-9fdd-4ab81d4bd466
Sun Jul 05 13:52:38 ICT 2026 - Token found. Length: 1374
Sun Jul 05 13:52:38 ICT 2026 - Token validated successfully. Subject: b1f3d0f5-efee-46fa-9fdd-4ab81d4bd466
Sun Jul 05 13:52:38 ICT 2026 - User found in database: hoaiduclequoc@gmail.com | DB Role: 2 | Mapped Authority: ROLE_ADMIN
Sun Jul 05 13:52:38 ICT 2026 - Authentication set in SecurityContext for user: hoaiduclequoc@gmail.com
Sun Jul 05 13:52:38 ICT 2026 - === doFilterInternal END ===
Sun Jul 05 13:52:38 ICT 2026 - User found in database: hoaiduclequoc@gmail.com | DB Role: 2 | Mapped Authority: ROLE_ADMIN
Sun Jul 05 13:52:38 ICT 2026 - Authentication set in SecurityContext for user: hoaiduclequoc@gmail.com
Sun Jul 05 13:52:38 ICT 2026 - === doFilterInternal END ===
Sun Jul 05 13:52:38 ICT 2026 - User found in database: hoaiduclequoc@gmail.com | DB Role: 2 | Mapped Authority: ROLE_ADMIN
Sun Jul 05 13:52:38 ICT 2026 - Authentication set in SecurityContext for user: hoaiduclequoc@gmail.com
Sun Jul 05 13:52:38 ICT 2026 - === doFilterInternal END ===
Sun Jul 05 13:52:39 ICT 2026 - === doFilterInternal START ===
Sun Jul 05 13:52:39 ICT 2026 - Request URI: /api/submissions/user/b1f3d0f5-efee-46fa-9fdd-4ab81d4bd466
Sun Jul 05 13:52:39 ICT 2026 - Token found. Length: 1374
Sun Jul 05 13:52:39 ICT 2026 - Token validated successfully. Subject: b1f3d0f5-efee-46fa-9fdd-4ab81d4bd466
Sun Jul 05 13:52:39 ICT 2026 - === doFilterInternal START ===
Sun Jul 05 13:52:39 ICT 2026 - Request URI: /api/streaks/b1f3d0f5-efee-46fa-9fdd-4ab81d4bd466
Sun Jul 05 13:52:39 ICT 2026 - Token found. Length: 1374
Sun Jul 05 13:52:39 ICT 2026 - === doFilterInternal START ===
Sun Jul 05 13:52:39 ICT 2026 - Request URI: /api/admin/posts
Sun Jul 05 13:52:39 ICT 2026 - Token validated successfully. Subject: b1f3d0f5-efee-46fa-9fdd-4ab81d4bd466
Sun Jul 05 13:52:39 ICT 2026 - Token found. Length: 1374
Sun Jul 05 13:52:39 ICT 2026 - Token validated successfully. Subject: b1f3d0f5-efee-46fa-9fdd-4ab81d4bd466
Sun Jul 05 13:52:39 ICT 2026 - === doFilterInternal START ===
Sun Jul 05 13:52:39 ICT 2026 - Request URI: /api/quiz-attempts/user/b1f3d0f5-efee-46fa-9fdd-4ab81d4bd466
Sun Jul 05 13:52:39 ICT 2026 - Token found. Length: 1374
Sun Jul 05 13:52:39 ICT 2026 - Token validated successfully. Subject: b1f3d0f5-efee-46fa-9fdd-4ab81d4bd466
Sun Jul 05 13:52:39 ICT 2026 - User found in database: hoaiduclequoc@gmail.com | DB Role: 2 | Mapped Authority: ROLE_ADMIN
Sun Jul 05 13:52:39 ICT 2026 - Authentication set in SecurityContext for user: hoaiduclequoc@gmail.com
Sun Jul 05 13:52:39 ICT 2026 - === doFilterInternal END ===
Sun Jul 05 13:52:39 ICT 2026 - User found in database: hoaiduclequoc@gmail.com | DB Role: 2 | Mapped Authority: ROLE_ADMIN
Sun Jul 05 13:52:39 ICT 2026 - Authentication set in SecurityContext for user: hoaiduclequoc@gmail.com
Sun Jul 05 13:52:39 ICT 2026 - === doFilterInternal END ===
Sun Jul 05 13:52:39 ICT 2026 - User found in database: hoaiduclequoc@gmail.com | DB Role: 2 | Mapped Authority: ROLE_ADMIN
Sun Jul 05 13:52:39 ICT 2026 - Authentication set in SecurityContext for user: hoaiduclequoc@gmail.com
Sun Jul 05 13:52:39 ICT 2026 - === doFilterInternal END ===
Sun Jul 05 13:52:39 ICT 2026 - User found in database: hoaiduclequoc@gmail.com | DB Role: 2 | Mapped Authority: ROLE_ADMIN
Sun Jul 05 13:52:39 ICT 2026 - Authentication set in SecurityContext for user: hoaiduclequoc@gmail.com
Sun Jul 05 13:52:39 ICT 2026 - === doFilterInternal END ===
Sun Jul 05 13:52:45 ICT 2026 - === doFilterInternal START ===
Sun Jul 05 13:52:45 ICT 2026 - Request URI: /api/admin/users
Sun Jul 05 13:52:45 ICT 2026 - Token found. Length: 1374
Sun Jul 05 13:52:45 ICT 2026 - Token validated successfully. Subject: b1f3d0f5-efee-46fa-9fdd-4ab81d4bd466
Sun Jul 05 13:52:45 ICT 2026 - User found in database: hoaiduclequoc@gmail.com | DB Role: 2 | Mapped Authority: ROLE_ADMIN
Sun Jul 05 13:52:45 ICT 2026 - Authentication set in SecurityContext for user: hoaiduclequoc@gmail.com
Sun Jul 05 13:52:45 ICT 2026 - === doFilterInternal END ===
Sun Jul 05 13:52:46 ICT 2026 - === doFilterInternal START ===
Sun Jul 05 13:52:46 ICT 2026 - Request URI: /api/streaks/b1f3d0f5-efee-46fa-9fdd-4ab81d4bd466/update
Sun Jul 05 13:52:46 ICT 2026 - Token found. Length: 1374
Sun Jul 05 13:52:46 ICT 2026 - Token validated successfully. Subject: b1f3d0f5-efee-46fa-9fdd-4ab81d4bd466
Sun Jul 05 13:52:46 ICT 2026 - User found in database: hoaiduclequoc@gmail.com | DB Role: 2 | Mapped Authority: ROLE_ADMIN
Sun Jul 05 13:52:46 ICT 2026 - Authentication set in SecurityContext for user: hoaiduclequoc@gmail.com
Sun Jul 05 13:52:46 ICT 2026 - === doFilterInternal END ===
Sun Jul 05 13:52:47 ICT 2026 - === doFilterInternal START ===
Sun Jul 05 13:52:47 ICT 2026 - Request URI: /api/chat/unread-count/b1f3d0f5-efee-46fa-9fdd-4ab81d4bd466
Sun Jul 05 13:52:47 ICT 2026 - Token found. Length: 1374
Sun Jul 05 13:52:47 ICT 2026 - Token validated successfully. Subject: b1f3d0f5-efee-46fa-9fdd-4ab81d4bd466
Sun Jul 05 13:52:47 ICT 2026 - User found in database: hoaiduclequoc@gmail.com | DB Role: 2 | Mapped Authority: ROLE_ADMIN
Sun Jul 05 13:52:47 ICT 2026 - Authentication set in SecurityContext for user: hoaiduclequoc@gmail.com
Sun Jul 05 13:52:47 ICT 2026 - === doFilterInternal END ===
Sun Jul 05 13:52:47 ICT 2026 - === doFilterInternal START ===
Sun Jul 05 13:52:47 ICT 2026 - Request URI: /api/admin/classes
Sun Jul 05 13:52:47 ICT 2026 - Token found. Length: 1374
Sun Jul 05 13:52:47 ICT 2026 - Token validated successfully. Subject: b1f3d0f5-efee-46fa-9fdd-4ab81d4bd466
Sun Jul 05 13:52:48 ICT 2026 - User found in database: hoaiduclequoc@gmail.com | DB Role: 2 | Mapped Authority: ROLE_ADMIN
Sun Jul 05 13:52:48 ICT 2026 - Authentication set in SecurityContext for user: hoaiduclequoc@gmail.com
Sun Jul 05 13:52:48 ICT 2026 - === doFilterInternal END ===
Sun Jul 05 13:52:50 ICT 2026 - === doFilterInternal START ===
Sun Jul 05 13:52:50 ICT 2026 - Request URI: /api/admin/users
Sun Jul 05 13:52:50 ICT 2026 - Token found. Length: 1374
Sun Jul 05 13:52:50 ICT 2026 - Token validated successfully. Subject: b1f3d0f5-efee-46fa-9fdd-4ab81d4bd466
Sun Jul 05 13:52:51 ICT 2026 - User found in database: hoaiduclequoc@gmail.com | DB Role: 2 | Mapped Authority: ROLE_ADMIN
Sun Jul 05 13:52:51 ICT 2026 - Authentication set in SecurityContext for user: hoaiduclequoc@gmail.com
Sun Jul 05 13:52:51 ICT 2026 - === doFilterInternal END ===
Sun Jul 05 13:52:57 ICT 2026 - === doFilterInternal START ===
Sun Jul 05 13:52:57 ICT 2026 - Request URI: /api/chat/unread-count/b1f3d0f5-efee-46fa-9fdd-4ab81d4bd466
Sun Jul 05 13:52:57 ICT 2026 - Token found. Length: 1374
Sun Jul 05 13:52:57 ICT 2026 - Token validated successfully. Subject: b1f3d0f5-efee-46fa-9fdd-4ab81d4bd466
Sun Jul 05 13:52:57 ICT 2026 - User found in database: hoaiduclequoc@gmail.com | DB Role: 2 | Mapped Authority: ROLE_ADMIN
Sun Jul 05 13:52:57 ICT 2026 - Authentication set in SecurityContext for user: hoaiduclequoc@gmail.com
Sun Jul 05 13:52:57 ICT 2026 - === doFilterInternal END ===
Sun Jul 05 13:53:07 ICT 2026 - === doFilterInternal START ===
Sun Jul 05 13:53:07 ICT 2026 - Request URI: /api/chat/unread-count/b1f3d0f5-efee-46fa-9fdd-4ab81d4bd466
Sun Jul 05 13:53:07 ICT 2026 - Token found. Length: 1374
Sun Jul 05 13:53:07 ICT 2026 - Token validated successfully. Subject: b1f3d0f5-efee-46fa-9fdd-4ab81d4bd466
Sun Jul 05 13:53:07 ICT 2026 - User found in database: hoaiduclequoc@gmail.com | DB Role: 2 | Mapped Authority: ROLE_ADMIN
Sun Jul 05 13:53:07 ICT 2026 - Authentication set in SecurityContext for user: hoaiduclequoc@gmail.com
Sun Jul 05 13:53:07 ICT 2026 - === doFilterInternal END ===
Sun Jul 05 13:53:09 ICT 2026 - === doFilterInternal START ===
Sun Jul 05 13:53:09 ICT 2026 - Request URI: /api/admin/classes
Sun Jul 05 13:53:09 ICT 2026 - Token found. Length: 1374
Sun Jul 05 13:53:09 ICT 2026 - Token validated successfully. Subject: b1f3d0f5-efee-46fa-9fdd-4ab81d4bd466
Sun Jul 05 13:53:09 ICT 2026 - User found in database: hoaiduclequoc@gmail.com | DB Role: 2 | Mapped Authority: ROLE_ADMIN
Sun Jul 05 13:53:09 ICT 2026 - Authentication set in SecurityContext for user: hoaiduclequoc@gmail.com
Sun Jul 05 13:53:09 ICT 2026 - === doFilterInternal END ===
Sun Jul 05 13:53:13 ICT 2026 - === doFilterInternal START ===
Sun Jul 05 13:53:13 ICT 2026 - Request URI: /api/admin/stats
Sun Jul 05 13:53:13 ICT 2026 - === doFilterInternal START ===
Sun Jul 05 13:53:13 ICT 2026 - Request URI: /api/admin/comments
Sun Jul 05 13:53:13 ICT 2026 - === doFilterInternal START ===
Sun Jul 05 13:53:13 ICT 2026 - Request URI: /api/admin/posts
Sun Jul 05 13:53:13 ICT 2026 - Token found. Length: 1374
Sun Jul 05 13:53:13 ICT 2026 - Token found. Length: 1374
Sun Jul 05 13:53:13 ICT 2026 - Token found. Length: 1374
Sun Jul 05 13:53:13 ICT 2026 - Token validated successfully. Subject: b1f3d0f5-efee-46fa-9fdd-4ab81d4bd466
Sun Jul 05 13:53:13 ICT 2026 - Token validated successfully. Subject: b1f3d0f5-efee-46fa-9fdd-4ab81d4bd466
Sun Jul 05 13:53:13 ICT 2026 - Token validated successfully. Subject: b1f3d0f5-efee-46fa-9fdd-4ab81d4bd466
Sun Jul 05 13:53:13 ICT 2026 - User found in database: hoaiduclequoc@gmail.com | DB Role: 2 | Mapped Authority: ROLE_ADMIN
Sun Jul 05 13:53:13 ICT 2026 - Authentication set in SecurityContext for user: hoaiduclequoc@gmail.com
Sun Jul 05 13:53:13 ICT 2026 - === doFilterInternal END ===
Sun Jul 05 13:53:13 ICT 2026 - User found in database: hoaiduclequoc@gmail.com | DB Role: 2 | Mapped Authority: ROLE_ADMIN
Sun Jul 05 13:53:13 ICT 2026 - User found in database: hoaiduclequoc@gmail.com | DB Role: 2 | Mapped Authority: ROLE_ADMIN
Sun Jul 05 13:53:13 ICT 2026 - Authentication set in SecurityContext for user: hoaiduclequoc@gmail.com
Sun Jul 05 13:53:13 ICT 2026 - === doFilterInternal END ===
Sun Jul 05 13:53:13 ICT 2026 - Authentication set in SecurityContext for user: hoaiduclequoc@gmail.com
Sun Jul 05 13:53:13 ICT 2026 - === doFilterInternal END ===
Sun Jul 05 13:53:17 ICT 2026 - === doFilterInternal START ===
Sun Jul 05 13:53:17 ICT 2026 - Request URI: /api/chat/unread-count/b1f3d0f5-efee-46fa-9fdd-4ab81d4bd466
Sun Jul 05 13:53:17 ICT 2026 - Token found. Length: 1374
Sun Jul 05 13:53:17 ICT 2026 - Token validated successfully. Subject: b1f3d0f5-efee-46fa-9fdd-4ab81d4bd466
Sun Jul 05 13:53:17 ICT 2026 - User found in database: hoaiduclequoc@gmail.com | DB Role: 2 | Mapped Authority: ROLE_ADMIN
Sun Jul 05 13:53:17 ICT 2026 - Authentication set in SecurityContext for user: hoaiduclequoc@gmail.com
Sun Jul 05 13:53:17 ICT 2026 - === doFilterInternal END ===
Sun Jul 05 13:53:22 ICT 2026 - === doFilterInternal START ===
Sun Jul 05 13:53:22 ICT 2026 - Request URI: /api/chat/unread-count/b1f3d0f5-efee-46fa-9fdd-4ab81d4bd466
Sun Jul 05 13:53:22 ICT 2026 - === doFilterInternal START ===
Sun Jul 05 13:53:22 ICT 2026 - Request URI: /api/auth/login
Sun Jul 05 13:53:22 ICT 2026 - Token found. Length: 1374
Sun Jul 05 13:53:22 ICT 2026 - Token found. Length: 1374
Sun Jul 05 13:53:22 ICT 2026 - Token validated successfully. Subject: b1f3d0f5-efee-46fa-9fdd-4ab81d4bd466
Sun Jul 05 13:53:22 ICT 2026 - Token validated successfully. Subject: b1f3d0f5-efee-46fa-9fdd-4ab81d4bd466
Sun Jul 05 13:53:22 ICT 2026 - === doFilterInternal START ===
Sun Jul 05 13:53:22 ICT 2026 - Request URI: /api/streaks/b1f3d0f5-efee-46fa-9fdd-4ab81d4bd466
Sun Jul 05 13:53:22 ICT 2026 - Token found. Length: 1374
Sun Jul 05 13:53:22 ICT 2026 - Token validated successfully. Subject: b1f3d0f5-efee-46fa-9fdd-4ab81d4bd466
Sun Jul 05 13:53:22 ICT 2026 - User found in database: hoaiduclequoc@gmail.com | DB Role: 2 | Mapped Authority: ROLE_ADMIN
Sun Jul 05 13:53:22 ICT 2026 - Authentication set in SecurityContext for user: hoaiduclequoc@gmail.com
Sun Jul 05 13:53:22 ICT 2026 - === doFilterInternal END ===
Sun Jul 05 13:53:22 ICT 2026 - User found in database: hoaiduclequoc@gmail.com | DB Role: 2 | Mapped Authority: ROLE_ADMIN
Sun Jul 05 13:53:22 ICT 2026 - Authentication set in SecurityContext for user: hoaiduclequoc@gmail.com
Sun Jul 05 13:53:22 ICT 2026 - === doFilterInternal END ===
Sun Jul 05 13:53:22 ICT 2026 - User found in database: hoaiduclequoc@gmail.com | DB Role: 2 | Mapped Authority: ROLE_ADMIN
Sun Jul 05 13:53:22 ICT 2026 - Authentication set in SecurityContext for user: hoaiduclequoc@gmail.com
Sun Jul 05 13:53:22 ICT 2026 - === doFilterInternal END ===
Sun Jul 05 13:53:23 ICT 2026 - === doFilterInternal START ===
Sun Jul 05 13:53:23 ICT 2026 - Request URI: /api/classes/user/b1f3d0f5-efee-46fa-9fdd-4ab81d4bd466
Sun Jul 05 13:53:23 ICT 2026 - Token found. Length: 1374
Sun Jul 05 13:53:23 ICT 2026 - Token validated successfully. Subject: b1f3d0f5-efee-46fa-9fdd-4ab81d4bd466
Sun Jul 05 13:53:23 ICT 2026 - User found in database: hoaiduclequoc@gmail.com | DB Role: 2 | Mapped Authority: ROLE_ADMIN
Sun Jul 05 13:53:23 ICT 2026 - Authentication set in SecurityContext for user: hoaiduclequoc@gmail.com
Sun Jul 05 13:53:23 ICT 2026 - === doFilterInternal END ===
Sun Jul 05 13:53:32 ICT 2026 - === doFilterInternal START ===
Sun Jul 05 13:53:32 ICT 2026 - Request URI: /api/streaks/b1f3d0f5-efee-46fa-9fdd-4ab81d4bd466/update
Sun Jul 05 13:53:32 ICT 2026 - === doFilterInternal START ===
Sun Jul 05 13:53:32 ICT 2026 - Request URI: /api/chat/unread-count/b1f3d0f5-efee-46fa-9fdd-4ab81d4bd466
Sun Jul 05 13:53:32 ICT 2026 - Token found. Length: 1374
Sun Jul 05 13:53:32 ICT 2026 - Token found. Length: 1374
Sun Jul 05 13:53:32 ICT 2026 - Token validated successfully. Subject: b1f3d0f5-efee-46fa-9fdd-4ab81d4bd466
Sun Jul 05 13:53:32 ICT 2026 - Token validated successfully. Subject: b1f3d0f5-efee-46fa-9fdd-4ab81d4bd466
Sun Jul 05 13:53:32 ICT 2026 - User found in database: hoaiduclequoc@gmail.com | DB Role: 2 | Mapped Authority: ROLE_ADMIN
Sun Jul 05 13:53:32 ICT 2026 - User found in database: hoaiduclequoc@gmail.com | DB Role: 2 | Mapped Authority: ROLE_ADMIN
Sun Jul 05 13:53:32 ICT 2026 - Authentication set in SecurityContext for user: hoaiduclequoc@gmail.com
Sun Jul 05 13:53:32 ICT 2026 - === doFilterInternal END ===
Sun Jul 05 13:53:32 ICT 2026 - Authentication set in SecurityContext for user: hoaiduclequoc@gmail.com
Sun Jul 05 13:53:32 ICT 2026 - === doFilterInternal END ===
Sun Jul 05 13:53:42 ICT 2026 - === doFilterInternal START ===
Sun Jul 05 13:53:42 ICT 2026 - Request URI: /api/chat/unread-count/b1f3d0f5-efee-46fa-9fdd-4ab81d4bd466
Sun Jul 05 13:53:42 ICT 2026 - Token found. Length: 1374
Sun Jul 05 13:53:42 ICT 2026 - Token validated successfully. Subject: b1f3d0f5-efee-46fa-9fdd-4ab81d4bd466
Sun Jul 05 13:53:42 ICT 2026 - User found in database: hoaiduclequoc@gmail.com | DB Role: 2 | Mapped Authority: ROLE_ADMIN
Sun Jul 05 13:53:42 ICT 2026 - Authentication set in SecurityContext for user: hoaiduclequoc@gmail.com
Sun Jul 05 13:53:42 ICT 2026 - === doFilterInternal END ===
Sun Jul 05 13:53:53 ICT 2026 - === doFilterInternal START ===
Sun Jul 05 13:53:53 ICT 2026 - Request URI: /api/chat/unread-count/b1f3d0f5-efee-46fa-9fdd-4ab81d4bd466
Sun Jul 05 13:53:53 ICT 2026 - Token found. Length: 1374
Sun Jul 05 13:53:53 ICT 2026 - Token validated successfully. Subject: b1f3d0f5-efee-46fa-9fdd-4ab81d4bd466
Sun Jul 05 13:53:53 ICT 2026 - User found in database: hoaiduclequoc@gmail.com | DB Role: 2 | Mapped Authority: ROLE_ADMIN
Sun Jul 05 13:53:53 ICT 2026 - Authentication set in SecurityContext for user: hoaiduclequoc@gmail.com
Sun Jul 05 13:53:53 ICT 2026 - === doFilterInternal END ===
Sun Jul 05 13:54:45 ICT 2026 - === doFilterInternal START ===
Sun Jul 05 13:54:45 ICT 2026 - === doFilterInternal START ===
Sun Jul 05 13:54:45 ICT 2026 - Request URI: /api/auth/login
Sun Jul 05 13:54:45 ICT 2026 - === doFilterInternal START ===
Sun Jul 05 13:54:45 ICT 2026 - Request URI: /api/chat/unread-count/b1f3d0f5-efee-46fa-9fdd-4ab81d4bd466
Sun Jul 05 13:54:45 ICT 2026 - === doFilterInternal START ===
Sun Jul 05 13:54:45 ICT 2026 - Request URI: /api/streaks/b1f3d0f5-efee-46fa-9fdd-4ab81d4bd466/update
Sun Jul 05 13:54:45 ICT 2026 - Token found. Length: 1374
Sun Jul 05 13:54:45 ICT 2026 - Token found. Length: 1374
Sun Jul 05 13:54:45 ICT 2026 - Request URI: /api/streaks/b1f3d0f5-efee-46fa-9fdd-4ab81d4bd466
Sun Jul 05 13:54:45 ICT 2026 - Token found. Length: 1374
Sun Jul 05 13:54:45 ICT 2026 - Token found. Length: 1374
Sun Jul 05 13:54:46 ICT 2026 - Token validated successfully. Subject: b1f3d0f5-efee-46fa-9fdd-4ab81d4bd466
Sun Jul 05 13:54:46 ICT 2026 - Token validated successfully. Subject: b1f3d0f5-efee-46fa-9fdd-4ab81d4bd466
Sun Jul 05 13:54:46 ICT 2026 - Token validated successfully. Subject: b1f3d0f5-efee-46fa-9fdd-4ab81d4bd466
Sun Jul 05 13:54:46 ICT 2026 - Token validated successfully. Subject: b1f3d0f5-efee-46fa-9fdd-4ab81d4bd466
Sun Jul 05 13:54:46 ICT 2026 - User found in database: hoaiduclequoc@gmail.com | DB Role: 2 | Mapped Authority: ROLE_ADMIN
Sun Jul 05 13:54:46 ICT 2026 - User found in database: hoaiduclequoc@gmail.com | DB Role: 2 | Mapped Authority: ROLE_ADMIN
Sun Jul 05 13:54:46 ICT 2026 - User found in database: hoaiduclequoc@gmail.com | DB Role: 2 | Mapped Authority: ROLE_ADMIN
Sun Jul 05 13:54:46 ICT 2026 - User found in database: hoaiduclequoc@gmail.com | DB Role: 2 | Mapped Authority: ROLE_ADMIN
Sun Jul 05 13:54:46 ICT 2026 - Authentication set in SecurityContext for user: hoaiduclequoc@gmail.com
Sun Jul 05 13:54:46 ICT 2026 - === doFilterInternal END ===
Sun Jul 05 13:54:46 ICT 2026 - Authentication set in SecurityContext for user: hoaiduclequoc@gmail.com
Sun Jul 05 13:54:46 ICT 2026 - === doFilterInternal END ===
Sun Jul 05 13:54:46 ICT 2026 - Authentication set in SecurityContext for user: hoaiduclequoc@gmail.com
Sun Jul 05 13:54:46 ICT 2026 - === doFilterInternal END ===
Sun Jul 05 13:54:46 ICT 2026 - Authentication set in SecurityContext for user: hoaiduclequoc@gmail.com
Sun Jul 05 13:54:46 ICT 2026 - === doFilterInternal END ===
Sun Jul 05 13:54:46 ICT 2026 - === doFilterInternal START ===
Sun Jul 05 13:54:46 ICT 2026 - Request URI: /api/chat/unread-count/b1f3d0f5-efee-46fa-9fdd-4ab81d4bd466
Sun Jul 05 13:54:46 ICT 2026 - Token found. Length: 1374
Sun Jul 05 13:54:46 ICT 2026 - Token validated successfully. Subject: b1f3d0f5-efee-46fa-9fdd-4ab81d4bd466
Sun Jul 05 13:54:46 ICT 2026 - User found in database: hoaiduclequoc@gmail.com | DB Role: 2 | Mapped Authority: ROLE_ADMIN
Sun Jul 05 13:54:46 ICT 2026 - Authentication set in SecurityContext for user: hoaiduclequoc@gmail.com
Sun Jul 05 13:54:46 ICT 2026 - === doFilterInternal END ===
Sun Jul 05 13:54:46 ICT 2026 - === doFilterInternal START ===
Sun Jul 05 13:54:46 ICT 2026 - Request URI: /api/classes/user/b1f3d0f5-efee-46fa-9fdd-4ab81d4bd466
Sun Jul 05 13:54:46 ICT 2026 - Token found. Length: 1374
Sun Jul 05 13:54:46 ICT 2026 - Token validated successfully. Subject: b1f3d0f5-efee-46fa-9fdd-4ab81d4bd466
Sun Jul 05 13:54:46 ICT 2026 - User found in database: hoaiduclequoc@gmail.com | DB Role: 2 | Mapped Authority: ROLE_ADMIN
Sun Jul 05 13:54:46 ICT 2026 - Authentication set in SecurityContext for user: hoaiduclequoc@gmail.com
Sun Jul 05 13:54:46 ICT 2026 - === doFilterInternal END ===
Sun Jul 05 13:54:52 ICT 2026 - === doFilterInternal START ===
Sun Jul 05 13:54:52 ICT 2026 - Request URI: /api/chat/unread-count/b1f3d0f5-efee-46fa-9fdd-4ab81d4bd466
Sun Jul 05 13:54:52 ICT 2026 - === doFilterInternal START ===
Sun Jul 05 13:54:52 ICT 2026 - Request URI: /api/auth/login
Sun Jul 05 13:54:52 ICT 2026 - Token found. Length: 1374
Sun Jul 05 13:54:52 ICT 2026 - Token found. Length: 1374
Sun Jul 05 13:54:52 ICT 2026 - Token validated successfully. Subject: b1f3d0f5-efee-46fa-9fdd-4ab81d4bd466
Sun Jul 05 13:54:52 ICT 2026 - Token validated successfully. Subject: b1f3d0f5-efee-46fa-9fdd-4ab81d4bd466
Sun Jul 05 13:54:52 ICT 2026 - === doFilterInternal START ===
Sun Jul 05 13:54:52 ICT 2026 - Request URI: /api/streaks/b1f3d0f5-efee-46fa-9fdd-4ab81d4bd466
Sun Jul 05 13:54:52 ICT 2026 - Token found. Length: 1374
Sun Jul 05 13:54:52 ICT 2026 - Token validated successfully. Subject: b1f3d0f5-efee-46fa-9fdd-4ab81d4bd466
Sun Jul 05 13:54:52 ICT 2026 - User found in database: hoaiduclequoc@gmail.com | DB Role: 2 | Mapped Authority: ROLE_ADMIN
Sun Jul 05 13:54:52 ICT 2026 - Authentication set in SecurityContext for user: hoaiduclequoc@gmail.com
Sun Jul 05 13:54:52 ICT 2026 - === doFilterInternal END ===
Sun Jul 05 13:54:52 ICT 2026 - User found in database: hoaiduclequoc@gmail.com | DB Role: 2 | Mapped Authority: ROLE_ADMIN
Sun Jul 05 13:54:52 ICT 2026 - Authentication set in SecurityContext for user: hoaiduclequoc@gmail.com
Sun Jul 05 13:54:52 ICT 2026 - === doFilterInternal END ===
Sun Jul 05 13:54:52 ICT 2026 - User found in database: hoaiduclequoc@gmail.com | DB Role: 2 | Mapped Authority: ROLE_ADMIN
Sun Jul 05 13:54:52 ICT 2026 - Authentication set in SecurityContext for user: hoaiduclequoc@gmail.com
Sun Jul 05 13:54:52 ICT 2026 - === doFilterInternal END ===
Sun Jul 05 13:54:52 ICT 2026 - === doFilterInternal START ===
Sun Jul 05 13:54:52 ICT 2026 - Request URI: /api/classes/user/b1f3d0f5-efee-46fa-9fdd-4ab81d4bd466
Sun Jul 05 13:54:52 ICT 2026 - Token found. Length: 1374
Sun Jul 05 13:54:52 ICT 2026 - Token validated successfully. Subject: b1f3d0f5-efee-46fa-9fdd-4ab81d4bd466
Sun Jul 05 13:54:52 ICT 2026 - User found in database: hoaiduclequoc@gmail.com | DB Role: 2 | Mapped Authority: ROLE_ADMIN
Sun Jul 05 13:54:52 ICT 2026 - Authentication set in SecurityContext for user: hoaiduclequoc@gmail.com
Sun Jul 05 13:54:52 ICT 2026 - === doFilterInternal END ===
Sun Jul 05 13:54:54 ICT 2026 - === doFilterInternal START ===
Sun Jul 05 13:54:54 ICT 2026 - Request URI: /api/streaks/b1f3d0f5-efee-46fa-9fdd-4ab81d4bd466/update
Sun Jul 05 13:54:54 ICT 2026 - Token found. Length: 1374
Sun Jul 05 13:54:54 ICT 2026 - Token validated successfully. Subject: b1f3d0f5-efee-46fa-9fdd-4ab81d4bd466
Sun Jul 05 13:54:54 ICT 2026 - User found in database: hoaiduclequoc@gmail.com | DB Role: 2 | Mapped Authority: ROLE_ADMIN
Sun Jul 05 13:54:54 ICT 2026 - Authentication set in SecurityContext for user: hoaiduclequoc@gmail.com
Sun Jul 05 13:54:54 ICT 2026 - === doFilterInternal END ===
Sun Jul 05 13:54:55 ICT 2026 - === doFilterInternal START ===
Sun Jul 05 13:54:55 ICT 2026 - Request URI: /api/chat/unread-count/b1f3d0f5-efee-46fa-9fdd-4ab81d4bd466
Sun Jul 05 13:54:55 ICT 2026 - === doFilterInternal START ===
Sun Jul 05 13:54:55 ICT 2026 - Request URI: /api/auth/login
Sun Jul 05 13:54:55 ICT 2026 - Token found. Length: 1374
Sun Jul 05 13:54:55 ICT 2026 - Token found. Length: 1374
Sun Jul 05 13:54:55 ICT 2026 - Token validated successfully. Subject: b1f3d0f5-efee-46fa-9fdd-4ab81d4bd466
Sun Jul 05 13:54:55 ICT 2026 - Token validated successfully. Subject: b1f3d0f5-efee-46fa-9fdd-4ab81d4bd466
Sun Jul 05 13:54:55 ICT 2026 - === doFilterInternal START ===
Sun Jul 05 13:54:55 ICT 2026 - Request URI: /api/auth/login
Sun Jul 05 13:54:55 ICT 2026 - Token found. Length: 1374
Sun Jul 05 13:54:55 ICT 2026 - === doFilterInternal START ===
Sun Jul 05 13:54:55 ICT 2026 - Request URI: /api/streaks/b1f3d0f5-efee-46fa-9fdd-4ab81d4bd466
Sun Jul 05 13:54:55 ICT 2026 - Token found. Length: 1374
Sun Jul 05 13:54:55 ICT 2026 - Token validated successfully. Subject: b1f3d0f5-efee-46fa-9fdd-4ab81d4bd466
Sun Jul 05 13:54:55 ICT 2026 - Token validated successfully. Subject: b1f3d0f5-efee-46fa-9fdd-4ab81d4bd466
Sun Jul 05 13:54:55 ICT 2026 - === doFilterInternal START ===
Sun Jul 05 13:54:55 ICT 2026 - Request URI: /api/quiz-attempts/user/b1f3d0f5-efee-46fa-9fdd-4ab81d4bd466
Sun Jul 05 13:54:55 ICT 2026 - === doFilterInternal START ===
Sun Jul 05 13:54:55 ICT 2026 - Request URI: /api/submissions/user/b1f3d0f5-efee-46fa-9fdd-4ab81d4bd466
Sun Jul 05 13:54:55 ICT 2026 - Token found. Length: 1374
Sun Jul 05 13:54:55 ICT 2026 - Token found. Length: 1374
Sun Jul 05 13:54:55 ICT 2026 - Token validated successfully. Subject: b1f3d0f5-efee-46fa-9fdd-4ab81d4bd466
Sun Jul 05 13:54:55 ICT 2026 - Token validated successfully. Subject: b1f3d0f5-efee-46fa-9fdd-4ab81d4bd466
Sun Jul 05 13:54:55 ICT 2026 - User found in database: hoaiduclequoc@gmail.com | DB Role: 2 | Mapped Authority: ROLE_ADMIN
Sun Jul 05 13:54:55 ICT 2026 - User found in database: hoaiduclequoc@gmail.com | DB Role: 2 | Mapped Authority: ROLE_ADMIN
Sun Jul 05 13:54:55 ICT 2026 - User found in database: hoaiduclequoc@gmail.com | DB Role: 2 | Mapped Authority: ROLE_ADMIN
Sun Jul 05 13:54:55 ICT 2026 - Authentication set in SecurityContext for user: hoaiduclequoc@gmail.com
Sun Jul 05 13:54:55 ICT 2026 - === doFilterInternal END ===
Sun Jul 05 13:54:55 ICT 2026 - User found in database: hoaiduclequoc@gmail.com | DB Role: 2 | Mapped Authority: ROLE_ADMIN
Sun Jul 05 13:54:55 ICT 2026 - Authentication set in SecurityContext for user: hoaiduclequoc@gmail.com
Sun Jul 05 13:54:55 ICT 2026 - === doFilterInternal END ===
Sun Jul 05 13:54:55 ICT 2026 - Authentication set in SecurityContext for user: hoaiduclequoc@gmail.com
Sun Jul 05 13:54:55 ICT 2026 - === doFilterInternal END ===
Sun Jul 05 13:54:55 ICT 2026 - User found in database: hoaiduclequoc@gmail.com | DB Role: 2 | Mapped Authority: ROLE_ADMIN
Sun Jul 05 13:54:55 ICT 2026 - Authentication set in SecurityContext for user: hoaiduclequoc@gmail.com
Sun Jul 05 13:54:55 ICT 2026 - === doFilterInternal END ===
Sun Jul 05 13:54:55 ICT 2026 - User found in database: hoaiduclequoc@gmail.com | DB Role: 2 | Mapped Authority: ROLE_ADMIN
Sun Jul 05 13:54:55 ICT 2026 - Authentication set in SecurityContext for user: hoaiduclequoc@gmail.com
Sun Jul 05 13:54:55 ICT 2026 - === doFilterInternal END ===
Sun Jul 05 13:54:55 ICT 2026 - Authentication set in SecurityContext for user: hoaiduclequoc@gmail.com
Sun Jul 05 13:54:55 ICT 2026 - === doFilterInternal END ===
Sun Jul 05 13:54:56 ICT 2026 - === doFilterInternal START ===
Sun Jul 05 13:54:56 ICT 2026 - Request URI: /api/auth/login
Sun Jul 05 13:54:56 ICT 2026 - Token found. Length: 1374
Sun Jul 05 13:54:56 ICT 2026 - Token validated successfully. Subject: b1f3d0f5-efee-46fa-9fdd-4ab81d4bd466
Sun Jul 05 13:54:56 ICT 2026 - === doFilterInternal START ===
Sun Jul 05 13:54:56 ICT 2026 - Request URI: /api/auth/login
Sun Jul 05 13:54:56 ICT 2026 - Token found. Length: 1374
Sun Jul 05 13:54:56 ICT 2026 - Token validated successfully. Subject: b1f3d0f5-efee-46fa-9fdd-4ab81d4bd466
Sun Jul 05 13:54:56 ICT 2026 - === doFilterInternal START ===
Sun Jul 05 13:54:56 ICT 2026 - Request URI: /api/submissions/user/b1f3d0f5-efee-46fa-9fdd-4ab81d4bd466
Sun Jul 05 13:54:56 ICT 2026 - Token found. Length: 1374
Sun Jul 05 13:54:56 ICT 2026 - === doFilterInternal START ===
Sun Jul 05 13:54:56 ICT 2026 - Request URI: /api/chat/unread-count/b1f3d0f5-efee-46fa-9fdd-4ab81d4bd466
Sun Jul 05 13:54:56 ICT 2026 - Token validated successfully. Subject: b1f3d0f5-efee-46fa-9fdd-4ab81d4bd466
Sun Jul 05 13:54:56 ICT 2026 - Token found. Length: 1374
Sun Jul 05 13:54:56 ICT 2026 - Token validated successfully. Subject: b1f3d0f5-efee-46fa-9fdd-4ab81d4bd466
Sun Jul 05 13:54:56 ICT 2026 - === doFilterInternal START ===
Sun Jul 05 13:54:56 ICT 2026 - Request URI: /api/streaks/b1f3d0f5-efee-46fa-9fdd-4ab81d4bd466
Sun Jul 05 13:54:56 ICT 2026 - Token found. Length: 1374
Sun Jul 05 13:54:56 ICT 2026 - Token validated successfully. Subject: b1f3d0f5-efee-46fa-9fdd-4ab81d4bd466
Sun Jul 05 13:54:56 ICT 2026 - === doFilterInternal START ===
Sun Jul 05 13:54:56 ICT 2026 - Request URI: /api/classes/user/b1f3d0f5-efee-46fa-9fdd-4ab81d4bd466
Sun Jul 05 13:54:56 ICT 2026 - Token found. Length: 1374
Sun Jul 05 13:54:56 ICT 2026 - User found in database: hoaiduclequoc@gmail.com | DB Role: 2 | Mapped Authority: ROLE_ADMIN
Sun Jul 05 13:54:56 ICT 2026 - Token validated successfully. Subject: b1f3d0f5-efee-46fa-9fdd-4ab81d4bd466
Sun Jul 05 13:54:56 ICT 2026 - Authentication set in SecurityContext for user: hoaiduclequoc@gmail.com
Sun Jul 05 13:54:56 ICT 2026 - === doFilterInternal END ===
Sun Jul 05 13:54:56 ICT 2026 - User found in database: hoaiduclequoc@gmail.com | DB Role: 2 | Mapped Authority: ROLE_ADMIN
Sun Jul 05 13:54:56 ICT 2026 - Authentication set in SecurityContext for user: hoaiduclequoc@gmail.com
Sun Jul 05 13:54:56 ICT 2026 - === doFilterInternal END ===
Sun Jul 05 13:54:56 ICT 2026 - User found in database: hoaiduclequoc@gmail.com | DB Role: 2 | Mapped Authority: ROLE_ADMIN
Sun Jul 05 13:54:56 ICT 2026 - User found in database: hoaiduclequoc@gmail.com | DB Role: 2 | Mapped Authority: ROLE_ADMIN
Sun Jul 05 13:54:56 ICT 2026 - Authentication set in SecurityContext for user: hoaiduclequoc@gmail.com
Sun Jul 05 13:54:56 ICT 2026 - === doFilterInternal END ===
Sun Jul 05 13:54:56 ICT 2026 - Authentication set in SecurityContext for user: hoaiduclequoc@gmail.com
Sun Jul 05 13:54:56 ICT 2026 - === doFilterInternal END ===
Sun Jul 05 13:54:56 ICT 2026 - User found in database: hoaiduclequoc@gmail.com | DB Role: 2 | Mapped Authority: ROLE_ADMIN
Sun Jul 05 13:54:56 ICT 2026 - Authentication set in SecurityContext for user: hoaiduclequoc@gmail.com
Sun Jul 05 13:54:56 ICT 2026 - === doFilterInternal END ===
Sun Jul 05 13:54:56 ICT 2026 - User found in database: hoaiduclequoc@gmail.com | DB Role: 2 | Mapped Authority: ROLE_ADMIN
Sun Jul 05 13:54:56 ICT 2026 - Authentication set in SecurityContext for user: hoaiduclequoc@gmail.com
Sun Jul 05 13:54:56 ICT 2026 - === doFilterInternal END ===
Sun Jul 05 13:54:56 ICT 2026 - === doFilterInternal START ===
Sun Jul 05 13:54:56 ICT 2026 - Request URI: /api/quiz-attempts/user/b1f3d0f5-efee-46fa-9fdd-4ab81d4bd466
Sun Jul 05 13:54:56 ICT 2026 - Token found. Length: 1374
Sun Jul 05 13:54:56 ICT 2026 - Token validated successfully. Subject: b1f3d0f5-efee-46fa-9fdd-4ab81d4bd466
Sun Jul 05 13:54:56 ICT 2026 - === doFilterInternal START ===
Sun Jul 05 13:54:56 ICT 2026 - Request URI: /api/admin/stats
Sun Jul 05 13:54:56 ICT 2026 - === doFilterInternal START ===
Sun Jul 05 13:54:56 ICT 2026 - Request URI: /api/admin/posts
Sun Jul 05 13:54:56 ICT 2026 - Token found. Length: 1374
Sun Jul 05 13:54:56 ICT 2026 - Token found. Length: 1374
Sun Jul 05 13:54:56 ICT 2026 - Token validated successfully. Subject: b1f3d0f5-efee-46fa-9fdd-4ab81d4bd466
Sun Jul 05 13:54:56 ICT 2026 - Token validated successfully. Subject: b1f3d0f5-efee-46fa-9fdd-4ab81d4bd466
Sun Jul 05 13:54:56 ICT 2026 - === doFilterInternal START ===
Sun Jul 05 13:54:56 ICT 2026 - Request URI: /api/admin/comments
Sun Jul 05 13:54:56 ICT 2026 - Token found. Length: 1374
Sun Jul 05 13:54:56 ICT 2026 - User found in database: hoaiduclequoc@gmail.com | DB Role: 2 | Mapped Authority: ROLE_ADMIN
Sun Jul 05 13:54:56 ICT 2026 - Authentication set in SecurityContext for user: hoaiduclequoc@gmail.com
Sun Jul 05 13:54:56 ICT 2026 - === doFilterInternal END ===
Sun Jul 05 13:54:56 ICT 2026 - Token validated successfully. Subject: b1f3d0f5-efee-46fa-9fdd-4ab81d4bd466
Sun Jul 05 13:54:56 ICT 2026 - === doFilterInternal START ===
Sun Jul 05 13:54:56 ICT 2026 - Request URI: /api/admin/classes
Sun Jul 05 13:54:56 ICT 2026 - Token found. Length: 1374
Sun Jul 05 13:54:56 ICT 2026 - Token validated successfully. Subject: b1f3d0f5-efee-46fa-9fdd-4ab81d4bd466
Sun Jul 05 13:54:56 ICT 2026 - === doFilterInternal START ===
Sun Jul 05 13:54:56 ICT 2026 - Request URI: /api/admin/users
Sun Jul 05 13:54:56 ICT 2026 - Token found. Length: 1374
Sun Jul 05 13:54:56 ICT 2026 - User found in database: hoaiduclequoc@gmail.com | DB Role: 2 | Mapped Authority: ROLE_ADMIN
Sun Jul 05 13:54:56 ICT 2026 - User found in database: hoaiduclequoc@gmail.com | DB Role: 2 | Mapped Authority: ROLE_ADMIN
Sun Jul 05 13:54:56 ICT 2026 - Authentication set in SecurityContext for user: hoaiduclequoc@gmail.com
Sun Jul 05 13:54:56 ICT 2026 - === doFilterInternal END ===
Sun Jul 05 13:54:56 ICT 2026 - Authentication set in SecurityContext for user: hoaiduclequoc@gmail.com
Sun Jul 05 13:54:56 ICT 2026 - === doFilterInternal END ===
Sun Jul 05 13:54:56 ICT 2026 - Token validated successfully. Subject: b1f3d0f5-efee-46fa-9fdd-4ab81d4bd466
Sun Jul 05 13:54:56 ICT 2026 - User found in database: hoaiduclequoc@gmail.com | DB Role: 2 | Mapped Authority: ROLE_ADMIN
Sun Jul 05 13:54:56 ICT 2026 - Authentication set in SecurityContext for user: hoaiduclequoc@gmail.com
Sun Jul 05 13:54:56 ICT 2026 - === doFilterInternal END ===
Sun Jul 05 13:54:56 ICT 2026 - User found in database: hoaiduclequoc@gmail.com | DB Role: 2 | Mapped Authority: ROLE_ADMIN
Sun Jul 05 13:54:56 ICT 2026 - Authentication set in SecurityContext for user: hoaiduclequoc@gmail.com
Sun Jul 05 13:54:56 ICT 2026 - === doFilterInternal END ===
Sun Jul 05 13:54:56 ICT 2026 - User found in database: hoaiduclequoc@gmail.com | DB Role: 2 | Mapped Authority: ROLE_ADMIN
Sun Jul 05 13:54:56 ICT 2026 - Authentication set in SecurityContext for user: hoaiduclequoc@gmail.com
Sun Jul 05 13:54:56 ICT 2026 - === doFilterInternal END ===
Sun Jul 05 13:54:56 ICT 2026 - === doFilterInternal START ===
Sun Jul 05 13:54:56 ICT 2026 - Request URI: /api/submissions/user/b1f3d0f5-efee-46fa-9fdd-4ab81d4bd466
Sun Jul 05 13:54:56 ICT 2026 - Token found. Length: 1374
Sun Jul 05 13:54:56 ICT 2026 - Token validated successfully. Subject: b1f3d0f5-efee-46fa-9fdd-4ab81d4bd466
Sun Jul 05 13:54:56 ICT 2026 - === doFilterInternal START ===
Sun Jul 05 13:54:56 ICT 2026 - Request URI: /api/chat/unread-count/b1f3d0f5-efee-46fa-9fdd-4ab81d4bd466
Sun Jul 05 13:54:56 ICT 2026 - Token found. Length: 1374
Sun Jul 05 13:54:56 ICT 2026 - Token validated successfully. Subject: b1f3d0f5-efee-46fa-9fdd-4ab81d4bd466
Sun Jul 05 13:54:56 ICT 2026 - User found in database: hoaiduclequoc@gmail.com | DB Role: 2 | Mapped Authority: ROLE_ADMIN
Sun Jul 05 13:54:56 ICT 2026 - Authentication set in SecurityContext for user: hoaiduclequoc@gmail.com
Sun Jul 05 13:54:56 ICT 2026 - === doFilterInternal END ===
Sun Jul 05 13:54:56 ICT 2026 - === doFilterInternal START ===
Sun Jul 05 13:54:56 ICT 2026 - Request URI: /api/streaks/b1f3d0f5-efee-46fa-9fdd-4ab81d4bd466
Sun Jul 05 13:54:56 ICT 2026 - Token found. Length: 1374
Sun Jul 05 13:54:56 ICT 2026 - Token validated successfully. Subject: b1f3d0f5-efee-46fa-9fdd-4ab81d4bd466
Sun Jul 05 13:54:56 ICT 2026 - User found in database: hoaiduclequoc@gmail.com | DB Role: 2 | Mapped Authority: ROLE_ADMIN
Sun Jul 05 13:54:56 ICT 2026 - Authentication set in SecurityContext for user: hoaiduclequoc@gmail.com
Sun Jul 05 13:54:56 ICT 2026 - === doFilterInternal END ===
Sun Jul 05 13:54:56 ICT 2026 - === doFilterInternal START ===
Sun Jul 05 13:54:56 ICT 2026 - Request URI: /api/classes/user/b1f3d0f5-efee-46fa-9fdd-4ab81d4bd466
Sun Jul 05 13:54:56 ICT 2026 - Token found. Length: 1374
Sun Jul 05 13:54:56 ICT 2026 - Token validated successfully. Subject: b1f3d0f5-efee-46fa-9fdd-4ab81d4bd466
Sun Jul 05 13:54:56 ICT 2026 - User found in database: hoaiduclequoc@gmail.com | DB Role: 2 | Mapped Authority: ROLE_ADMIN
Sun Jul 05 13:54:56 ICT 2026 - Authentication set in SecurityContext for user: hoaiduclequoc@gmail.com
Sun Jul 05 13:54:56 ICT 2026 - === doFilterInternal END ===
Sun Jul 05 13:54:56 ICT 2026 - === doFilterInternal START ===
Sun Jul 05 13:54:56 ICT 2026 - Request URI: /api/quiz-attempts/user/b1f3d0f5-efee-46fa-9fdd-4ab81d4bd466
Sun Jul 05 13:54:56 ICT 2026 - Token found. Length: 1374
Sun Jul 05 13:54:56 ICT 2026 - Token validated successfully. Subject: b1f3d0f5-efee-46fa-9fdd-4ab81d4bd466
Sun Jul 05 13:54:56 ICT 2026 - User found in database: hoaiduclequoc@gmail.com | DB Role: 2 | Mapped Authority: ROLE_ADMIN
Sun Jul 05 13:54:56 ICT 2026 - Authentication set in SecurityContext for user: hoaiduclequoc@gmail.com
Sun Jul 05 13:54:56 ICT 2026 - === doFilterInternal END ===
Sun Jul 05 13:54:56 ICT 2026 - === doFilterInternal START ===
Sun Jul 05 13:54:56 ICT 2026 - Request URI: /api/admin/users
Sun Jul 05 13:54:56 ICT 2026 - Token found. Length: 1374
Sun Jul 05 13:54:56 ICT 2026 - Token validated successfully. Subject: b1f3d0f5-efee-46fa-9fdd-4ab81d4bd466
Sun Jul 05 13:54:56 ICT 2026 - User found in database: hoaiduclequoc@gmail.com | DB Role: 2 | Mapped Authority: ROLE_ADMIN
Sun Jul 05 13:54:56 ICT 2026 - Authentication set in SecurityContext for user: hoaiduclequoc@gmail.com
Sun Jul 05 13:54:56 ICT 2026 - === doFilterInternal END ===
Sun Jul 05 13:54:57 ICT 2026 - User found in database: hoaiduclequoc@gmail.com | DB Role: 2 | Mapped Authority: ROLE_ADMIN
Sun Jul 05 13:54:57 ICT 2026 - Authentication set in SecurityContext for user: hoaiduclequoc@gmail.com
Sun Jul 05 13:54:57 ICT 2026 - === doFilterInternal END ===
Sun Jul 05 13:54:57 ICT 2026 - === doFilterInternal START ===
Sun Jul 05 13:54:57 ICT 2026 - Request URI: /api/admin/stats
Sun Jul 05 13:54:57 ICT 2026 - Token found. Length: 1374
Sun Jul 05 13:54:57 ICT 2026 - Token validated successfully. Subject: b1f3d0f5-efee-46fa-9fdd-4ab81d4bd466
Sun Jul 05 13:54:57 ICT 2026 - === doFilterInternal START ===
Sun Jul 05 13:54:57 ICT 2026 - Request URI: /api/submissions/user/b1f3d0f5-efee-46fa-9fdd-4ab81d4bd466
Sun Jul 05 13:54:57 ICT 2026 - Token found. Length: 1374
Sun Jul 05 13:54:57 ICT 2026 - Token validated successfully. Subject: b1f3d0f5-efee-46fa-9fdd-4ab81d4bd466
Sun Jul 05 13:54:57 ICT 2026 - === doFilterInternal START ===
Sun Jul 05 13:54:57 ICT 2026 - Request URI: /api/admin/comments
Sun Jul 05 13:54:57 ICT 2026 - Token found. Length: 1374
Sun Jul 05 13:54:57 ICT 2026 - Token validated successfully. Subject: b1f3d0f5-efee-46fa-9fdd-4ab81d4bd466
Sun Jul 05 13:54:57 ICT 2026 - === doFilterInternal START ===
Sun Jul 05 13:54:57 ICT 2026 - Request URI: /api/chat/unread-count/b1f3d0f5-efee-46fa-9fdd-4ab81d4bd466
Sun Jul 05 13:54:57 ICT 2026 - Token found. Length: 1374
Sun Jul 05 13:54:57 ICT 2026 - Token validated successfully. Subject: b1f3d0f5-efee-46fa-9fdd-4ab81d4bd466
Sun Jul 05 13:54:57 ICT 2026 - User found in database: hoaiduclequoc@gmail.com | DB Role: 2 | Mapped Authority: ROLE_ADMIN
Sun Jul 05 13:54:57 ICT 2026 - Authentication set in SecurityContext for user: hoaiduclequoc@gmail.com
Sun Jul 05 13:54:57 ICT 2026 - === doFilterInternal END ===
Sun Jul 05 13:54:57 ICT 2026 - === doFilterInternal START ===
Sun Jul 05 13:54:57 ICT 2026 - Request URI: /api/streaks/b1f3d0f5-efee-46fa-9fdd-4ab81d4bd466
Sun Jul 05 13:54:57 ICT 2026 - === doFilterInternal START ===
Sun Jul 05 13:54:57 ICT 2026 - Request URI: /api/admin/posts
Sun Jul 05 13:54:57 ICT 2026 - User found in database: hoaiduclequoc@gmail.com | DB Role: 2 | Mapped Authority: ROLE_ADMIN
Sun Jul 05 13:54:57 ICT 2026 - Token found. Length: 1374
Sun Jul 05 13:54:57 ICT 2026 - Authentication set in SecurityContext for user: hoaiduclequoc@gmail.com
Sun Jul 05 13:54:57 ICT 2026 - === doFilterInternal END ===
Sun Jul 05 13:54:57 ICT 2026 - Token found. Length: 1374
Sun Jul 05 13:54:57 ICT 2026 - Token validated successfully. Subject: b1f3d0f5-efee-46fa-9fdd-4ab81d4bd466
Sun Jul 05 13:54:57 ICT 2026 - Token validated successfully. Subject: b1f3d0f5-efee-46fa-9fdd-4ab81d4bd466
Sun Jul 05 13:54:57 ICT 2026 - User found in database: hoaiduclequoc@gmail.com | DB Role: 2 | Mapped Authority: ROLE_ADMIN
Sun Jul 05 13:54:57 ICT 2026 - Authentication set in SecurityContext for user: hoaiduclequoc@gmail.com
Sun Jul 05 13:54:57 ICT 2026 - === doFilterInternal END ===
Sun Jul 05 13:54:57 ICT 2026 - User found in database: hoaiduclequoc@gmail.com | DB Role: 2 | Mapped Authority: ROLE_ADMIN
Sun Jul 05 13:54:57 ICT 2026 - Authentication set in SecurityContext for user: hoaiduclequoc@gmail.com
Sun Jul 05 13:54:57 ICT 2026 - === doFilterInternal END ===
Sun Jul 05 13:55:38 ICT 2026 - === doFilterInternal START ===
Sun Jul 05 13:55:38 ICT 2026 - Request URI: /api/chat/unread-count/b1f3d0f5-efee-46fa-9fdd-4ab81d4bd466
Sun Jul 05 13:55:38 ICT 2026 - Token found. Length: 1374
Sun Jul 05 13:55:39 ICT 2026 - Token validated successfully. Subject: b1f3d0f5-efee-46fa-9fdd-4ab81d4bd466
Sun Jul 05 13:55:39 ICT 2026 - User found in database: hoaiduclequoc@gmail.com | DB Role: 2 | Mapped Authority: ROLE_ADMIN
Sun Jul 05 13:55:39 ICT 2026 - Authentication set in SecurityContext for user: hoaiduclequoc@gmail.com
Sun Jul 05 13:55:39 ICT 2026 - === doFilterInternal END ===
Sun Jul 05 13:55:47 ICT 2026 - === doFilterInternal START ===
Sun Jul 05 13:55:47 ICT 2026 - Request URI: /api/streaks/b1f3d0f5-efee-46fa-9fdd-4ab81d4bd466/update
Sun Jul 05 13:55:47 ICT 2026 - Token found. Length: 1374
Sun Jul 05 13:55:47 ICT 2026 - Token validated successfully. Subject: b1f3d0f5-efee-46fa-9fdd-4ab81d4bd466
Sun Jul 05 13:55:47 ICT 2026 - User found in database: hoaiduclequoc@gmail.com | DB Role: 2 | Mapped Authority: ROLE_ADMIN
Sun Jul 05 13:55:47 ICT 2026 - Authentication set in SecurityContext for user: hoaiduclequoc@gmail.com
Sun Jul 05 13:55:47 ICT 2026 - === doFilterInternal END ===
Sun Jul 05 13:55:48 ICT 2026 - === doFilterInternal START ===
Sun Jul 05 13:55:48 ICT 2026 - Request URI: /api/chat/unread-count/b1f3d0f5-efee-46fa-9fdd-4ab81d4bd466
Sun Jul 05 13:55:48 ICT 2026 - Token found. Length: 1374
Sun Jul 05 13:55:48 ICT 2026 - Token validated successfully. Subject: b1f3d0f5-efee-46fa-9fdd-4ab81d4bd466
Sun Jul 05 13:55:48 ICT 2026 - User found in database: hoaiduclequoc@gmail.com | DB Role: 2 | Mapped Authority: ROLE_ADMIN
Sun Jul 05 13:55:48 ICT 2026 - Authentication set in SecurityContext for user: hoaiduclequoc@gmail.com
Sun Jul 05 13:55:48 ICT 2026 - === doFilterInternal END ===
Sun Jul 05 13:55:58 ICT 2026 - === doFilterInternal START ===
Sun Jul 05 13:55:58 ICT 2026 - Request URI: /api/chat/unread-count/b1f3d0f5-efee-46fa-9fdd-4ab81d4bd466
Sun Jul 05 13:55:58 ICT 2026 - Token found. Length: 1374
Sun Jul 05 13:55:58 ICT 2026 - Token validated successfully. Subject: b1f3d0f5-efee-46fa-9fdd-4ab81d4bd466
Sun Jul 05 13:55:58 ICT 2026 - User found in database: hoaiduclequoc@gmail.com | DB Role: 2 | Mapped Authority: ROLE_ADMIN
Sun Jul 05 13:55:58 ICT 2026 - Authentication set in SecurityContext for user: hoaiduclequoc@gmail.com
Sun Jul 05 13:55:58 ICT 2026 - === doFilterInternal END ===
Sun Jul 05 13:56:02 ICT 2026 - === doFilterInternal START ===
Sun Jul 05 13:56:02 ICT 2026 - Request URI: /api/chat/unread-count/b1f3d0f5-efee-46fa-9fdd-4ab81d4bd466
Sun Jul 05 13:56:02 ICT 2026 - Token found. Length: 1374
Sun Jul 05 13:56:02 ICT 2026 - Token validated successfully. Subject: b1f3d0f5-efee-46fa-9fdd-4ab81d4bd466
Sun Jul 05 13:56:02 ICT 2026 - === doFilterInternal START ===
Sun Jul 05 13:56:02 ICT 2026 - Request URI: /api/auth/login
Sun Jul 05 13:56:02 ICT 2026 - Token found. Length: 1374
Sun Jul 05 13:56:02 ICT 2026 - Token validated successfully. Subject: b1f3d0f5-efee-46fa-9fdd-4ab81d4bd466
Sun Jul 05 13:56:02 ICT 2026 - === doFilterInternal START ===
Sun Jul 05 13:56:02 ICT 2026 - Request URI: /api/streaks/b1f3d0f5-efee-46fa-9fdd-4ab81d4bd466
Sun Jul 05 13:56:02 ICT 2026 - Token found. Length: 1374
Sun Jul 05 13:56:02 ICT 2026 - Token validated successfully. Subject: b1f3d0f5-efee-46fa-9fdd-4ab81d4bd466
Sun Jul 05 13:56:02 ICT 2026 - User found in database: hoaiduclequoc@gmail.com | DB Role: 2 | Mapped Authority: ROLE_ADMIN
Sun Jul 05 13:56:02 ICT 2026 - Authentication set in SecurityContext for user: hoaiduclequoc@gmail.com
Sun Jul 05 13:56:02 ICT 2026 - === doFilterInternal END ===
Sun Jul 05 13:56:02 ICT 2026 - User found in database: hoaiduclequoc@gmail.com | DB Role: 2 | Mapped Authority: ROLE_ADMIN
Sun Jul 05 13:56:02 ICT 2026 - Authentication set in SecurityContext for user: hoaiduclequoc@gmail.com
Sun Jul 05 13:56:02 ICT 2026 - === doFilterInternal END ===
Sun Jul 05 13:56:02 ICT 2026 - User found in database: hoaiduclequoc@gmail.com | DB Role: 2 | Mapped Authority: ROLE_ADMIN
Sun Jul 05 13:56:02 ICT 2026 - Authentication set in SecurityContext for user: hoaiduclequoc@gmail.com
Sun Jul 05 13:56:02 ICT 2026 - === doFilterInternal END ===
Sun Jul 05 13:56:03 ICT 2026 - === doFilterInternal START ===
Sun Jul 05 13:56:03 ICT 2026 - Request URI: /api/classes/user/b1f3d0f5-efee-46fa-9fdd-4ab81d4bd466
Sun Jul 05 13:56:03 ICT 2026 - Token found. Length: 1374
Sun Jul 05 13:56:03 ICT 2026 - Token validated successfully. Subject: b1f3d0f5-efee-46fa-9fdd-4ab81d4bd466
Sun Jul 05 13:56:03 ICT 2026 - User found in database: hoaiduclequoc@gmail.com | DB Role: 2 | Mapped Authority: ROLE_ADMIN
Sun Jul 05 13:56:03 ICT 2026 - Authentication set in SecurityContext for user: hoaiduclequoc@gmail.com
Sun Jul 05 13:56:03 ICT 2026 - === doFilterInternal END ===
Sun Jul 05 13:56:03 ICT 2026 - === doFilterInternal START ===
Sun Jul 05 13:56:03 ICT 2026 - Request URI: /api/auth/login
Sun Jul 05 13:56:03 ICT 2026 - Token found. Length: 1374
Sun Jul 05 13:56:03 ICT 2026 - === doFilterInternal START ===
Sun Jul 05 13:56:03 ICT 2026 - Request URI: /api/chat/unread-count/b1f3d0f5-efee-46fa-9fdd-4ab81d4bd466
Sun Jul 05 13:56:03 ICT 2026 - Token found. Length: 1374
Sun Jul 05 13:56:03 ICT 2026 - Token validated successfully. Subject: b1f3d0f5-efee-46fa-9fdd-4ab81d4bd466
Sun Jul 05 13:56:03 ICT 2026 - Token validated successfully. Subject: b1f3d0f5-efee-46fa-9fdd-4ab81d4bd466
Sun Jul 05 13:56:03 ICT 2026 - === doFilterInternal START ===
Sun Jul 05 13:56:03 ICT 2026 - Request URI: /api/auth/login
Sun Jul 05 13:56:03 ICT 2026 - Token found. Length: 1374
Sun Jul 05 13:56:03 ICT 2026 - === doFilterInternal START ===
Sun Jul 05 13:56:03 ICT 2026 - Request URI: /api/streaks/b1f3d0f5-efee-46fa-9fdd-4ab81d4bd466
Sun Jul 05 13:56:03 ICT 2026 - Token found. Length: 1374
Sun Jul 05 13:56:03 ICT 2026 - Token validated successfully. Subject: b1f3d0f5-efee-46fa-9fdd-4ab81d4bd466
Sun Jul 05 13:56:03 ICT 2026 - Token validated successfully. Subject: b1f3d0f5-efee-46fa-9fdd-4ab81d4bd466
Sun Jul 05 13:56:03 ICT 2026 - === doFilterInternal START ===
Sun Jul 05 13:56:03 ICT 2026 - Request URI: /api/submissions/user/b1f3d0f5-efee-46fa-9fdd-4ab81d4bd466
Sun Jul 05 13:56:03 ICT 2026 - Token found. Length: 1374
Sun Jul 05 13:56:03 ICT 2026 - === doFilterInternal START ===
Sun Jul 05 13:56:03 ICT 2026 - Request URI: /api/quiz-attempts/user/b1f3d0f5-efee-46fa-9fdd-4ab81d4bd466
Sun Jul 05 13:56:03 ICT 2026 - Token validated successfully. Subject: b1f3d0f5-efee-46fa-9fdd-4ab81d4bd466
Sun Jul 05 13:56:03 ICT 2026 - Token found. Length: 1374
Sun Jul 05 13:56:03 ICT 2026 - Token validated successfully. Subject: b1f3d0f5-efee-46fa-9fdd-4ab81d4bd466
Sun Jul 05 13:56:03 ICT 2026 - User found in database: hoaiduclequoc@gmail.com | DB Role: 2 | Mapped Authority: ROLE_ADMIN
Sun Jul 05 13:56:03 ICT 2026 - Authentication set in SecurityContext for user: hoaiduclequoc@gmail.com
Sun Jul 05 13:56:03 ICT 2026 - === doFilterInternal END ===
Sun Jul 05 13:56:03 ICT 2026 - User found in database: hoaiduclequoc@gmail.com | DB Role: 2 | Mapped Authority: ROLE_ADMIN
Sun Jul 05 13:56:03 ICT 2026 - User found in database: hoaiduclequoc@gmail.com | DB Role: 2 | Mapped Authority: ROLE_ADMIN
Sun Jul 05 13:56:03 ICT 2026 - Authentication set in SecurityContext for user: hoaiduclequoc@gmail.com
Sun Jul 05 13:56:03 ICT 2026 - === doFilterInternal END ===
Sun Jul 05 13:56:03 ICT 2026 - User found in database: hoaiduclequoc@gmail.com | DB Role: 2 | Mapped Authority: ROLE_ADMIN
Sun Jul 05 13:56:03 ICT 2026 - Authentication set in SecurityContext for user: hoaiduclequoc@gmail.com
Sun Jul 05 13:56:03 ICT 2026 - === doFilterInternal END ===
Sun Jul 05 13:56:03 ICT 2026 - Authentication set in SecurityContext for user: hoaiduclequoc@gmail.com
Sun Jul 05 13:56:03 ICT 2026 - === doFilterInternal END ===
Sun Jul 05 13:56:03 ICT 2026 - User found in database: hoaiduclequoc@gmail.com | DB Role: 2 | Mapped Authority: ROLE_ADMIN
Sun Jul 05 13:56:03 ICT 2026 - Authentication set in SecurityContext for user: hoaiduclequoc@gmail.com
Sun Jul 05 13:56:03 ICT 2026 - === doFilterInternal END ===
Sun Jul 05 13:56:03 ICT 2026 - User found in database: hoaiduclequoc@gmail.com | DB Role: 2 | Mapped Authority: ROLE_ADMIN
Sun Jul 05 13:56:03 ICT 2026 - Authentication set in SecurityContext for user: hoaiduclequoc@gmail.com
Sun Jul 05 13:56:03 ICT 2026 - === doFilterInternal END ===
Sun Jul 05 13:56:04 ICT 2026 - === doFilterInternal START ===
Sun Jul 05 13:56:04 ICT 2026 - Request URI: /api/auth/login
Sun Jul 05 13:56:04 ICT 2026 - Token found. Length: 1374
Sun Jul 05 13:56:04 ICT 2026 - === doFilterInternal START ===
Sun Jul 05 13:56:04 ICT 2026 - Request URI: /api/auth/login
Sun Jul 05 13:56:04 ICT 2026 - Token validated successfully. Subject: b1f3d0f5-efee-46fa-9fdd-4ab81d4bd466
Sun Jul 05 13:56:04 ICT 2026 - Token found. Length: 1374
Sun Jul 05 13:56:04 ICT 2026 - === doFilterInternal START ===
Sun Jul 05 13:56:04 ICT 2026 - Request URI: /api/submissions/user/b1f3d0f5-efee-46fa-9fdd-4ab81d4bd466
Sun Jul 05 13:56:04 ICT 2026 - Token found. Length: 1374
Sun Jul 05 13:56:04 ICT 2026 - Token validated successfully. Subject: b1f3d0f5-efee-46fa-9fdd-4ab81d4bd466
Sun Jul 05 13:56:04 ICT 2026 - Token validated successfully. Subject: b1f3d0f5-efee-46fa-9fdd-4ab81d4bd466
Sun Jul 05 13:56:04 ICT 2026 - === doFilterInternal START ===
Sun Jul 05 13:56:04 ICT 2026 - Request URI: /api/chat/unread-count/b1f3d0f5-efee-46fa-9fdd-4ab81d4bd466
Sun Jul 05 13:56:04 ICT 2026 - Token found. Length: 1374
Sun Jul 05 13:56:04 ICT 2026 - === doFilterInternal START ===
Sun Jul 05 13:56:04 ICT 2026 - Request URI: /api/classes/user/b1f3d0f5-efee-46fa-9fdd-4ab81d4bd466
Sun Jul 05 13:56:04 ICT 2026 - Token found. Length: 1374
Sun Jul 05 13:56:04 ICT 2026 - Token validated successfully. Subject: b1f3d0f5-efee-46fa-9fdd-4ab81d4bd466
Sun Jul 05 13:56:04 ICT 2026 - Token validated successfully. Subject: b1f3d0f5-efee-46fa-9fdd-4ab81d4bd466
Sun Jul 05 13:56:04 ICT 2026 - === doFilterInternal START ===
Sun Jul 05 13:56:04 ICT 2026 - Request URI: /api/admin/stats
Sun Jul 05 13:56:04 ICT 2026 - Token found. Length: 1374
Sun Jul 05 13:56:04 ICT 2026 - Token validated successfully. Subject: b1f3d0f5-efee-46fa-9fdd-4ab81d4bd466
Sun Jul 05 13:56:04 ICT 2026 - User found in database: hoaiduclequoc@gmail.com | DB Role: 2 | Mapped Authority: ROLE_ADMIN
Sun Jul 05 13:56:04 ICT 2026 - Authentication set in SecurityContext for user: hoaiduclequoc@gmail.com
Sun Jul 05 13:56:04 ICT 2026 - === doFilterInternal END ===
Sun Jul 05 13:56:04 ICT 2026 - User found in database: hoaiduclequoc@gmail.com | DB Role: 2 | Mapped Authority: ROLE_ADMIN
Sun Jul 05 13:56:04 ICT 2026 - Authentication set in SecurityContext for user: hoaiduclequoc@gmail.com
Sun Jul 05 13:56:04 ICT 2026 - === doFilterInternal END ===
Sun Jul 05 13:56:04 ICT 2026 - User found in database: hoaiduclequoc@gmail.com | DB Role: 2 | Mapped Authority: ROLE_ADMIN
Sun Jul 05 13:56:04 ICT 2026 - Authentication set in SecurityContext for user: hoaiduclequoc@gmail.com
Sun Jul 05 13:56:04 ICT 2026 - === doFilterInternal END ===
Sun Jul 05 13:56:04 ICT 2026 - User found in database: hoaiduclequoc@gmail.com | DB Role: 2 | Mapped Authority: ROLE_ADMIN
Sun Jul 05 13:56:04 ICT 2026 - User found in database: hoaiduclequoc@gmail.com | DB Role: 2 | Mapped Authority: ROLE_ADMIN
Sun Jul 05 13:56:04 ICT 2026 - Authentication set in SecurityContext for user: hoaiduclequoc@gmail.com
Sun Jul 05 13:56:04 ICT 2026 - === doFilterInternal END ===
Sun Jul 05 13:56:04 ICT 2026 - Authentication set in SecurityContext for user: hoaiduclequoc@gmail.com
Sun Jul 05 13:56:04 ICT 2026 - === doFilterInternal END ===
Sun Jul 05 13:56:04 ICT 2026 - User found in database: hoaiduclequoc@gmail.com | DB Role: 2 | Mapped Authority: ROLE_ADMIN
Sun Jul 05 13:56:04 ICT 2026 - Authentication set in SecurityContext for user: hoaiduclequoc@gmail.com
Sun Jul 05 13:56:04 ICT 2026 - === doFilterInternal END ===
Sun Jul 05 13:56:04 ICT 2026 - === doFilterInternal START ===
Sun Jul 05 13:56:04 ICT 2026 - Request URI: /api/admin/posts
Sun Jul 05 13:56:04 ICT 2026 - Token found. Length: 1374
Sun Jul 05 13:56:04 ICT 2026 - Token validated successfully. Subject: b1f3d0f5-efee-46fa-9fdd-4ab81d4bd466
Sun Jul 05 13:56:04 ICT 2026 - === doFilterInternal START ===
Sun Jul 05 13:56:04 ICT 2026 - Request URI: /api/admin/comments
Sun Jul 05 13:56:04 ICT 2026 - Token found. Length: 1374
Sun Jul 05 13:56:04 ICT 2026 - Token validated successfully. Subject: b1f3d0f5-efee-46fa-9fdd-4ab81d4bd466
Sun Jul 05 13:56:04 ICT 2026 - === doFilterInternal START ===
Sun Jul 05 13:56:04 ICT 2026 - Request URI: /api/admin/users
Sun Jul 05 13:56:04 ICT 2026 - Token found. Length: 1374
Sun Jul 05 13:56:04 ICT 2026 - Token validated successfully. Subject: b1f3d0f5-efee-46fa-9fdd-4ab81d4bd466
Sun Jul 05 13:56:04 ICT 2026 - User found in database: hoaiduclequoc@gmail.com | DB Role: 2 | Mapped Authority: ROLE_ADMIN
Sun Jul 05 13:56:04 ICT 2026 - Authentication set in SecurityContext for user: hoaiduclequoc@gmail.com
Sun Jul 05 13:56:04 ICT 2026 - === doFilterInternal END ===
Sun Jul 05 13:56:04 ICT 2026 - === doFilterInternal START ===
Sun Jul 05 13:56:04 ICT 2026 - Request URI: /api/admin/classes
Sun Jul 05 13:56:04 ICT 2026 - Token found. Length: 1374
Sun Jul 05 13:56:04 ICT 2026 - Token validated successfully. Subject: b1f3d0f5-efee-46fa-9fdd-4ab81d4bd466
Sun Jul 05 13:56:04 ICT 2026 - === doFilterInternal START ===
Sun Jul 05 13:56:04 ICT 2026 - Request URI: /api/streaks/b1f3d0f5-efee-46fa-9fdd-4ab81d4bd466
Sun Jul 05 13:56:04 ICT 2026 - Token found. Length: 1374
Sun Jul 05 13:56:04 ICT 2026 - Token validated successfully. Subject: b1f3d0f5-efee-46fa-9fdd-4ab81d4bd466
Sun Jul 05 13:56:04 ICT 2026 - User found in database: hoaiduclequoc@gmail.com | DB Role: 2 | Mapped Authority: ROLE_ADMIN
Sun Jul 05 13:56:04 ICT 2026 - Authentication set in SecurityContext for user: hoaiduclequoc@gmail.com
Sun Jul 05 13:56:04 ICT 2026 - === doFilterInternal END ===
Sun Jul 05 13:56:04 ICT 2026 - User found in database: hoaiduclequoc@gmail.com | DB Role: 2 | Mapped Authority: ROLE_ADMIN
Sun Jul 05 13:56:04 ICT 2026 - Authentication set in SecurityContext for user: hoaiduclequoc@gmail.com
Sun Jul 05 13:56:04 ICT 2026 - === doFilterInternal END ===
Sun Jul 05 13:56:04 ICT 2026 - === doFilterInternal START ===
Sun Jul 05 13:56:04 ICT 2026 - Request URI: /api/quiz-attempts/user/b1f3d0f5-efee-46fa-9fdd-4ab81d4bd466
Sun Jul 05 13:56:04 ICT 2026 - Token found. Length: 1374
Sun Jul 05 13:56:04 ICT 2026 - User found in database: hoaiduclequoc@gmail.com | DB Role: 2 | Mapped Authority: ROLE_ADMIN
Sun Jul 05 13:56:04 ICT 2026 - Authentication set in SecurityContext for user: hoaiduclequoc@gmail.com
Sun Jul 05 13:56:04 ICT 2026 - === doFilterInternal END ===
Sun Jul 05 13:56:04 ICT 2026 - Token validated successfully. Subject: b1f3d0f5-efee-46fa-9fdd-4ab81d4bd466
Sun Jul 05 13:56:04 ICT 2026 - User found in database: hoaiduclequoc@gmail.com | DB Role: 2 | Mapped Authority: ROLE_ADMIN
Sun Jul 05 13:56:04 ICT 2026 - Authentication set in SecurityContext for user: hoaiduclequoc@gmail.com
Sun Jul 05 13:56:04 ICT 2026 - === doFilterInternal END ===
Sun Jul 05 13:56:04 ICT 2026 - === doFilterInternal START ===
Sun Jul 05 13:56:04 ICT 2026 - Request URI: /api/submissions/user/b1f3d0f5-efee-46fa-9fdd-4ab81d4bd466
Sun Jul 05 13:56:04 ICT 2026 - Token found. Length: 1374
Sun Jul 05 13:56:04 ICT 2026 - Token validated successfully. Subject: b1f3d0f5-efee-46fa-9fdd-4ab81d4bd466
Sun Jul 05 13:56:04 ICT 2026 - User found in database: hoaiduclequoc@gmail.com | DB Role: 2 | Mapped Authority: ROLE_ADMIN
Sun Jul 05 13:56:04 ICT 2026 - Authentication set in SecurityContext for user: hoaiduclequoc@gmail.com
Sun Jul 05 13:56:04 ICT 2026 - === doFilterInternal END ===
Sun Jul 05 13:56:04 ICT 2026 - User found in database: hoaiduclequoc@gmail.com | DB Role: 2 | Mapped Authority: ROLE_ADMIN
Sun Jul 05 13:56:04 ICT 2026 - Authentication set in SecurityContext for user: hoaiduclequoc@gmail.com
Sun Jul 05 13:56:04 ICT 2026 - === doFilterInternal END ===
Sun Jul 05 13:56:04 ICT 2026 - === doFilterInternal START ===
Sun Jul 05 13:56:04 ICT 2026 - Request URI: /api/chat/unread-count/b1f3d0f5-efee-46fa-9fdd-4ab81d4bd466
Sun Jul 05 13:56:04 ICT 2026 - Token found. Length: 1374
Sun Jul 05 13:56:04 ICT 2026 - Token validated successfully. Subject: b1f3d0f5-efee-46fa-9fdd-4ab81d4bd466
Sun Jul 05 13:56:04 ICT 2026 - === doFilterInternal START ===
Sun Jul 05 13:56:04 ICT 2026 - Request URI: /api/classes/user/b1f3d0f5-efee-46fa-9fdd-4ab81d4bd466
Sun Jul 05 13:56:04 ICT 2026 - Token found. Length: 1374
Sun Jul 05 13:56:04 ICT 2026 - Token validated successfully. Subject: b1f3d0f5-efee-46fa-9fdd-4ab81d4bd466
Sun Jul 05 13:56:04 ICT 2026 - === doFilterInternal START ===
Sun Jul 05 13:56:04 ICT 2026 - Request URI: /api/admin/stats
Sun Jul 05 13:56:04 ICT 2026 - Token found. Length: 1374
Sun Jul 05 13:56:04 ICT 2026 - === doFilterInternal START ===
Sun Jul 05 13:56:04 ICT 2026 - Request URI: /api/admin/users
Sun Jul 05 13:56:04 ICT 2026 - Token found. Length: 1374
Sun Jul 05 13:56:04 ICT 2026 - User found in database: hoaiduclequoc@gmail.com | DB Role: 2 | Mapped Authority: ROLE_ADMIN
Sun Jul 05 13:56:04 ICT 2026 - Authentication set in SecurityContext for user: hoaiduclequoc@gmail.com
Sun Jul 05 13:56:04 ICT 2026 - === doFilterInternal END ===
Sun Jul 05 13:56:04 ICT 2026 - Token validated successfully. Subject: b1f3d0f5-efee-46fa-9fdd-4ab81d4bd466
Sun Jul 05 13:56:04 ICT 2026 - Token validated successfully. Subject: b1f3d0f5-efee-46fa-9fdd-4ab81d4bd466
Sun Jul 05 13:56:04 ICT 2026 - User found in database: hoaiduclequoc@gmail.com | DB Role: 2 | Mapped Authority: ROLE_ADMIN
Sun Jul 05 13:56:04 ICT 2026 - Authentication set in SecurityContext for user: hoaiduclequoc@gmail.com
Sun Jul 05 13:56:04 ICT 2026 - === doFilterInternal END ===
Sun Jul 05 13:56:04 ICT 2026 - User found in database: hoaiduclequoc@gmail.com | DB Role: 2 | Mapped Authority: ROLE_ADMIN
Sun Jul 05 13:56:04 ICT 2026 - User found in database: hoaiduclequoc@gmail.com | DB Role: 2 | Mapped Authority: ROLE_ADMIN
Sun Jul 05 13:56:04 ICT 2026 - Authentication set in SecurityContext for user: hoaiduclequoc@gmail.com
Sun Jul 05 13:56:04 ICT 2026 - === doFilterInternal END ===
Sun Jul 05 13:56:04 ICT 2026 - Authentication set in SecurityContext for user: hoaiduclequoc@gmail.com
Sun Jul 05 13:56:04 ICT 2026 - === doFilterInternal END ===
Sun Jul 05 13:56:04 ICT 2026 - === doFilterInternal START ===
Sun Jul 05 13:56:04 ICT 2026 - Request URI: /api/streaks/b1f3d0f5-efee-46fa-9fdd-4ab81d4bd466
Sun Jul 05 13:56:04 ICT 2026 - Token found. Length: 1374
Sun Jul 05 13:56:04 ICT 2026 - Token validated successfully. Subject: b1f3d0f5-efee-46fa-9fdd-4ab81d4bd466
Sun Jul 05 13:56:05 ICT 2026 - === doFilterInternal START ===
Sun Jul 05 13:56:05 ICT 2026 - Request URI: /api/submissions/user/b1f3d0f5-efee-46fa-9fdd-4ab81d4bd466
Sun Jul 05 13:56:05 ICT 2026 - Token found. Length: 1374
Sun Jul 05 13:56:05 ICT 2026 - Token validated successfully. Subject: b1f3d0f5-efee-46fa-9fdd-4ab81d4bd466
Sun Jul 05 13:56:05 ICT 2026 - === doFilterInternal START ===
Sun Jul 05 13:56:05 ICT 2026 - Request URI: /api/admin/comments
Sun Jul 05 13:56:05 ICT 2026 - Token found. Length: 1374
Sun Jul 05 13:56:05 ICT 2026 - Token validated successfully. Subject: b1f3d0f5-efee-46fa-9fdd-4ab81d4bd466
Sun Jul 05 13:56:05 ICT 2026 - User found in database: hoaiduclequoc@gmail.com | DB Role: 2 | Mapped Authority: ROLE_ADMIN
Sun Jul 05 13:56:05 ICT 2026 - Authentication set in SecurityContext for user: hoaiduclequoc@gmail.com
Sun Jul 05 13:56:05 ICT 2026 - === doFilterInternal END ===
Sun Jul 05 13:56:05 ICT 2026 - === doFilterInternal START ===
Sun Jul 05 13:56:05 ICT 2026 - Request URI: /api/quiz-attempts/user/b1f3d0f5-efee-46fa-9fdd-4ab81d4bd466
Sun Jul 05 13:56:05 ICT 2026 - Token found. Length: 1374
Sun Jul 05 13:56:05 ICT 2026 - Token validated successfully. Subject: b1f3d0f5-efee-46fa-9fdd-4ab81d4bd466
Sun Jul 05 13:56:05 ICT 2026 - User found in database: hoaiduclequoc@gmail.com | DB Role: 2 | Mapped Authority: ROLE_ADMIN
Sun Jul 05 13:56:05 ICT 2026 - Authentication set in SecurityContext for user: hoaiduclequoc@gmail.com
Sun Jul 05 13:56:05 ICT 2026 - === doFilterInternal END ===
Sun Jul 05 13:56:05 ICT 2026 - User found in database: hoaiduclequoc@gmail.com | DB Role: 2 | Mapped Authority: ROLE_ADMIN
Sun Jul 05 13:56:05 ICT 2026 - Authentication set in SecurityContext for user: hoaiduclequoc@gmail.com
Sun Jul 05 13:56:05 ICT 2026 - === doFilterInternal END ===
Sun Jul 05 13:56:05 ICT 2026 - === doFilterInternal START ===
Sun Jul 05 13:56:05 ICT 2026 - Request URI: /api/chat/unread-count/b1f3d0f5-efee-46fa-9fdd-4ab81d4bd466
Sun Jul 05 13:56:05 ICT 2026 - === doFilterInternal START ===
Sun Jul 05 13:56:05 ICT 2026 - Request URI: /api/admin/posts
Sun Jul 05 13:56:05 ICT 2026 - Token found. Length: 1374
Sun Jul 05 13:56:05 ICT 2026 - Token found. Length: 1374
Sun Jul 05 13:56:05 ICT 2026 - Token validated successfully. Subject: b1f3d0f5-efee-46fa-9fdd-4ab81d4bd466
Sun Jul 05 13:56:05 ICT 2026 - Token validated successfully. Subject: b1f3d0f5-efee-46fa-9fdd-4ab81d4bd466
Sun Jul 05 13:56:05 ICT 2026 - User found in database: hoaiduclequoc@gmail.com | DB Role: 2 | Mapped Authority: ROLE_ADMIN
Sun Jul 05 13:56:05 ICT 2026 - Authentication set in SecurityContext for user: hoaiduclequoc@gmail.com
Sun Jul 05 13:56:05 ICT 2026 - === doFilterInternal END ===
Sun Jul 05 13:56:05 ICT 2026 - === doFilterInternal START ===
Sun Jul 05 13:56:05 ICT 2026 - Request URI: /api/classes/user/b1f3d0f5-efee-46fa-9fdd-4ab81d4bd466
Sun Jul 05 13:56:05 ICT 2026 - Token found. Length: 1374
Sun Jul 05 13:56:05 ICT 2026 - Token validated successfully. Subject: b1f3d0f5-efee-46fa-9fdd-4ab81d4bd466
Sun Jul 05 13:56:05 ICT 2026 - User found in database: hoaiduclequoc@gmail.com | DB Role: 2 | Mapped Authority: ROLE_ADMIN
Sun Jul 05 13:56:05 ICT 2026 - Authentication set in SecurityContext for user: hoaiduclequoc@gmail.com
Sun Jul 05 13:56:05 ICT 2026 - === doFilterInternal END ===
Sun Jul 05 13:56:05 ICT 2026 - User found in database: hoaiduclequoc@gmail.com | DB Role: 2 | Mapped Authority: ROLE_ADMIN
Sun Jul 05 13:56:05 ICT 2026 - Authentication set in SecurityContext for user: hoaiduclequoc@gmail.com
Sun Jul 05 13:56:05 ICT 2026 - === doFilterInternal END ===
Sun Jul 05 13:56:05 ICT 2026 - === doFilterInternal START ===
Sun Jul 05 13:56:05 ICT 2026 - Request URI: /api/admin/stats
Sun Jul 05 13:56:05 ICT 2026 - Token found. Length: 1374
Sun Jul 05 13:56:05 ICT 2026 - Token validated successfully. Subject: b1f3d0f5-efee-46fa-9fdd-4ab81d4bd466
Sun Jul 05 13:56:05 ICT 2026 - User found in database: hoaiduclequoc@gmail.com | DB Role: 2 | Mapped Authority: ROLE_ADMIN
Sun Jul 05 13:56:05 ICT 2026 - Authentication set in SecurityContext for user: hoaiduclequoc@gmail.com
Sun Jul 05 13:56:05 ICT 2026 - === doFilterInternal END ===
Sun Jul 05 13:56:05 ICT 2026 - User found in database: hoaiduclequoc@gmail.com | DB Role: 2 | Mapped Authority: ROLE_ADMIN
Sun Jul 05 13:56:05 ICT 2026 - Authentication set in SecurityContext for user: hoaiduclequoc@gmail.com
Sun Jul 05 13:56:05 ICT 2026 - === doFilterInternal END ===
Sun Jul 05 13:56:05 ICT 2026 - === doFilterInternal START ===
Sun Jul 05 13:56:05 ICT 2026 - Request URI: /api/admin/classes
Sun Jul 05 13:56:05 ICT 2026 - Token found. Length: 1374
Sun Jul 05 13:56:05 ICT 2026 - Token validated successfully. Subject: b1f3d0f5-efee-46fa-9fdd-4ab81d4bd466
Sun Jul 05 13:56:05 ICT 2026 - === doFilterInternal START ===
Sun Jul 05 13:56:05 ICT 2026 - Request URI: /api/submissions/user/b1f3d0f5-efee-46fa-9fdd-4ab81d4bd466
Sun Jul 05 13:56:05 ICT 2026 - Token found. Length: 1374
Sun Jul 05 13:56:05 ICT 2026 - Token validated successfully. Subject: b1f3d0f5-efee-46fa-9fdd-4ab81d4bd466
Sun Jul 05 13:56:05 ICT 2026 - === doFilterInternal START ===
Sun Jul 05 13:56:05 ICT 2026 - Request URI: /api/streaks/b1f3d0f5-efee-46fa-9fdd-4ab81d4bd466
Sun Jul 05 13:56:05 ICT 2026 - Token found. Length: 1374
Sun Jul 05 13:56:05 ICT 2026 - Token validated successfully. Subject: b1f3d0f5-efee-46fa-9fdd-4ab81d4bd466
Sun Jul 05 13:56:05 ICT 2026 - User found in database: hoaiduclequoc@gmail.com | DB Role: 2 | Mapped Authority: ROLE_ADMIN
Sun Jul 05 13:56:05 ICT 2026 - Authentication set in SecurityContext for user: hoaiduclequoc@gmail.com
Sun Jul 05 13:56:05 ICT 2026 - === doFilterInternal END ===
Sun Jul 05 13:56:05 ICT 2026 - === doFilterInternal START ===
Sun Jul 05 13:56:05 ICT 2026 - Request URI: /api/quiz-attempts/user/b1f3d0f5-efee-46fa-9fdd-4ab81d4bd466
Sun Jul 05 13:56:05 ICT 2026 - Token found. Length: 1374
Sun Jul 05 13:56:05 ICT 2026 - Token validated successfully. Subject: b1f3d0f5-efee-46fa-9fdd-4ab81d4bd466
Sun Jul 05 13:56:05 ICT 2026 - User found in database: hoaiduclequoc@gmail.com | DB Role: 2 | Mapped Authority: ROLE_ADMIN
Sun Jul 05 13:56:05 ICT 2026 - Authentication set in SecurityContext for user: hoaiduclequoc@gmail.com
Sun Jul 05 13:56:05 ICT 2026 - === doFilterInternal END ===
Sun Jul 05 13:56:05 ICT 2026 - User found in database: hoaiduclequoc@gmail.com | DB Role: 2 | Mapped Authority: ROLE_ADMIN
Sun Jul 05 13:56:05 ICT 2026 - Authentication set in SecurityContext for user: hoaiduclequoc@gmail.com
Sun Jul 05 13:56:05 ICT 2026 - === doFilterInternal END ===
Sun Jul 05 13:56:05 ICT 2026 - User found in database: hoaiduclequoc@gmail.com | DB Role: 2 | Mapped Authority: ROLE_ADMIN
Sun Jul 05 13:56:05 ICT 2026 - Authentication set in SecurityContext for user: hoaiduclequoc@gmail.com
Sun Jul 05 13:56:05 ICT 2026 - === doFilterInternal END ===
Sun Jul 05 13:56:05 ICT 2026 - === doFilterInternal START ===
Sun Jul 05 13:56:05 ICT 2026 - Request URI: /api/admin/comments
Sun Jul 05 13:56:05 ICT 2026 - Token found. Length: 1374
Sun Jul 05 13:56:05 ICT 2026 - Token validated successfully. Subject: b1f3d0f5-efee-46fa-9fdd-4ab81d4bd466
Sun Jul 05 13:56:05 ICT 2026 - === doFilterInternal START ===
Sun Jul 05 13:56:05 ICT 2026 - Request URI: /api/classes/user/b1f3d0f5-efee-46fa-9fdd-4ab81d4bd466
Sun Jul 05 13:56:05 ICT 2026 - Token found. Length: 1374
Sun Jul 05 13:56:05 ICT 2026 - Token validated successfully. Subject: b1f3d0f5-efee-46fa-9fdd-4ab81d4bd466
Sun Jul 05 13:56:05 ICT 2026 - User found in database: hoaiduclequoc@gmail.com | DB Role: 2 | Mapped Authority: ROLE_ADMIN
Sun Jul 05 13:56:05 ICT 2026 - Authentication set in SecurityContext for user: hoaiduclequoc@gmail.com
Sun Jul 05 13:56:05 ICT 2026 - === doFilterInternal END ===
Sun Jul 05 13:56:05 ICT 2026 - User found in database: hoaiduclequoc@gmail.com | DB Role: 2 | Mapped Authority: ROLE_ADMIN
Sun Jul 05 13:56:05 ICT 2026 - Authentication set in SecurityContext for user: hoaiduclequoc@gmail.com
Sun Jul 05 13:56:05 ICT 2026 - === doFilterInternal END ===
Sun Jul 05 13:56:05 ICT 2026 - === doFilterInternal START ===
Sun Jul 05 13:56:05 ICT 2026 - Request URI: /api/streaks/b1f3d0f5-efee-46fa-9fdd-4ab81d4bd466
Sun Jul 05 13:56:05 ICT 2026 - Token found. Length: 1374
Sun Jul 05 13:56:05 ICT 2026 - Token validated successfully. Subject: b1f3d0f5-efee-46fa-9fdd-4ab81d4bd466
Sun Jul 05 13:56:05 ICT 2026 - === doFilterInternal START ===
Sun Jul 05 13:56:05 ICT 2026 - Request URI: /api/quiz-attempts/user/b1f3d0f5-efee-46fa-9fdd-4ab81d4bd466
Sun Jul 05 13:56:05 ICT 2026 - Token found. Length: 1374
Sun Jul 05 13:56:05 ICT 2026 - Token validated successfully. Subject: b1f3d0f5-efee-46fa-9fdd-4ab81d4bd466
Sun Jul 05 13:56:05 ICT 2026 - User found in database: hoaiduclequoc@gmail.com | DB Role: 2 | Mapped Authority: ROLE_ADMIN
Sun Jul 05 13:56:05 ICT 2026 - Authentication set in SecurityContext for user: hoaiduclequoc@gmail.com
Sun Jul 05 13:56:05 ICT 2026 - === doFilterInternal END ===
Sun Jul 05 13:56:05 ICT 2026 - === doFilterInternal START ===
Sun Jul 05 13:56:05 ICT 2026 - Request URI: /api/admin/posts
Sun Jul 05 13:56:05 ICT 2026 - Token found. Length: 1374
Sun Jul 05 13:56:05 ICT 2026 - Token validated successfully. Subject: b1f3d0f5-efee-46fa-9fdd-4ab81d4bd466
Sun Jul 05 13:56:05 ICT 2026 - User found in database: hoaiduclequoc@gmail.com | DB Role: 2 | Mapped Authority: ROLE_ADMIN
Sun Jul 05 13:56:05 ICT 2026 - Authentication set in SecurityContext for user: hoaiduclequoc@gmail.com
Sun Jul 05 13:56:05 ICT 2026 - === doFilterInternal END ===
Sun Jul 05 13:56:05 ICT 2026 - User found in database: hoaiduclequoc@gmail.com | DB Role: 2 | Mapped Authority: ROLE_ADMIN
Sun Jul 05 13:56:05 ICT 2026 - Authentication set in SecurityContext for user: hoaiduclequoc@gmail.com
Sun Jul 05 13:56:05 ICT 2026 - === doFilterInternal END ===
Sun Jul 05 13:56:09 ICT 2026 - === doFilterInternal START ===
Sun Jul 05 13:56:09 ICT 2026 - Request URI: /api/chat/unread-count/b1f3d0f5-efee-46fa-9fdd-4ab81d4bd466
Sun Jul 05 13:56:09 ICT 2026 - === doFilterInternal START ===
Sun Jul 05 13:56:09 ICT 2026 - Request URI: /api/auth/login
Sun Jul 05 13:56:09 ICT 2026 - Token found. Length: 1374
Sun Jul 05 13:56:09 ICT 2026 - Token found. Length: 1374
Sun Jul 05 13:56:09 ICT 2026 - Token validated successfully. Subject: b1f3d0f5-efee-46fa-9fdd-4ab81d4bd466
Sun Jul 05 13:56:09 ICT 2026 - Token validated successfully. Subject: b1f3d0f5-efee-46fa-9fdd-4ab81d4bd466
Sun Jul 05 13:56:09 ICT 2026 - === doFilterInternal START ===
Sun Jul 05 13:56:09 ICT 2026 - Request URI: /api/streaks/b1f3d0f5-efee-46fa-9fdd-4ab81d4bd466
Sun Jul 05 13:56:09 ICT 2026 - Token found. Length: 1374
Sun Jul 05 13:56:09 ICT 2026 - Token validated successfully. Subject: b1f3d0f5-efee-46fa-9fdd-4ab81d4bd466
Sun Jul 05 13:56:09 ICT 2026 - User found in database: hoaiduclequoc@gmail.com | DB Role: 2 | Mapped Authority: ROLE_ADMIN
Sun Jul 05 13:56:09 ICT 2026 - User found in database: hoaiduclequoc@gmail.com | DB Role: 2 | Mapped Authority: ROLE_ADMIN
Sun Jul 05 13:56:09 ICT 2026 - Authentication set in SecurityContext for user: hoaiduclequoc@gmail.com
Sun Jul 05 13:56:09 ICT 2026 - === doFilterInternal END ===
Sun Jul 05 13:56:09 ICT 2026 - Authentication set in SecurityContext for user: hoaiduclequoc@gmail.com
Sun Jul 05 13:56:09 ICT 2026 - === doFilterInternal END ===
Sun Jul 05 13:56:09 ICT 2026 - User found in database: hoaiduclequoc@gmail.com | DB Role: 2 | Mapped Authority: ROLE_ADMIN
Sun Jul 05 13:56:09 ICT 2026 - Authentication set in SecurityContext for user: hoaiduclequoc@gmail.com
Sun Jul 05 13:56:09 ICT 2026 - === doFilterInternal END ===
Sun Jul 05 13:56:09 ICT 2026 - === doFilterInternal START ===
Sun Jul 05 13:56:09 ICT 2026 - Request URI: /api/classes/user/b1f3d0f5-efee-46fa-9fdd-4ab81d4bd466
Sun Jul 05 13:56:09 ICT 2026 - Token found. Length: 1374
Sun Jul 05 13:56:09 ICT 2026 - Token validated successfully. Subject: b1f3d0f5-efee-46fa-9fdd-4ab81d4bd466
Sun Jul 05 13:56:09 ICT 2026 - User found in database: hoaiduclequoc@gmail.com | DB Role: 2 | Mapped Authority: ROLE_ADMIN
Sun Jul 05 13:56:09 ICT 2026 - Authentication set in SecurityContext for user: hoaiduclequoc@gmail.com
Sun Jul 05 13:56:09 ICT 2026 - === doFilterInternal END ===
Sun Jul 05 13:56:10 ICT 2026 - === doFilterInternal START ===
Sun Jul 05 13:56:10 ICT 2026 - Request URI: /api/admin/users
Sun Jul 05 13:56:10 ICT 2026 - Token found. Length: 1374
Sun Jul 05 13:56:10 ICT 2026 - Token validated successfully. Subject: b1f3d0f5-efee-46fa-9fdd-4ab81d4bd466
Sun Jul 05 13:56:10 ICT 2026 - User found in database: hoaiduclequoc@gmail.com | DB Role: 2 | Mapped Authority: ROLE_ADMIN
Sun Jul 05 13:56:10 ICT 2026 - Authentication set in SecurityContext for user: hoaiduclequoc@gmail.com
Sun Jul 05 13:56:10 ICT 2026 - === doFilterInternal END ===
Sun Jul 05 13:56:12 ICT 2026 - === doFilterInternal START ===
Sun Jul 05 13:56:12 ICT 2026 - Request URI: /api/admin/classes
Sun Jul 05 13:56:12 ICT 2026 - Token found. Length: 1374
Sun Jul 05 13:56:12 ICT 2026 - Token validated successfully. Subject: b1f3d0f5-efee-46fa-9fdd-4ab81d4bd466
Sun Jul 05 13:56:12 ICT 2026 - User found in database: hoaiduclequoc@gmail.com | DB Role: 2 | Mapped Authority: ROLE_ADMIN
Sun Jul 05 13:56:12 ICT 2026 - Authentication set in SecurityContext for user: hoaiduclequoc@gmail.com
Sun Jul 05 13:56:12 ICT 2026 - === doFilterInternal END ===
Sun Jul 05 13:56:13 ICT 2026 - === doFilterInternal START ===
Sun Jul 05 13:56:13 ICT 2026 - Request URI: /api/streaks/b1f3d0f5-efee-46fa-9fdd-4ab81d4bd466/update
Sun Jul 05 13:56:13 ICT 2026 - Token found. Length: 1374
Sun Jul 05 13:56:13 ICT 2026 - Token validated successfully. Subject: b1f3d0f5-efee-46fa-9fdd-4ab81d4bd466
Sun Jul 05 13:56:13 ICT 2026 - User found in database: hoaiduclequoc@gmail.com | DB Role: 2 | Mapped Authority: ROLE_ADMIN
Sun Jul 05 13:56:13 ICT 2026 - Authentication set in SecurityContext for user: hoaiduclequoc@gmail.com
Sun Jul 05 13:56:13 ICT 2026 - === doFilterInternal END ===
Sun Jul 05 13:56:14 ICT 2026 - === doFilterInternal START ===
Sun Jul 05 13:56:14 ICT 2026 - Request URI: /api/admin/users
Sun Jul 05 13:56:14 ICT 2026 - Token found. Length: 1374
Sun Jul 05 13:56:14 ICT 2026 - Token validated successfully. Subject: b1f3d0f5-efee-46fa-9fdd-4ab81d4bd466
Sun Jul 05 13:56:14 ICT 2026 - User found in database: hoaiduclequoc@gmail.com | DB Role: 2 | Mapped Authority: ROLE_ADMIN
Sun Jul 05 13:56:14 ICT 2026 - Authentication set in SecurityContext for user: hoaiduclequoc@gmail.com
Sun Jul 05 13:56:14 ICT 2026 - === doFilterInternal END ===
Sun Jul 05 13:56:16 ICT 2026 - === doFilterInternal START ===
Sun Jul 05 13:56:16 ICT 2026 - Request URI: /api/admin/comments
Sun Jul 05 13:56:16 ICT 2026 - === doFilterInternal START ===
Sun Jul 05 13:56:16 ICT 2026 - Request URI: /api/admin/posts
Sun Jul 05 13:56:16 ICT 2026 - === doFilterInternal START ===
Sun Jul 05 13:56:16 ICT 2026 - Request URI: /api/admin/stats
Sun Jul 05 13:56:16 ICT 2026 - Token found. Length: 1374
Sun Jul 05 13:56:16 ICT 2026 - Token found. Length: 1374
Sun Jul 05 13:56:16 ICT 2026 - Token found. Length: 1374
Sun Jul 05 13:56:16 ICT 2026 - Token validated successfully. Subject: b1f3d0f5-efee-46fa-9fdd-4ab81d4bd466
Sun Jul 05 13:56:16 ICT 2026 - Token validated successfully. Subject: b1f3d0f5-efee-46fa-9fdd-4ab81d4bd466
Sun Jul 05 13:56:16 ICT 2026 - Token validated successfully. Subject: b1f3d0f5-efee-46fa-9fdd-4ab81d4bd466
Sun Jul 05 13:56:16 ICT 2026 - User found in database: hoaiduclequoc@gmail.com | DB Role: 2 | Mapped Authority: ROLE_ADMIN
Sun Jul 05 13:56:16 ICT 2026 - User found in database: hoaiduclequoc@gmail.com | DB Role: 2 | Mapped Authority: ROLE_ADMIN
Sun Jul 05 13:56:16 ICT 2026 - User found in database: hoaiduclequoc@gmail.com | DB Role: 2 | Mapped Authority: ROLE_ADMIN
Sun Jul 05 13:56:16 ICT 2026 - Authentication set in SecurityContext for user: hoaiduclequoc@gmail.com
Sun Jul 05 13:56:16 ICT 2026 - === doFilterInternal END ===
Sun Jul 05 13:56:16 ICT 2026 - Authentication set in SecurityContext for user: hoaiduclequoc@gmail.com
Sun Jul 05 13:56:16 ICT 2026 - === doFilterInternal END ===
Sun Jul 05 13:56:16 ICT 2026 - Authentication set in SecurityContext for user: hoaiduclequoc@gmail.com
Sun Jul 05 13:56:16 ICT 2026 - === doFilterInternal END ===
Sun Jul 05 13:56:20 ICT 2026 - === doFilterInternal START ===
Sun Jul 05 13:56:20 ICT 2026 - Request URI: /api/chat/unread-count/b1f3d0f5-efee-46fa-9fdd-4ab81d4bd466
Sun Jul 05 13:56:20 ICT 2026 - Token found. Length: 1374
Sun Jul 05 13:56:20 ICT 2026 - Token validated successfully. Subject: b1f3d0f5-efee-46fa-9fdd-4ab81d4bd466
Sun Jul 05 13:56:20 ICT 2026 - User found in database: hoaiduclequoc@gmail.com | DB Role: 2 | Mapped Authority: ROLE_ADMIN
Sun Jul 05 13:56:20 ICT 2026 - Authentication set in SecurityContext for user: hoaiduclequoc@gmail.com
Sun Jul 05 13:56:20 ICT 2026 - === doFilterInternal END ===
Sun Jul 05 13:56:23 ICT 2026 - === doFilterInternal START ===
Sun Jul 05 13:56:23 ICT 2026 - Request URI: /api/chat/unread-count/b1f3d0f5-efee-46fa-9fdd-4ab81d4bd466
Sun Jul 05 13:56:23 ICT 2026 - Token found. Length: 1374
Sun Jul 05 13:56:23 ICT 2026 - === doFilterInternal START ===
Sun Jul 05 13:56:23 ICT 2026 - Request URI: /api/auth/login
Sun Jul 05 13:56:23 ICT 2026 - Token found. Length: 1374
Sun Jul 05 13:56:23 ICT 2026 - Token validated successfully. Subject: b1f3d0f5-efee-46fa-9fdd-4ab81d4bd466
Sun Jul 05 13:56:23 ICT 2026 - Token validated successfully. Subject: b1f3d0f5-efee-46fa-9fdd-4ab81d4bd466
Sun Jul 05 13:56:23 ICT 2026 - === doFilterInternal START ===
Sun Jul 05 13:56:23 ICT 2026 - Request URI: /api/streaks/b1f3d0f5-efee-46fa-9fdd-4ab81d4bd466
Sun Jul 05 13:56:23 ICT 2026 - Token found. Length: 1374
Sun Jul 05 13:56:23 ICT 2026 - Token validated successfully. Subject: b1f3d0f5-efee-46fa-9fdd-4ab81d4bd466
Sun Jul 05 13:56:23 ICT 2026 - User found in database: hoaiduclequoc@gmail.com | DB Role: 2 | Mapped Authority: ROLE_ADMIN
Sun Jul 05 13:56:23 ICT 2026 - Authentication set in SecurityContext for user: hoaiduclequoc@gmail.com
Sun Jul 05 13:56:23 ICT 2026 - === doFilterInternal END ===
Sun Jul 05 13:56:23 ICT 2026 - User found in database: hoaiduclequoc@gmail.com | DB Role: 2 | Mapped Authority: ROLE_ADMIN
Sun Jul 05 13:56:23 ICT 2026 - Authentication set in SecurityContext for user: hoaiduclequoc@gmail.com
Sun Jul 05 13:56:23 ICT 2026 - === doFilterInternal END ===
Sun Jul 05 13:56:23 ICT 2026 - User found in database: hoaiduclequoc@gmail.com | DB Role: 2 | Mapped Authority: ROLE_ADMIN
Sun Jul 05 13:56:23 ICT 2026 - Authentication set in SecurityContext for user: hoaiduclequoc@gmail.com
Sun Jul 05 13:56:23 ICT 2026 - === doFilterInternal END ===
Sun Jul 05 13:56:23 ICT 2026 - === doFilterInternal START ===
Sun Jul 05 13:56:23 ICT 2026 - Request URI: /api/classes/user/b1f3d0f5-efee-46fa-9fdd-4ab81d4bd466
Sun Jul 05 13:56:23 ICT 2026 - Token found. Length: 1374
Sun Jul 05 13:56:23 ICT 2026 - Token validated successfully. Subject: b1f3d0f5-efee-46fa-9fdd-4ab81d4bd466
Sun Jul 05 13:56:23 ICT 2026 - User found in database: hoaiduclequoc@gmail.com | DB Role: 2 | Mapped Authority: ROLE_ADMIN
Sun Jul 05 13:56:23 ICT 2026 - Authentication set in SecurityContext for user: hoaiduclequoc@gmail.com
Sun Jul 05 13:56:23 ICT 2026 - === doFilterInternal END ===
Sun Jul 05 13:56:23 ICT 2026 - === doFilterInternal START ===
Sun Jul 05 13:56:23 ICT 2026 - Request URI: /api/auth/login
Sun Jul 05 13:56:23 ICT 2026 - === doFilterInternal START ===
Sun Jul 05 13:56:23 ICT 2026 - Request URI: /api/chat/unread-count/b1f3d0f5-efee-46fa-9fdd-4ab81d4bd466
Sun Jul 05 13:56:23 ICT 2026 - Token found. Length: 1374
Sun Jul 05 13:56:23 ICT 2026 - Token found. Length: 1374
Sun Jul 05 13:56:23 ICT 2026 - Token validated successfully. Subject: b1f3d0f5-efee-46fa-9fdd-4ab81d4bd466
Sun Jul 05 13:56:23 ICT 2026 - Token validated successfully. Subject: b1f3d0f5-efee-46fa-9fdd-4ab81d4bd466
Sun Jul 05 13:56:23 ICT 2026 - === doFilterInternal START ===
Sun Jul 05 13:56:23 ICT 2026 - Request URI: /api/auth/login
Sun Jul 05 13:56:23 ICT 2026 - Token found. Length: 1374
Sun Jul 05 13:56:23 ICT 2026 - === doFilterInternal START ===
Sun Jul 05 13:56:23 ICT 2026 - Request URI: /api/streaks/b1f3d0f5-efee-46fa-9fdd-4ab81d4bd466
Sun Jul 05 13:56:23 ICT 2026 - Token found. Length: 1374
Sun Jul 05 13:56:23 ICT 2026 - Token validated successfully. Subject: b1f3d0f5-efee-46fa-9fdd-4ab81d4bd466
Sun Jul 05 13:56:23 ICT 2026 - Token validated successfully. Subject: b1f3d0f5-efee-46fa-9fdd-4ab81d4bd466
Sun Jul 05 13:56:23 ICT 2026 - === doFilterInternal START ===
Sun Jul 05 13:56:23 ICT 2026 - Request URI: /api/auth/login
Sun Jul 05 13:56:23 ICT 2026 - Token found. Length: 1374
Sun Jul 05 13:56:23 ICT 2026 - === doFilterInternal START ===
Sun Jul 05 13:56:23 ICT 2026 - Request URI: /api/auth/login
Sun Jul 05 13:56:23 ICT 2026 - Token found. Length: 1374
Sun Jul 05 13:56:23 ICT 2026 - Token validated successfully. Subject: b1f3d0f5-efee-46fa-9fdd-4ab81d4bd466
Sun Jul 05 13:56:23 ICT 2026 - Token validated successfully. Subject: b1f3d0f5-efee-46fa-9fdd-4ab81d4bd466
Sun Jul 05 13:56:23 ICT 2026 - User found in database: hoaiduclequoc@gmail.com | DB Role: 2 | Mapped Authority: ROLE_ADMIN
Sun Jul 05 13:56:23 ICT 2026 - Authentication set in SecurityContext for user: hoaiduclequoc@gmail.com
Sun Jul 05 13:56:23 ICT 2026 - === doFilterInternal END ===
Sun Jul 05 13:56:23 ICT 2026 - User found in database: hoaiduclequoc@gmail.com | DB Role: 2 | Mapped Authority: ROLE_ADMIN
Sun Jul 05 13:56:23 ICT 2026 - Authentication set in SecurityContext for user: hoaiduclequoc@gmail.com
Sun Jul 05 13:56:23 ICT 2026 - === doFilterInternal END ===
Sun Jul 05 13:56:23 ICT 2026 - User found in database: hoaiduclequoc@gmail.com | DB Role: 2 | Mapped Authority: ROLE_ADMIN
Sun Jul 05 13:56:23 ICT 2026 - Authentication set in SecurityContext for user: hoaiduclequoc@gmail.com
Sun Jul 05 13:56:23 ICT 2026 - === doFilterInternal END ===
Sun Jul 05 13:56:23 ICT 2026 - User found in database: hoaiduclequoc@gmail.com | DB Role: 2 | Mapped Authority: ROLE_ADMIN
Sun Jul 05 13:56:23 ICT 2026 - Authentication set in SecurityContext for user: hoaiduclequoc@gmail.com
Sun Jul 05 13:56:23 ICT 2026 - === doFilterInternal END ===
Sun Jul 05 13:56:23 ICT 2026 - User found in database: hoaiduclequoc@gmail.com | DB Role: 2 | Mapped Authority: ROLE_ADMIN
Sun Jul 05 13:56:23 ICT 2026 - Authentication set in SecurityContext for user: hoaiduclequoc@gmail.com
Sun Jul 05 13:56:23 ICT 2026 - === doFilterInternal END ===
Sun Jul 05 13:56:23 ICT 2026 - User found in database: hoaiduclequoc@gmail.com | DB Role: 2 | Mapped Authority: ROLE_ADMIN
Sun Jul 05 13:56:23 ICT 2026 - Authentication set in SecurityContext for user: hoaiduclequoc@gmail.com
Sun Jul 05 13:56:23 ICT 2026 - === doFilterInternal END ===
Sun Jul 05 13:56:24 ICT 2026 - === doFilterInternal START ===
Sun Jul 05 13:56:24 ICT 2026 - Request URI: /api/submissions/user/b1f3d0f5-efee-46fa-9fdd-4ab81d4bd466
Sun Jul 05 13:56:24 ICT 2026 - Token found. Length: 1374
Sun Jul 05 13:56:24 ICT 2026 - Token validated successfully. Subject: b1f3d0f5-efee-46fa-9fdd-4ab81d4bd466
Sun Jul 05 13:56:24 ICT 2026 - === doFilterInternal START ===
Sun Jul 05 13:56:24 ICT 2026 - Request URI: /api/quiz-attempts/user/b1f3d0f5-efee-46fa-9fdd-4ab81d4bd466
Sun Jul 05 13:56:24 ICT 2026 - === doFilterInternal START ===
Sun Jul 05 13:56:24 ICT 2026 - Request URI: /api/chat/unread-count/b1f3d0f5-efee-46fa-9fdd-4ab81d4bd466
Sun Jul 05 13:56:24 ICT 2026 - Token found. Length: 1374
Sun Jul 05 13:56:24 ICT 2026 - Token found. Length: 1374
Sun Jul 05 13:56:24 ICT 2026 - Token validated successfully. Subject: b1f3d0f5-efee-46fa-9fdd-4ab81d4bd466
Sun Jul 05 13:56:24 ICT 2026 - Token validated successfully. Subject: b1f3d0f5-efee-46fa-9fdd-4ab81d4bd466
Sun Jul 05 13:56:24 ICT 2026 - User found in database: hoaiduclequoc@gmail.com | DB Role: 2 | Mapped Authority: ROLE_ADMIN
Sun Jul 05 13:56:24 ICT 2026 - Authentication set in SecurityContext for user: hoaiduclequoc@gmail.com
Sun Jul 05 13:56:24 ICT 2026 - === doFilterInternal END ===
Sun Jul 05 13:56:24 ICT 2026 - === doFilterInternal START ===
Sun Jul 05 13:56:24 ICT 2026 - Request URI: /api/streaks/b1f3d0f5-efee-46fa-9fdd-4ab81d4bd466
Sun Jul 05 13:56:24 ICT 2026 - Token found. Length: 1374
Sun Jul 05 13:56:24 ICT 2026 - Token validated successfully. Subject: b1f3d0f5-efee-46fa-9fdd-4ab81d4bd466
Sun Jul 05 13:56:24 ICT 2026 - === doFilterInternal START ===
Sun Jul 05 13:56:24 ICT 2026 - Request URI: /api/classes/user/b1f3d0f5-efee-46fa-9fdd-4ab81d4bd466
Sun Jul 05 13:56:24 ICT 2026 - Token found. Length: 1374
Sun Jul 05 13:56:24 ICT 2026 - User found in database: hoaiduclequoc@gmail.com | DB Role: 2 | Mapped Authority: ROLE_ADMIN
Sun Jul 05 13:56:24 ICT 2026 - Authentication set in SecurityContext for user: hoaiduclequoc@gmail.com
Sun Jul 05 13:56:24 ICT 2026 - === doFilterInternal END ===
Sun Jul 05 13:56:24 ICT 2026 - User found in database: hoaiduclequoc@gmail.com | DB Role: 2 | Mapped Authority: ROLE_ADMIN
Sun Jul 05 13:56:24 ICT 2026 - Authentication set in SecurityContext for user: hoaiduclequoc@gmail.com
Sun Jul 05 13:56:24 ICT 2026 - === doFilterInternal END ===
Sun Jul 05 13:56:24 ICT 2026 - Token validated successfully. Subject: b1f3d0f5-efee-46fa-9fdd-4ab81d4bd466
Sun Jul 05 13:56:24 ICT 2026 - === doFilterInternal START ===
Sun Jul 05 13:56:24 ICT 2026 - Request URI: /api/admin/stats
Sun Jul 05 13:56:24 ICT 2026 - Token found. Length: 1374
Sun Jul 05 13:56:24 ICT 2026 - Token validated successfully. Subject: b1f3d0f5-efee-46fa-9fdd-4ab81d4bd466
Sun Jul 05 13:56:24 ICT 2026 - User found in database: hoaiduclequoc@gmail.com | DB Role: 2 | Mapped Authority: ROLE_ADMIN
Sun Jul 05 13:56:24 ICT 2026 - Authentication set in SecurityContext for user: hoaiduclequoc@gmail.com
Sun Jul 05 13:56:24 ICT 2026 - === doFilterInternal END ===
Sun Jul 05 13:56:24 ICT 2026 - === doFilterInternal START ===
Sun Jul 05 13:56:24 ICT 2026 - Request URI: /api/admin/posts
Sun Jul 05 13:56:24 ICT 2026 - Token found. Length: 1374
Sun Jul 05 13:56:24 ICT 2026 - Token validated successfully. Subject: b1f3d0f5-efee-46fa-9fdd-4ab81d4bd466
Sun Jul 05 13:56:24 ICT 2026 - User found in database: hoaiduclequoc@gmail.com | DB Role: 2 | Mapped Authority: ROLE_ADMIN
Sun Jul 05 13:56:24 ICT 2026 - Authentication set in SecurityContext for user: hoaiduclequoc@gmail.com
Sun Jul 05 13:56:24 ICT 2026 - === doFilterInternal END ===
Sun Jul 05 13:56:24 ICT 2026 - User found in database: hoaiduclequoc@gmail.com | DB Role: 2 | Mapped Authority: ROLE_ADMIN
Sun Jul 05 13:56:24 ICT 2026 - Authentication set in SecurityContext for user: hoaiduclequoc@gmail.com
Sun Jul 05 13:56:24 ICT 2026 - === doFilterInternal END ===
Sun Jul 05 13:56:24 ICT 2026 - === doFilterInternal START ===
Sun Jul 05 13:56:24 ICT 2026 - Request URI: /api/admin/comments
Sun Jul 05 13:56:24 ICT 2026 - Token found. Length: 1374
Sun Jul 05 13:56:24 ICT 2026 - Token validated successfully. Subject: b1f3d0f5-efee-46fa-9fdd-4ab81d4bd466
Sun Jul 05 13:56:24 ICT 2026 - User found in database: hoaiduclequoc@gmail.com | DB Role: 2 | Mapped Authority: ROLE_ADMIN
Sun Jul 05 13:56:24 ICT 2026 - Authentication set in SecurityContext for user: hoaiduclequoc@gmail.com
Sun Jul 05 13:56:24 ICT 2026 - === doFilterInternal END ===
Sun Jul 05 13:56:24 ICT 2026 - === doFilterInternal START ===
Sun Jul 05 13:56:24 ICT 2026 - Request URI: /api/admin/users
Sun Jul 05 13:56:24 ICT 2026 - Token found. Length: 1374
Sun Jul 05 13:56:24 ICT 2026 - Token validated successfully. Subject: b1f3d0f5-efee-46fa-9fdd-4ab81d4bd466
Sun Jul 05 13:56:24 ICT 2026 - === doFilterInternal START ===
Sun Jul 05 13:56:24 ICT 2026 - Request URI: /api/admin/classes
Sun Jul 05 13:56:24 ICT 2026 - Token found. Length: 1374
Sun Jul 05 13:56:24 ICT 2026 - User found in database: hoaiduclequoc@gmail.com | DB Role: 2 | Mapped Authority: ROLE_ADMIN
Sun Jul 05 13:56:24 ICT 2026 - Authentication set in SecurityContext for user: hoaiduclequoc@gmail.com
Sun Jul 05 13:56:24 ICT 2026 - === doFilterInternal END ===
Sun Jul 05 13:56:24 ICT 2026 - Token validated successfully. Subject: b1f3d0f5-efee-46fa-9fdd-4ab81d4bd466
Sun Jul 05 13:56:24 ICT 2026 - User found in database: hoaiduclequoc@gmail.com | DB Role: 2 | Mapped Authority: ROLE_ADMIN
Sun Jul 05 13:56:24 ICT 2026 - Authentication set in SecurityContext for user: hoaiduclequoc@gmail.com
Sun Jul 05 13:56:24 ICT 2026 - === doFilterInternal END ===
Sun Jul 05 13:56:24 ICT 2026 - === doFilterInternal START ===
Sun Jul 05 13:56:24 ICT 2026 - Request URI: /api/submissions/user/b1f3d0f5-efee-46fa-9fdd-4ab81d4bd466
Sun Jul 05 13:56:24 ICT 2026 - Token found. Length: 1374
Sun Jul 05 13:56:24 ICT 2026 - Token validated successfully. Subject: b1f3d0f5-efee-46fa-9fdd-4ab81d4bd466
Sun Jul 05 13:56:24 ICT 2026 - User found in database: hoaiduclequoc@gmail.com | DB Role: 2 | Mapped Authority: ROLE_ADMIN
Sun Jul 05 13:56:24 ICT 2026 - Authentication set in SecurityContext for user: hoaiduclequoc@gmail.com
Sun Jul 05 13:56:24 ICT 2026 - === doFilterInternal END ===
Sun Jul 05 13:56:24 ICT 2026 - === doFilterInternal START ===
Sun Jul 05 13:56:24 ICT 2026 - Request URI: /api/chat/unread-count/b1f3d0f5-efee-46fa-9fdd-4ab81d4bd466
Sun Jul 05 13:56:24 ICT 2026 - Token found. Length: 1374
Sun Jul 05 13:56:24 ICT 2026 - Token validated successfully. Subject: b1f3d0f5-efee-46fa-9fdd-4ab81d4bd466
Sun Jul 05 13:56:24 ICT 2026 - User found in database: hoaiduclequoc@gmail.com | DB Role: 2 | Mapped Authority: ROLE_ADMIN
Sun Jul 05 13:56:24 ICT 2026 - Authentication set in SecurityContext for user: hoaiduclequoc@gmail.com
Sun Jul 05 13:56:24 ICT 2026 - === doFilterInternal END ===
Sun Jul 05 13:56:24 ICT 2026 - === doFilterInternal START ===
Sun Jul 05 13:56:24 ICT 2026 - Request URI: /api/quiz-attempts/user/b1f3d0f5-efee-46fa-9fdd-4ab81d4bd466
Sun Jul 05 13:56:24 ICT 2026 - Token found. Length: 1374
Sun Jul 05 13:56:24 ICT 2026 - Token validated successfully. Subject: b1f3d0f5-efee-46fa-9fdd-4ab81d4bd466
Sun Jul 05 13:56:24 ICT 2026 - User found in database: hoaiduclequoc@gmail.com | DB Role: 2 | Mapped Authority: ROLE_ADMIN
Sun Jul 05 13:56:24 ICT 2026 - Authentication set in SecurityContext for user: hoaiduclequoc@gmail.com
Sun Jul 05 13:56:24 ICT 2026 - === doFilterInternal END ===
Sun Jul 05 13:56:24 ICT 2026 - User found in database: hoaiduclequoc@gmail.com | DB Role: 2 | Mapped Authority: ROLE_ADMIN
Sun Jul 05 13:56:24 ICT 2026 - Authentication set in SecurityContext for user: hoaiduclequoc@gmail.com
Sun Jul 05 13:56:24 ICT 2026 - === doFilterInternal END ===
Sun Jul 05 13:56:24 ICT 2026 - === doFilterInternal START ===
Sun Jul 05 13:56:24 ICT 2026 - Request URI: /api/streaks/b1f3d0f5-efee-46fa-9fdd-4ab81d4bd466
Sun Jul 05 13:56:24 ICT 2026 - Token found. Length: 1374
Sun Jul 05 13:56:24 ICT 2026 - Token validated successfully. Subject: b1f3d0f5-efee-46fa-9fdd-4ab81d4bd466
Sun Jul 05 13:56:24 ICT 2026 - === doFilterInternal START ===
Sun Jul 05 13:56:24 ICT 2026 - Request URI: /api/classes/user/b1f3d0f5-efee-46fa-9fdd-4ab81d4bd466
Sun Jul 05 13:56:24 ICT 2026 - Token found. Length: 1374
Sun Jul 05 13:56:24 ICT 2026 - Token validated successfully. Subject: b1f3d0f5-efee-46fa-9fdd-4ab81d4bd466
Sun Jul 05 13:56:24 ICT 2026 - User found in database: hoaiduclequoc@gmail.com | DB Role: 2 | Mapped Authority: ROLE_ADMIN
Sun Jul 05 13:56:24 ICT 2026 - Authentication set in SecurityContext for user: hoaiduclequoc@gmail.com
Sun Jul 05 13:56:24 ICT 2026 - === doFilterInternal END ===
Sun Jul 05 13:56:24 ICT 2026 - === doFilterInternal START ===
Sun Jul 05 13:56:24 ICT 2026 - Request URI: /api/admin/stats
Sun Jul 05 13:56:24 ICT 2026 - Token found. Length: 1374
Sun Jul 05 13:56:24 ICT 2026 - Token validated successfully. Subject: b1f3d0f5-efee-46fa-9fdd-4ab81d4bd466
Sun Jul 05 13:56:24 ICT 2026 - User found in database: hoaiduclequoc@gmail.com | DB Role: 2 | Mapped Authority: ROLE_ADMIN
Sun Jul 05 13:56:24 ICT 2026 - Authentication set in SecurityContext for user: hoaiduclequoc@gmail.com
Sun Jul 05 13:56:24 ICT 2026 - === doFilterInternal END ===
Sun Jul 05 13:56:24 ICT 2026 - === doFilterInternal START ===
Sun Jul 05 13:56:24 ICT 2026 - Request URI: /api/admin/users
Sun Jul 05 13:56:24 ICT 2026 - Token found. Length: 1374
Sun Jul 05 13:56:24 ICT 2026 - Token validated successfully. Subject: b1f3d0f5-efee-46fa-9fdd-4ab81d4bd466
Sun Jul 05 13:56:24 ICT 2026 - === doFilterInternal START ===
Sun Jul 05 13:56:24 ICT 2026 - Request URI: /api/submissions/user/b1f3d0f5-efee-46fa-9fdd-4ab81d4bd466
Sun Jul 05 13:56:24 ICT 2026 - Token found. Length: 1374
Sun Jul 05 13:56:24 ICT 2026 - Token validated successfully. Subject: b1f3d0f5-efee-46fa-9fdd-4ab81d4bd466
Sun Jul 05 13:56:24 ICT 2026 - User found in database: hoaiduclequoc@gmail.com | DB Role: 2 | Mapped Authority: ROLE_ADMIN
Sun Jul 05 13:56:24 ICT 2026 - Authentication set in SecurityContext for user: hoaiduclequoc@gmail.com
Sun Jul 05 13:56:24 ICT 2026 - === doFilterInternal END ===
Sun Jul 05 13:56:24 ICT 2026 - User found in database: hoaiduclequoc@gmail.com | DB Role: 2 | Mapped Authority: ROLE_ADMIN
Sun Jul 05 13:56:24 ICT 2026 - Authentication set in SecurityContext for user: hoaiduclequoc@gmail.com
Sun Jul 05 13:56:24 ICT 2026 - === doFilterInternal END ===
Sun Jul 05 13:56:24 ICT 2026 - === doFilterInternal START ===
Sun Jul 05 13:56:24 ICT 2026 - Request URI: /api/admin/comments
Sun Jul 05 13:56:24 ICT 2026 - Token found. Length: 1374
Sun Jul 05 13:56:24 ICT 2026 - Token validated successfully. Subject: b1f3d0f5-efee-46fa-9fdd-4ab81d4bd466
Sun Jul 05 13:56:24 ICT 2026 - User found in database: hoaiduclequoc@gmail.com | DB Role: 2 | Mapped Authority: ROLE_ADMIN
Sun Jul 05 13:56:24 ICT 2026 - Authentication set in SecurityContext for user: hoaiduclequoc@gmail.com
Sun Jul 05 13:56:24 ICT 2026 - === doFilterInternal END ===
Sun Jul 05 13:56:25 ICT 2026 - === doFilterInternal START ===
Sun Jul 05 13:56:25 ICT 2026 - Request URI: /api/chat/unread-count/b1f3d0f5-efee-46fa-9fdd-4ab81d4bd466
Sun Jul 05 13:56:25 ICT 2026 - Token found. Length: 1374
Sun Jul 05 13:56:25 ICT 2026 - Token validated successfully. Subject: b1f3d0f5-efee-46fa-9fdd-4ab81d4bd466
Sun Jul 05 13:56:25 ICT 2026 - === doFilterInternal START ===
Sun Jul 05 13:56:25 ICT 2026 - Request URI: /api/quiz-attempts/user/b1f3d0f5-efee-46fa-9fdd-4ab81d4bd466
Sun Jul 05 13:56:25 ICT 2026 - Token found. Length: 1374
Sun Jul 05 13:56:25 ICT 2026 - User found in database: hoaiduclequoc@gmail.com | DB Role: 2 | Mapped Authority: ROLE_ADMIN
Sun Jul 05 13:56:25 ICT 2026 - Token validated successfully. Subject: b1f3d0f5-efee-46fa-9fdd-4ab81d4bd466
Sun Jul 05 13:56:25 ICT 2026 - Authentication set in SecurityContext for user: hoaiduclequoc@gmail.com
Sun Jul 05 13:56:25 ICT 2026 - === doFilterInternal END ===
Sun Jul 05 13:56:25 ICT 2026 - === doFilterInternal START ===
Sun Jul 05 13:56:25 ICT 2026 - Request URI: /api/admin/posts
Sun Jul 05 13:56:25 ICT 2026 - Token found. Length: 1374
Sun Jul 05 13:56:25 ICT 2026 - Token validated successfully. Subject: b1f3d0f5-efee-46fa-9fdd-4ab81d4bd466
Sun Jul 05 13:56:25 ICT 2026 - === doFilterInternal START ===
Sun Jul 05 13:56:25 ICT 2026 - Request URI: /api/streaks/b1f3d0f5-efee-46fa-9fdd-4ab81d4bd466
Sun Jul 05 13:56:25 ICT 2026 - Token found. Length: 1374
Sun Jul 05 13:56:25 ICT 2026 - Token validated successfully. Subject: b1f3d0f5-efee-46fa-9fdd-4ab81d4bd466
Sun Jul 05 13:56:25 ICT 2026 - User found in database: hoaiduclequoc@gmail.com | DB Role: 2 | Mapped Authority: ROLE_ADMIN
Sun Jul 05 13:56:25 ICT 2026 - Authentication set in SecurityContext for user: hoaiduclequoc@gmail.com
Sun Jul 05 13:56:25 ICT 2026 - === doFilterInternal END ===
Sun Jul 05 13:56:25 ICT 2026 - === doFilterInternal START ===
Sun Jul 05 13:56:25 ICT 2026 - Request URI: /api/classes/user/b1f3d0f5-efee-46fa-9fdd-4ab81d4bd466
Sun Jul 05 13:56:25 ICT 2026 - Token found. Length: 1374
Sun Jul 05 13:56:25 ICT 2026 - Token validated successfully. Subject: b1f3d0f5-efee-46fa-9fdd-4ab81d4bd466
Sun Jul 05 13:56:25 ICT 2026 - User found in database: hoaiduclequoc@gmail.com | DB Role: 2 | Mapped Authority: ROLE_ADMIN
Sun Jul 05 13:56:25 ICT 2026 - Authentication set in SecurityContext for user: hoaiduclequoc@gmail.com
Sun Jul 05 13:56:25 ICT 2026 - === doFilterInternal END ===
Sun Jul 05 13:56:25 ICT 2026 - User found in database: hoaiduclequoc@gmail.com | DB Role: 2 | Mapped Authority: ROLE_ADMIN
Sun Jul 05 13:56:25 ICT 2026 - Authentication set in SecurityContext for user: hoaiduclequoc@gmail.com
Sun Jul 05 13:56:25 ICT 2026 - === doFilterInternal END ===
Sun Jul 05 13:56:25 ICT 2026 - User found in database: hoaiduclequoc@gmail.com | DB Role: 2 | Mapped Authority: ROLE_ADMIN
Sun Jul 05 13:56:25 ICT 2026 - Authentication set in SecurityContext for user: hoaiduclequoc@gmail.com
Sun Jul 05 13:56:25 ICT 2026 - === doFilterInternal END ===
Sun Jul 05 13:56:25 ICT 2026 - User found in database: hoaiduclequoc@gmail.com | DB Role: 2 | Mapped Authority: ROLE_ADMIN
Sun Jul 05 13:56:25 ICT 2026 - Authentication set in SecurityContext for user: hoaiduclequoc@gmail.com
Sun Jul 05 13:56:25 ICT 2026 - === doFilterInternal END ===
Sun Jul 05 13:56:25 ICT 2026 - === doFilterInternal START ===
Sun Jul 05 13:56:25 ICT 2026 - Request URI: /api/submissions/user/b1f3d0f5-efee-46fa-9fdd-4ab81d4bd466
Sun Jul 05 13:56:25 ICT 2026 - Token found. Length: 1374
Sun Jul 05 13:56:25 ICT 2026 - Token validated successfully. Subject: b1f3d0f5-efee-46fa-9fdd-4ab81d4bd466
Sun Jul 05 13:56:25 ICT 2026 - === doFilterInternal START ===
Sun Jul 05 13:56:25 ICT 2026 - Request URI: /api/admin/classes
Sun Jul 05 13:56:25 ICT 2026 - Token found. Length: 1374
Sun Jul 05 13:56:25 ICT 2026 - Token validated successfully. Subject: b1f3d0f5-efee-46fa-9fdd-4ab81d4bd466
Sun Jul 05 13:56:25 ICT 2026 - User found in database: hoaiduclequoc@gmail.com | DB Role: 2 | Mapped Authority: ROLE_ADMIN
Sun Jul 05 13:56:25 ICT 2026 - Authentication set in SecurityContext for user: hoaiduclequoc@gmail.com
Sun Jul 05 13:56:25 ICT 2026 - === doFilterInternal END ===
Sun Jul 05 13:56:25 ICT 2026 - === doFilterInternal START ===
Sun Jul 05 13:56:25 ICT 2026 - Request URI: /api/admin/stats
Sun Jul 05 13:56:25 ICT 2026 - Token found. Length: 1374
Sun Jul 05 13:56:25 ICT 2026 - Token validated successfully. Subject: b1f3d0f5-efee-46fa-9fdd-4ab81d4bd466
Sun Jul 05 13:56:25 ICT 2026 - === doFilterInternal START ===
Sun Jul 05 13:56:25 ICT 2026 - Request URI: /api/quiz-attempts/user/b1f3d0f5-efee-46fa-9fdd-4ab81d4bd466
Sun Jul 05 13:56:25 ICT 2026 - Token found. Length: 1374
Sun Jul 05 13:56:25 ICT 2026 - Token validated successfully. Subject: b1f3d0f5-efee-46fa-9fdd-4ab81d4bd466
Sun Jul 05 13:56:25 ICT 2026 - User found in database: hoaiduclequoc@gmail.com | DB Role: 2 | Mapped Authority: ROLE_ADMIN
Sun Jul 05 13:56:25 ICT 2026 - === doFilterInternal START ===
Sun Jul 05 13:56:25 ICT 2026 - Request URI: /api/admin/comments
Sun Jul 05 13:56:25 ICT 2026 - Authentication set in SecurityContext for user: hoaiduclequoc@gmail.com
Sun Jul 05 13:56:25 ICT 2026 - === doFilterInternal END ===
Sun Jul 05 13:56:25 ICT 2026 - Token found. Length: 1374
Sun Jul 05 13:56:25 ICT 2026 - Token validated successfully. Subject: b1f3d0f5-efee-46fa-9fdd-4ab81d4bd466
Sun Jul 05 13:56:25 ICT 2026 - === doFilterInternal START ===
Sun Jul 05 13:56:25 ICT 2026 - Request URI: /api/streaks/b1f3d0f5-efee-46fa-9fdd-4ab81d4bd466
Sun Jul 05 13:56:25 ICT 2026 - Token found. Length: 1374
Sun Jul 05 13:56:25 ICT 2026 - Token validated successfully. Subject: b1f3d0f5-efee-46fa-9fdd-4ab81d4bd466
Sun Jul 05 13:56:25 ICT 2026 - User found in database: hoaiduclequoc@gmail.com | DB Role: 2 | Mapped Authority: ROLE_ADMIN
Sun Jul 05 13:56:25 ICT 2026 - Authentication set in SecurityContext for user: hoaiduclequoc@gmail.com
Sun Jul 05 13:56:25 ICT 2026 - === doFilterInternal END ===
Sun Jul 05 13:56:25 ICT 2026 - User found in database: hoaiduclequoc@gmail.com | DB Role: 2 | Mapped Authority: ROLE_ADMIN
Sun Jul 05 13:56:25 ICT 2026 - Authentication set in SecurityContext for user: hoaiduclequoc@gmail.com
Sun Jul 05 13:56:25 ICT 2026 - === doFilterInternal END ===
Sun Jul 05 13:56:25 ICT 2026 - User found in database: hoaiduclequoc@gmail.com | DB Role: 2 | Mapped Authority: ROLE_ADMIN
Sun Jul 05 13:56:25 ICT 2026 - Authentication set in SecurityContext for user: hoaiduclequoc@gmail.com
Sun Jul 05 13:56:25 ICT 2026 - === doFilterInternal END ===
Sun Jul 05 13:56:25 ICT 2026 - User found in database: hoaiduclequoc@gmail.com | DB Role: 2 | Mapped Authority: ROLE_ADMIN
Sun Jul 05 13:56:25 ICT 2026 - Authentication set in SecurityContext for user: hoaiduclequoc@gmail.com
Sun Jul 05 13:56:25 ICT 2026 - === doFilterInternal END ===
Sun Jul 05 13:56:25 ICT 2026 - === doFilterInternal START ===
Sun Jul 05 13:56:25 ICT 2026 - Request URI: /api/classes/user/b1f3d0f5-efee-46fa-9fdd-4ab81d4bd466
Sun Jul 05 13:56:25 ICT 2026 - Token found. Length: 1374
Sun Jul 05 13:56:25 ICT 2026 - Token validated successfully. Subject: b1f3d0f5-efee-46fa-9fdd-4ab81d4bd466
Sun Jul 05 13:56:25 ICT 2026 - === doFilterInternal START ===
Sun Jul 05 13:56:25 ICT 2026 - Request URI: /api/submissions/user/b1f3d0f5-efee-46fa-9fdd-4ab81d4bd466
Sun Jul 05 13:56:25 ICT 2026 - Token found. Length: 1374
Sun Jul 05 13:56:25 ICT 2026 - Token validated successfully. Subject: b1f3d0f5-efee-46fa-9fdd-4ab81d4bd466
Sun Jul 05 13:56:25 ICT 2026 - === doFilterInternal START ===
Sun Jul 05 13:56:25 ICT 2026 - Request URI: /api/quiz-attempts/user/b1f3d0f5-efee-46fa-9fdd-4ab81d4bd466
Sun Jul 05 13:56:25 ICT 2026 - Token found. Length: 1374
Sun Jul 05 13:56:25 ICT 2026 - === doFilterInternal START ===
Sun Jul 05 13:56:25 ICT 2026 - Request URI: /api/admin/posts
Sun Jul 05 13:56:25 ICT 2026 - Token found. Length: 1374
Sun Jul 05 13:56:25 ICT 2026 - Token validated successfully. Subject: b1f3d0f5-efee-46fa-9fdd-4ab81d4bd466
Sun Jul 05 13:56:25 ICT 2026 - Token validated successfully. Subject: b1f3d0f5-efee-46fa-9fdd-4ab81d4bd466
Sun Jul 05 13:56:25 ICT 2026 - User found in database: hoaiduclequoc@gmail.com | DB Role: 2 | Mapped Authority: ROLE_ADMIN
Sun Jul 05 13:56:25 ICT 2026 - Authentication set in SecurityContext for user: hoaiduclequoc@gmail.com
Sun Jul 05 13:56:25 ICT 2026 - === doFilterInternal END ===
Sun Jul 05 13:56:25 ICT 2026 - User found in database: hoaiduclequoc@gmail.com | DB Role: 2 | Mapped Authority: ROLE_ADMIN
Sun Jul 05 13:56:25 ICT 2026 - Authentication set in SecurityContext for user: hoaiduclequoc@gmail.com
Sun Jul 05 13:56:25 ICT 2026 - === doFilterInternal END ===
Sun Jul 05 13:56:25 ICT 2026 - User found in database: hoaiduclequoc@gmail.com | DB Role: 2 | Mapped Authority: ROLE_ADMIN
Sun Jul 05 13:56:25 ICT 2026 - User found in database: hoaiduclequoc@gmail.com | DB Role: 2 | Mapped Authority: ROLE_ADMIN
Sun Jul 05 13:56:25 ICT 2026 - Authentication set in SecurityContext for user: hoaiduclequoc@gmail.com
Sun Jul 05 13:56:25 ICT 2026 - === doFilterInternal END ===
Sun Jul 05 13:56:25 ICT 2026 - Authentication set in SecurityContext for user: hoaiduclequoc@gmail.com
Sun Jul 05 13:56:25 ICT 2026 - === doFilterInternal END ===
Sun Jul 05 13:56:29 ICT 2026 - === doFilterInternal START ===
Sun Jul 05 13:56:29 ICT 2026 - Request URI: /api/auth/login
Sun Jul 05 13:56:29 ICT 2026 - === doFilterInternal START ===
Sun Jul 05 13:56:29 ICT 2026 - Request URI: /api/chat/unread-count/b1f3d0f5-efee-46fa-9fdd-4ab81d4bd466
Sun Jul 05 13:56:29 ICT 2026 - Token found. Length: 1374
Sun Jul 05 13:56:29 ICT 2026 - Token found. Length: 1374
Sun Jul 05 13:56:29 ICT 2026 - === doFilterInternal START ===
Sun Jul 05 13:56:29 ICT 2026 - Request URI: /api/auth/login
Sun Jul 05 13:56:29 ICT 2026 - Token found. Length: 1374
Sun Jul 05 13:56:29 ICT 2026 - Token validated successfully. Subject: b1f3d0f5-efee-46fa-9fdd-4ab81d4bd466
Sun Jul 05 13:56:29 ICT 2026 - Token validated successfully. Subject: b1f3d0f5-efee-46fa-9fdd-4ab81d4bd466
Sun Jul 05 13:56:29 ICT 2026 - Token validated successfully. Subject: b1f3d0f5-efee-46fa-9fdd-4ab81d4bd466
Sun Jul 05 13:56:29 ICT 2026 - === doFilterInternal START ===
Sun Jul 05 13:56:29 ICT 2026 - Request URI: /api/auth/login
Sun Jul 05 13:56:29 ICT 2026 - === doFilterInternal START ===
Sun Jul 05 13:56:29 ICT 2026 - Request URI: /api/auth/login
Sun Jul 05 13:56:29 ICT 2026 - Token found. Length: 1374
Sun Jul 05 13:56:29 ICT 2026 - Token found. Length: 1374
Sun Jul 05 13:56:29 ICT 2026 - === doFilterInternal START ===
Sun Jul 05 13:56:29 ICT 2026 - Request URI: /api/streaks/b1f3d0f5-efee-46fa-9fdd-4ab81d4bd466
Sun Jul 05 13:56:29 ICT 2026 - Token found. Length: 1374
Sun Jul 05 13:56:29 ICT 2026 - Token validated successfully. Subject: b1f3d0f5-efee-46fa-9fdd-4ab81d4bd466
Sun Jul 05 13:56:29 ICT 2026 - Token validated successfully. Subject: b1f3d0f5-efee-46fa-9fdd-4ab81d4bd466
Sun Jul 05 13:56:29 ICT 2026 - Token validated successfully. Subject: b1f3d0f5-efee-46fa-9fdd-4ab81d4bd466
Sun Jul 05 13:56:29 ICT 2026 - User found in database: hoaiduclequoc@gmail.com | DB Role: 2 | Mapped Authority: ROLE_ADMIN
Sun Jul 05 13:56:29 ICT 2026 - User found in database: hoaiduclequoc@gmail.com | DB Role: 2 | Mapped Authority: ROLE_ADMIN
Sun Jul 05 13:56:29 ICT 2026 - Authentication set in SecurityContext for user: hoaiduclequoc@gmail.com
Sun Jul 05 13:56:29 ICT 2026 - === doFilterInternal END ===
Sun Jul 05 13:56:29 ICT 2026 - Authentication set in SecurityContext for user: hoaiduclequoc@gmail.com
Sun Jul 05 13:56:29 ICT 2026 - === doFilterInternal END ===
Sun Jul 05 13:56:29 ICT 2026 - User found in database: hoaiduclequoc@gmail.com | DB Role: 2 | Mapped Authority: ROLE_ADMIN
Sun Jul 05 13:56:29 ICT 2026 - Authentication set in SecurityContext for user: hoaiduclequoc@gmail.com
Sun Jul 05 13:56:29 ICT 2026 - === doFilterInternal END ===
Sun Jul 05 13:56:29 ICT 2026 - User found in database: hoaiduclequoc@gmail.com | DB Role: 2 | Mapped Authority: ROLE_ADMIN
Sun Jul 05 13:56:29 ICT 2026 - Authentication set in SecurityContext for user: hoaiduclequoc@gmail.com
Sun Jul 05 13:56:29 ICT 2026 - === doFilterInternal END ===
Sun Jul 05 13:56:29 ICT 2026 - User found in database: hoaiduclequoc@gmail.com | DB Role: 2 | Mapped Authority: ROLE_ADMIN
Sun Jul 05 13:56:29 ICT 2026 - User found in database: hoaiduclequoc@gmail.com | DB Role: 2 | Mapped Authority: ROLE_ADMIN
Sun Jul 05 13:56:29 ICT 2026 - Authentication set in SecurityContext for user: hoaiduclequoc@gmail.com
Sun Jul 05 13:56:29 ICT 2026 - === doFilterInternal END ===
Sun Jul 05 13:56:29 ICT 2026 - Authentication set in SecurityContext for user: hoaiduclequoc@gmail.com
Sun Jul 05 13:56:29 ICT 2026 - === doFilterInternal END ===
Sun Jul 05 13:56:29 ICT 2026 - === doFilterInternal START ===
Sun Jul 05 13:56:29 ICT 2026 - Request URI: /api/submissions/user/b1f3d0f5-efee-46fa-9fdd-4ab81d4bd466
Sun Jul 05 13:56:29 ICT 2026 - Token found. Length: 1374
Sun Jul 05 13:56:29 ICT 2026 - Token validated successfully. Subject: b1f3d0f5-efee-46fa-9fdd-4ab81d4bd466
Sun Jul 05 13:56:29 ICT 2026 - === doFilterInternal START ===
Sun Jul 05 13:56:29 ICT 2026 - Request URI: /api/quiz-attempts/user/b1f3d0f5-efee-46fa-9fdd-4ab81d4bd466
Sun Jul 05 13:56:29 ICT 2026 - Token found. Length: 1374
Sun Jul 05 13:56:29 ICT 2026 - Token validated successfully. Subject: b1f3d0f5-efee-46fa-9fdd-4ab81d4bd466
Sun Jul 05 13:56:29 ICT 2026 - === doFilterInternal START ===
Sun Jul 05 13:56:29 ICT 2026 - Request URI: /api/chat/unread-count/b1f3d0f5-efee-46fa-9fdd-4ab81d4bd466
Sun Jul 05 13:56:29 ICT 2026 - Token found. Length: 1374
Sun Jul 05 13:56:29 ICT 2026 - Token validated successfully. Subject: b1f3d0f5-efee-46fa-9fdd-4ab81d4bd466
Sun Jul 05 13:56:29 ICT 2026 - === doFilterInternal START ===
Sun Jul 05 13:56:29 ICT 2026 - Request URI: /api/streaks/b1f3d0f5-efee-46fa-9fdd-4ab81d4bd466
Sun Jul 05 13:56:29 ICT 2026 - Token found. Length: 1374
Sun Jul 05 13:56:29 ICT 2026 - User found in database: hoaiduclequoc@gmail.com | DB Role: 2 | Mapped Authority: ROLE_ADMIN
Sun Jul 05 13:56:29 ICT 2026 - Authentication set in SecurityContext for user: hoaiduclequoc@gmail.com
Sun Jul 05 13:56:29 ICT 2026 - === doFilterInternal END ===
Sun Jul 05 13:56:29 ICT 2026 - Token validated successfully. Subject: b1f3d0f5-efee-46fa-9fdd-4ab81d4bd466
Sun Jul 05 13:56:29 ICT 2026 - User found in database: hoaiduclequoc@gmail.com | DB Role: 2 | Mapped Authority: ROLE_ADMIN
Sun Jul 05 13:56:29 ICT 2026 - Authentication set in SecurityContext for user: hoaiduclequoc@gmail.com
Sun Jul 05 13:56:29 ICT 2026 - === doFilterInternal END ===
Sun Jul 05 13:56:29 ICT 2026 - User found in database: hoaiduclequoc@gmail.com | DB Role: 2 | Mapped Authority: ROLE_ADMIN
Sun Jul 05 13:56:29 ICT 2026 - Authentication set in SecurityContext for user: hoaiduclequoc@gmail.com
Sun Jul 05 13:56:29 ICT 2026 - === doFilterInternal END ===
Sun Jul 05 13:56:29 ICT 2026 - === doFilterInternal START ===
Sun Jul 05 13:56:29 ICT 2026 - Request URI: /api/classes/user/b1f3d0f5-efee-46fa-9fdd-4ab81d4bd466
Sun Jul 05 13:56:29 ICT 2026 - Token found. Length: 1374
Sun Jul 05 13:56:29 ICT 2026 - Token validated successfully. Subject: b1f3d0f5-efee-46fa-9fdd-4ab81d4bd466
Sun Jul 05 13:56:29 ICT 2026 - User found in database: hoaiduclequoc@gmail.com | DB Role: 2 | Mapped Authority: ROLE_ADMIN
Sun Jul 05 13:56:29 ICT 2026 - Authentication set in SecurityContext for user: hoaiduclequoc@gmail.com
Sun Jul 05 13:56:29 ICT 2026 - === doFilterInternal END ===
Sun Jul 05 13:56:29 ICT 2026 - === doFilterInternal START ===
Sun Jul 05 13:56:29 ICT 2026 - Request URI: /api/admin/stats
Sun Jul 05 13:56:29 ICT 2026 - === doFilterInternal START ===
Sun Jul 05 13:56:29 ICT 2026 - Request URI: /api/admin/posts
Sun Jul 05 13:56:29 ICT 2026 - Token found. Length: 1374
Sun Jul 05 13:56:29 ICT 2026 - Token found. Length: 1374
Sun Jul 05 13:56:29 ICT 2026 - Token validated successfully. Subject: b1f3d0f5-efee-46fa-9fdd-4ab81d4bd466
Sun Jul 05 13:56:29 ICT 2026 - Token validated successfully. Subject: b1f3d0f5-efee-46fa-9fdd-4ab81d4bd466
Sun Jul 05 13:56:29 ICT 2026 - User found in database: hoaiduclequoc@gmail.com | DB Role: 2 | Mapped Authority: ROLE_ADMIN
Sun Jul 05 13:56:29 ICT 2026 - Authentication set in SecurityContext for user: hoaiduclequoc@gmail.com
Sun Jul 05 13:56:29 ICT 2026 - === doFilterInternal END ===
Sun Jul 05 13:56:29 ICT 2026 - === doFilterInternal START ===
Sun Jul 05 13:56:29 ICT 2026 - Request URI: /api/admin/comments
Sun Jul 05 13:56:29 ICT 2026 - Token found. Length: 1374
Sun Jul 05 13:56:29 ICT 2026 - Token validated successfully. Subject: b1f3d0f5-efee-46fa-9fdd-4ab81d4bd466
Sun Jul 05 13:56:29 ICT 2026 - User found in database: hoaiduclequoc@gmail.com | DB Role: 2 | Mapped Authority: ROLE_ADMIN
Sun Jul 05 13:56:29 ICT 2026 - User found in database: hoaiduclequoc@gmail.com | DB Role: 2 | Mapped Authority: ROLE_ADMIN
Sun Jul 05 13:56:29 ICT 2026 - Authentication set in SecurityContext for user: hoaiduclequoc@gmail.com
Sun Jul 05 13:56:29 ICT 2026 - === doFilterInternal END ===
Sun Jul 05 13:56:29 ICT 2026 - Authentication set in SecurityContext for user: hoaiduclequoc@gmail.com
Sun Jul 05 13:56:29 ICT 2026 - === doFilterInternal END ===
Sun Jul 05 13:56:29 ICT 2026 - === doFilterInternal START ===
Sun Jul 05 13:56:29 ICT 2026 - Request URI: /api/admin/users
Sun Jul 05 13:56:29 ICT 2026 - Token found. Length: 1374
Sun Jul 05 13:56:29 ICT 2026 - Token validated successfully. Subject: b1f3d0f5-efee-46fa-9fdd-4ab81d4bd466
Sun Jul 05 13:56:29 ICT 2026 - User found in database: hoaiduclequoc@gmail.com | DB Role: 2 | Mapped Authority: ROLE_ADMIN
Sun Jul 05 13:56:29 ICT 2026 - Authentication set in SecurityContext for user: hoaiduclequoc@gmail.com
Sun Jul 05 13:56:29 ICT 2026 - === doFilterInternal END ===
Sun Jul 05 13:56:29 ICT 2026 - === doFilterInternal START ===
Sun Jul 05 13:56:29 ICT 2026 - Request URI: /api/admin/classes
Sun Jul 05 13:56:29 ICT 2026 - Token found. Length: 1374
Sun Jul 05 13:56:29 ICT 2026 - Token validated successfully. Subject: b1f3d0f5-efee-46fa-9fdd-4ab81d4bd466
Sun Jul 05 13:56:29 ICT 2026 - User found in database: hoaiduclequoc@gmail.com | DB Role: 2 | Mapped Authority: ROLE_ADMIN
Sun Jul 05 13:56:29 ICT 2026 - Authentication set in SecurityContext for user: hoaiduclequoc@gmail.com
Sun Jul 05 13:56:29 ICT 2026 - === doFilterInternal END ===
Sun Jul 05 13:56:29 ICT 2026 - === doFilterInternal START ===
Sun Jul 05 13:56:29 ICT 2026 - Request URI: /api/submissions/user/b1f3d0f5-efee-46fa-9fdd-4ab81d4bd466
Sun Jul 05 13:56:29 ICT 2026 - Token found. Length: 1374
Sun Jul 05 13:56:29 ICT 2026 - Token validated successfully. Subject: b1f3d0f5-efee-46fa-9fdd-4ab81d4bd466
Sun Jul 05 13:56:29 ICT 2026 - User found in database: hoaiduclequoc@gmail.com | DB Role: 2 | Mapped Authority: ROLE_ADMIN
Sun Jul 05 13:56:29 ICT 2026 - Authentication set in SecurityContext for user: hoaiduclequoc@gmail.com
Sun Jul 05 13:56:29 ICT 2026 - === doFilterInternal END ===
Sun Jul 05 13:56:30 ICT 2026 - === doFilterInternal START ===
Sun Jul 05 13:56:30 ICT 2026 - Request URI: /api/chat/unread-count/b1f3d0f5-efee-46fa-9fdd-4ab81d4bd466
Sun Jul 05 13:56:30 ICT 2026 - === doFilterInternal START ===
Sun Jul 05 13:56:30 ICT 2026 - Request URI: /api/quiz-attempts/user/b1f3d0f5-efee-46fa-9fdd-4ab81d4bd466
Sun Jul 05 13:56:30 ICT 2026 - Token found. Length: 1374
Sun Jul 05 13:56:30 ICT 2026 - Token found. Length: 1374
Sun Jul 05 13:56:30 ICT 2026 - Token validated successfully. Subject: b1f3d0f5-efee-46fa-9fdd-4ab81d4bd466
Sun Jul 05 13:56:30 ICT 2026 - Token validated successfully. Subject: b1f3d0f5-efee-46fa-9fdd-4ab81d4bd466
Sun Jul 05 13:56:30 ICT 2026 - User found in database: hoaiduclequoc@gmail.com | DB Role: 2 | Mapped Authority: ROLE_ADMIN
Sun Jul 05 13:56:30 ICT 2026 - Authentication set in SecurityContext for user: hoaiduclequoc@gmail.com
Sun Jul 05 13:56:30 ICT 2026 - === doFilterInternal END ===
Sun Jul 05 13:56:30 ICT 2026 - User found in database: hoaiduclequoc@gmail.com | DB Role: 2 | Mapped Authority: ROLE_ADMIN
Sun Jul 05 13:56:30 ICT 2026 - User found in database: hoaiduclequoc@gmail.com | DB Role: 2 | Mapped Authority: ROLE_ADMIN
Sun Jul 05 13:56:30 ICT 2026 - Authentication set in SecurityContext for user: hoaiduclequoc@gmail.com
Sun Jul 05 13:56:30 ICT 2026 - === doFilterInternal END ===
Sun Jul 05 13:56:30 ICT 2026 - Authentication set in SecurityContext for user: hoaiduclequoc@gmail.com
Sun Jul 05 13:56:30 ICT 2026 - === doFilterInternal END ===
Sun Jul 05 13:56:30 ICT 2026 - === doFilterInternal START ===
Sun Jul 05 13:56:30 ICT 2026 - Request URI: /api/streaks/b1f3d0f5-efee-46fa-9fdd-4ab81d4bd466
Sun Jul 05 13:56:30 ICT 2026 - Token found. Length: 1374
Sun Jul 05 13:56:30 ICT 2026 - Token validated successfully. Subject: b1f3d0f5-efee-46fa-9fdd-4ab81d4bd466
Sun Jul 05 13:56:30 ICT 2026 - === doFilterInternal START ===
Sun Jul 05 13:56:30 ICT 2026 - Request URI: /api/classes/user/b1f3d0f5-efee-46fa-9fdd-4ab81d4bd466
Sun Jul 05 13:56:30 ICT 2026 - Token found. Length: 1374
Sun Jul 05 13:56:30 ICT 2026 - Token validated successfully. Subject: b1f3d0f5-efee-46fa-9fdd-4ab81d4bd466
Sun Jul 05 13:56:30 ICT 2026 - User found in database: hoaiduclequoc@gmail.com | DB Role: 2 | Mapped Authority: ROLE_ADMIN
Sun Jul 05 13:56:30 ICT 2026 - Authentication set in SecurityContext for user: hoaiduclequoc@gmail.com
Sun Jul 05 13:56:30 ICT 2026 - === doFilterInternal END ===
Sun Jul 05 13:56:30 ICT 2026 - === doFilterInternal START ===
Sun Jul 05 13:56:30 ICT 2026 - Request URI: /api/admin/stats
Sun Jul 05 13:56:30 ICT 2026 - Token found. Length: 1374
Sun Jul 05 13:56:30 ICT 2026 - Token validated successfully. Subject: b1f3d0f5-efee-46fa-9fdd-4ab81d4bd466
Sun Jul 05 13:56:30 ICT 2026 - User found in database: hoaiduclequoc@gmail.com | DB Role: 2 | Mapped Authority: ROLE_ADMIN
Sun Jul 05 13:56:30 ICT 2026 - Authentication set in SecurityContext for user: hoaiduclequoc@gmail.com
Sun Jul 05 13:56:30 ICT 2026 - === doFilterInternal END ===
Sun Jul 05 13:56:30 ICT 2026 - === doFilterInternal START ===
Sun Jul 05 13:56:30 ICT 2026 - Request URI: /api/admin/users
Sun Jul 05 13:56:30 ICT 2026 - Token found. Length: 1374
Sun Jul 05 13:56:30 ICT 2026 - Token validated successfully. Subject: b1f3d0f5-efee-46fa-9fdd-4ab81d4bd466
Sun Jul 05 13:56:30 ICT 2026 - === doFilterInternal START ===
Sun Jul 05 13:56:30 ICT 2026 - Request URI: /api/submissions/user/b1f3d0f5-efee-46fa-9fdd-4ab81d4bd466
Sun Jul 05 13:56:30 ICT 2026 - Token found. Length: 1374
Sun Jul 05 13:56:30 ICT 2026 - Token validated successfully. Subject: b1f3d0f5-efee-46fa-9fdd-4ab81d4bd466
Sun Jul 05 13:56:30 ICT 2026 - User found in database: hoaiduclequoc@gmail.com | DB Role: 2 | Mapped Authority: ROLE_ADMIN
Sun Jul 05 13:56:30 ICT 2026 - Authentication set in SecurityContext for user: hoaiduclequoc@gmail.com
Sun Jul 05 13:56:30 ICT 2026 - === doFilterInternal END ===
Sun Jul 05 13:56:30 ICT 2026 - User found in database: hoaiduclequoc@gmail.com | DB Role: 2 | Mapped Authority: ROLE_ADMIN
Sun Jul 05 13:56:30 ICT 2026 - Authentication set in SecurityContext for user: hoaiduclequoc@gmail.com
Sun Jul 05 13:56:30 ICT 2026 - === doFilterInternal END ===
Sun Jul 05 13:56:30 ICT 2026 - === doFilterInternal START ===
Sun Jul 05 13:56:30 ICT 2026 - Request URI: /api/admin/comments
Sun Jul 05 13:56:30 ICT 2026 - Token found. Length: 1374
Sun Jul 05 13:56:30 ICT 2026 - Token validated successfully. Subject: b1f3d0f5-efee-46fa-9fdd-4ab81d4bd466
Sun Jul 05 13:56:30 ICT 2026 - User found in database: hoaiduclequoc@gmail.com | DB Role: 2 | Mapped Authority: ROLE_ADMIN
Sun Jul 05 13:56:30 ICT 2026 - Authentication set in SecurityContext for user: hoaiduclequoc@gmail.com
Sun Jul 05 13:56:30 ICT 2026 - === doFilterInternal END ===
Sun Jul 05 13:56:30 ICT 2026 - === doFilterInternal START ===
Sun Jul 05 13:56:30 ICT 2026 - Request URI: /api/chat/unread-count/b1f3d0f5-efee-46fa-9fdd-4ab81d4bd466
Sun Jul 05 13:56:30 ICT 2026 - Token found. Length: 1374
Sun Jul 05 13:56:30 ICT 2026 - Token validated successfully. Subject: b1f3d0f5-efee-46fa-9fdd-4ab81d4bd466
Sun Jul 05 13:56:30 ICT 2026 - === doFilterInternal START ===
Sun Jul 05 13:56:30 ICT 2026 - Request URI: /api/quiz-attempts/user/b1f3d0f5-efee-46fa-9fdd-4ab81d4bd466
Sun Jul 05 13:56:30 ICT 2026 - Token found. Length: 1374
Sun Jul 05 13:56:30 ICT 2026 - Token validated successfully. Subject: b1f3d0f5-efee-46fa-9fdd-4ab81d4bd466
Sun Jul 05 13:56:30 ICT 2026 - User found in database: hoaiduclequoc@gmail.com | DB Role: 2 | Mapped Authority: ROLE_ADMIN
Sun Jul 05 13:56:30 ICT 2026 - Authentication set in SecurityContext for user: hoaiduclequoc@gmail.com
Sun Jul 05 13:56:30 ICT 2026 - === doFilterInternal END ===
Sun Jul 05 13:56:30 ICT 2026 - === doFilterInternal START ===
Sun Jul 05 13:56:30 ICT 2026 - Request URI: /api/admin/posts
Sun Jul 05 13:56:30 ICT 2026 - Token found. Length: 1374
Sun Jul 05 13:56:30 ICT 2026 - Token validated successfully. Subject: b1f3d0f5-efee-46fa-9fdd-4ab81d4bd466
Sun Jul 05 13:56:30 ICT 2026 - === doFilterInternal START ===
Sun Jul 05 13:56:30 ICT 2026 - Request URI: /api/streaks/b1f3d0f5-efee-46fa-9fdd-4ab81d4bd466
Sun Jul 05 13:56:30 ICT 2026 - === doFilterInternal START ===
Sun Jul 05 13:56:30 ICT 2026 - Request URI: /api/classes/user/b1f3d0f5-efee-46fa-9fdd-4ab81d4bd466
Sun Jul 05 13:56:30 ICT 2026 - Token found. Length: 1374
Sun Jul 05 13:56:30 ICT 2026 - Token found. Length: 1374
Sun Jul 05 13:56:30 ICT 2026 - User found in database: hoaiduclequoc@gmail.com | DB Role: 2 | Mapped Authority: ROLE_ADMIN
Sun Jul 05 13:56:30 ICT 2026 - Authentication set in SecurityContext for user: hoaiduclequoc@gmail.com
Sun Jul 05 13:56:30 ICT 2026 - === doFilterInternal END ===
Sun Jul 05 13:56:30 ICT 2026 - Token validated successfully. Subject: b1f3d0f5-efee-46fa-9fdd-4ab81d4bd466
Sun Jul 05 13:56:30 ICT 2026 - Token validated successfully. Subject: b1f3d0f5-efee-46fa-9fdd-4ab81d4bd466
Sun Jul 05 13:56:30 ICT 2026 - User found in database: hoaiduclequoc@gmail.com | DB Role: 2 | Mapped Authority: ROLE_ADMIN
Sun Jul 05 13:56:30 ICT 2026 - Authentication set in SecurityContext for user: hoaiduclequoc@gmail.com
Sun Jul 05 13:56:30 ICT 2026 - === doFilterInternal END ===
Sun Jul 05 13:56:30 ICT 2026 - User found in database: hoaiduclequoc@gmail.com | DB Role: 2 | Mapped Authority: ROLE_ADMIN
Sun Jul 05 13:56:30 ICT 2026 - Authentication set in SecurityContext for user: hoaiduclequoc@gmail.com
Sun Jul 05 13:56:30 ICT 2026 - === doFilterInternal END ===
Sun Jul 05 13:56:30 ICT 2026 - User found in database: hoaiduclequoc@gmail.com | DB Role: 2 | Mapped Authority: ROLE_ADMIN
Sun Jul 05 13:56:30 ICT 2026 - User found in database: hoaiduclequoc@gmail.com | DB Role: 2 | Mapped Authority: ROLE_ADMIN
Sun Jul 05 13:56:30 ICT 2026 - Authentication set in SecurityContext for user: hoaiduclequoc@gmail.com
Sun Jul 05 13:56:30 ICT 2026 - === doFilterInternal END ===
Sun Jul 05 13:56:30 ICT 2026 - Authentication set in SecurityContext for user: hoaiduclequoc@gmail.com
Sun Jul 05 13:56:30 ICT 2026 - === doFilterInternal END ===
Sun Jul 05 13:56:30 ICT 2026 - === doFilterInternal START ===
Sun Jul 05 13:56:30 ICT 2026 - Request URI: /api/submissions/user/b1f3d0f5-efee-46fa-9fdd-4ab81d4bd466
Sun Jul 05 13:56:30 ICT 2026 - Token found. Length: 1374
Sun Jul 05 13:56:30 ICT 2026 - Token validated successfully. Subject: b1f3d0f5-efee-46fa-9fdd-4ab81d4bd466
Sun Jul 05 13:56:30 ICT 2026 - === doFilterInternal START ===
Sun Jul 05 13:56:30 ICT 2026 - Request URI: /api/admin/stats
Sun Jul 05 13:56:30 ICT 2026 - Token found. Length: 1374
Sun Jul 05 13:56:30 ICT 2026 - Token validated successfully. Subject: b1f3d0f5-efee-46fa-9fdd-4ab81d4bd466
Sun Jul 05 13:56:30 ICT 2026 - User found in database: hoaiduclequoc@gmail.com | DB Role: 2 | Mapped Authority: ROLE_ADMIN
Sun Jul 05 13:56:30 ICT 2026 - Authentication set in SecurityContext for user: hoaiduclequoc@gmail.com
Sun Jul 05 13:56:30 ICT 2026 - === doFilterInternal END ===
Sun Jul 05 13:56:30 ICT 2026 - === doFilterInternal START ===
Sun Jul 05 13:56:30 ICT 2026 - Request URI: /api/admin/classes
Sun Jul 05 13:56:30 ICT 2026 - Token found. Length: 1374
Sun Jul 05 13:56:30 ICT 2026 - Token validated successfully. Subject: b1f3d0f5-efee-46fa-9fdd-4ab81d4bd466
Sun Jul 05 13:56:30 ICT 2026 - === doFilterInternal START ===
Sun Jul 05 13:56:30 ICT 2026 - Request URI: /api/quiz-attempts/user/b1f3d0f5-efee-46fa-9fdd-4ab81d4bd466
Sun Jul 05 13:56:30 ICT 2026 - === doFilterInternal START ===
Sun Jul 05 13:56:30 ICT 2026 - Request URI: /api/admin/comments
Sun Jul 05 13:56:30 ICT 2026 - Token found. Length: 1374
Sun Jul 05 13:56:30 ICT 2026 - Token found. Length: 1374
Sun Jul 05 13:56:30 ICT 2026 - User found in database: hoaiduclequoc@gmail.com | DB Role: 2 | Mapped Authority: ROLE_ADMIN
Sun Jul 05 13:56:30 ICT 2026 - Authentication set in SecurityContext for user: hoaiduclequoc@gmail.com
Sun Jul 05 13:56:30 ICT 2026 - === doFilterInternal END ===
Sun Jul 05 13:56:30 ICT 2026 - Token validated successfully. Subject: b1f3d0f5-efee-46fa-9fdd-4ab81d4bd466
Sun Jul 05 13:56:30 ICT 2026 - Token validated successfully. Subject: b1f3d0f5-efee-46fa-9fdd-4ab81d4bd466
Sun Jul 05 13:56:30 ICT 2026 - === doFilterInternal START ===
Sun Jul 05 13:56:30 ICT 2026 - Request URI: /api/classes/user/b1f3d0f5-efee-46fa-9fdd-4ab81d4bd466
Sun Jul 05 13:56:30 ICT 2026 - Token found. Length: 1374
Sun Jul 05 13:56:30 ICT 2026 - Token validated successfully. Subject: b1f3d0f5-efee-46fa-9fdd-4ab81d4bd466
Sun Jul 05 13:56:30 ICT 2026 - User found in database: hoaiduclequoc@gmail.com | DB Role: 2 | Mapped Authority: ROLE_ADMIN
Sun Jul 05 13:56:30 ICT 2026 - Authentication set in SecurityContext for user: hoaiduclequoc@gmail.com
Sun Jul 05 13:56:30 ICT 2026 - === doFilterInternal END ===
Sun Jul 05 13:56:30 ICT 2026 - User found in database: hoaiduclequoc@gmail.com | DB Role: 2 | Mapped Authority: ROLE_ADMIN
Sun Jul 05 13:56:30 ICT 2026 - User found in database: hoaiduclequoc@gmail.com | DB Role: 2 | Mapped Authority: ROLE_ADMIN
Sun Jul 05 13:56:30 ICT 2026 - Authentication set in SecurityContext for user: hoaiduclequoc@gmail.com
Sun Jul 05 13:56:30 ICT 2026 - === doFilterInternal END ===
Sun Jul 05 13:56:30 ICT 2026 - Authentication set in SecurityContext for user: hoaiduclequoc@gmail.com
Sun Jul 05 13:56:30 ICT 2026 - === doFilterInternal END ===
Sun Jul 05 13:56:31 ICT 2026 - User found in database: hoaiduclequoc@gmail.com | DB Role: 2 | Mapped Authority: ROLE_ADMIN
Sun Jul 05 13:56:31 ICT 2026 - Authentication set in SecurityContext for user: hoaiduclequoc@gmail.com
Sun Jul 05 13:56:31 ICT 2026 - === doFilterInternal END ===
Sun Jul 05 13:56:31 ICT 2026 - === doFilterInternal START ===
Sun Jul 05 13:56:31 ICT 2026 - Request URI: /api/streaks/b1f3d0f5-efee-46fa-9fdd-4ab81d4bd466
Sun Jul 05 13:56:31 ICT 2026 - Token found. Length: 1374
Sun Jul 05 13:56:31 ICT 2026 - Token validated successfully. Subject: b1f3d0f5-efee-46fa-9fdd-4ab81d4bd466
Sun Jul 05 13:56:31 ICT 2026 - === doFilterInternal START ===
Sun Jul 05 13:56:31 ICT 2026 - Request URI: /api/submissions/user/b1f3d0f5-efee-46fa-9fdd-4ab81d4bd466
Sun Jul 05 13:56:31 ICT 2026 - Token found. Length: 1374
Sun Jul 05 13:56:31 ICT 2026 - Token validated successfully. Subject: b1f3d0f5-efee-46fa-9fdd-4ab81d4bd466
Sun Jul 05 13:56:31 ICT 2026 - === doFilterInternal START ===
Sun Jul 05 13:56:31 ICT 2026 - Request URI: /api/quiz-attempts/user/b1f3d0f5-efee-46fa-9fdd-4ab81d4bd466
Sun Jul 05 13:56:31 ICT 2026 - Token found. Length: 1374
Sun Jul 05 13:56:31 ICT 2026 - Token validated successfully. Subject: b1f3d0f5-efee-46fa-9fdd-4ab81d4bd466
Sun Jul 05 13:56:31 ICT 2026 - === doFilterInternal START ===
Sun Jul 05 13:56:31 ICT 2026 - Request URI: /api/admin/posts
Sun Jul 05 13:56:31 ICT 2026 - Token found. Length: 1374
Sun Jul 05 13:56:31 ICT 2026 - User found in database: hoaiduclequoc@gmail.com | DB Role: 2 | Mapped Authority: ROLE_ADMIN
Sun Jul 05 13:56:31 ICT 2026 - Authentication set in SecurityContext for user: hoaiduclequoc@gmail.com
Sun Jul 05 13:56:31 ICT 2026 - === doFilterInternal END ===
Sun Jul 05 13:56:31 ICT 2026 - Token validated successfully. Subject: b1f3d0f5-efee-46fa-9fdd-4ab81d4bd466
Sun Jul 05 13:56:31 ICT 2026 - User found in database: hoaiduclequoc@gmail.com | DB Role: 2 | Mapped Authority: ROLE_ADMIN
Sun Jul 05 13:56:31 ICT 2026 - Authentication set in SecurityContext for user: hoaiduclequoc@gmail.com
Sun Jul 05 13:56:31 ICT 2026 - === doFilterInternal END ===
Sun Jul 05 13:56:31 ICT 2026 - User found in database: hoaiduclequoc@gmail.com | DB Role: 2 | Mapped Authority: ROLE_ADMIN
Sun Jul 05 13:56:31 ICT 2026 - Authentication set in SecurityContext for user: hoaiduclequoc@gmail.com
Sun Jul 05 13:56:31 ICT 2026 - === doFilterInternal END ===
Sun Jul 05 13:56:31 ICT 2026 - User found in database: hoaiduclequoc@gmail.com | DB Role: 2 | Mapped Authority: ROLE_ADMIN
Sun Jul 05 13:56:31 ICT 2026 - Authentication set in SecurityContext for user: hoaiduclequoc@gmail.com
Sun Jul 05 13:56:31 ICT 2026 - === doFilterInternal END ===
Sun Jul 05 13:56:34 ICT 2026 - === doFilterInternal START ===
Sun Jul 05 13:56:34 ICT 2026 - Request URI: /api/streaks/b1f3d0f5-efee-46fa-9fdd-4ab81d4bd466/update
Sun Jul 05 13:56:34 ICT 2026 - Token found. Length: 1374
Sun Jul 05 13:56:34 ICT 2026 - Token validated successfully. Subject: b1f3d0f5-efee-46fa-9fdd-4ab81d4bd466
Sun Jul 05 13:56:34 ICT 2026 - User found in database: hoaiduclequoc@gmail.com | DB Role: 2 | Mapped Authority: ROLE_ADMIN
Sun Jul 05 13:56:34 ICT 2026 - Authentication set in SecurityContext for user: hoaiduclequoc@gmail.com
Sun Jul 05 13:56:34 ICT 2026 - === doFilterInternal END ===
Sun Jul 05 13:56:38 ICT 2026 - === doFilterInternal START ===
Sun Jul 05 13:56:38 ICT 2026 - Request URI: /api/chat/unread-count/b1f3d0f5-efee-46fa-9fdd-4ab81d4bd466
Sun Jul 05 13:56:38 ICT 2026 - === doFilterInternal START ===
Sun Jul 05 13:56:38 ICT 2026 - Request URI: /api/auth/login
Sun Jul 05 13:56:38 ICT 2026 - Token found. Length: 1374
Sun Jul 05 13:56:38 ICT 2026 - Token found. Length: 1374
Sun Jul 05 13:56:38 ICT 2026 - Token validated successfully. Subject: b1f3d0f5-efee-46fa-9fdd-4ab81d4bd466
Sun Jul 05 13:56:38 ICT 2026 - Token validated successfully. Subject: b1f3d0f5-efee-46fa-9fdd-4ab81d4bd466
Sun Jul 05 13:56:38 ICT 2026 - === doFilterInternal START ===
Sun Jul 05 13:56:38 ICT 2026 - Request URI: /api/auth/login
Sun Jul 05 13:56:38 ICT 2026 - Token found. Length: 1374
Sun Jul 05 13:56:38 ICT 2026 - Token validated successfully. Subject: b1f3d0f5-efee-46fa-9fdd-4ab81d4bd466
Sun Jul 05 13:56:38 ICT 2026 - === doFilterInternal START ===
Sun Jul 05 13:56:38 ICT 2026 - Request URI: /api/streaks/b1f3d0f5-efee-46fa-9fdd-4ab81d4bd466
Sun Jul 05 13:56:38 ICT 2026 - === doFilterInternal START ===
Sun Jul 05 13:56:38 ICT 2026 - Request URI: /api/quiz-attempts/user/b1f3d0f5-efee-46fa-9fdd-4ab81d4bd466
Sun Jul 05 13:56:38 ICT 2026 - === doFilterInternal START ===
Sun Jul 05 13:56:38 ICT 2026 - Request URI: /api/submissions/user/b1f3d0f5-efee-46fa-9fdd-4ab81d4bd466
Sun Jul 05 13:56:38 ICT 2026 - Token found. Length: 1374
Sun Jul 05 13:56:38 ICT 2026 - Token found. Length: 1374
Sun Jul 05 13:56:38 ICT 2026 - Token found. Length: 1374
Sun Jul 05 13:56:38 ICT 2026 - Token validated successfully. Subject: b1f3d0f5-efee-46fa-9fdd-4ab81d4bd466
Sun Jul 05 13:56:38 ICT 2026 - Token validated successfully. Subject: b1f3d0f5-efee-46fa-9fdd-4ab81d4bd466
Sun Jul 05 13:56:38 ICT 2026 - Token validated successfully. Subject: b1f3d0f5-efee-46fa-9fdd-4ab81d4bd466
Sun Jul 05 13:56:38 ICT 2026 - User found in database: hoaiduclequoc@gmail.com | DB Role: 2 | Mapped Authority: ROLE_ADMIN
Sun Jul 05 13:56:38 ICT 2026 - Authentication set in SecurityContext for user: hoaiduclequoc@gmail.com
Sun Jul 05 13:56:38 ICT 2026 - === doFilterInternal END ===
Sun Jul 05 13:56:38 ICT 2026 - User found in database: hoaiduclequoc@gmail.com | DB Role: 2 | Mapped Authority: ROLE_ADMIN
Sun Jul 05 13:56:38 ICT 2026 - Authentication set in SecurityContext for user: hoaiduclequoc@gmail.com
Sun Jul 05 13:56:38 ICT 2026 - === doFilterInternal END ===
Sun Jul 05 13:56:38 ICT 2026 - User found in database: hoaiduclequoc@gmail.com | DB Role: 2 | Mapped Authority: ROLE_ADMIN
Sun Jul 05 13:56:38 ICT 2026 - Authentication set in SecurityContext for user: hoaiduclequoc@gmail.com
Sun Jul 05 13:56:38 ICT 2026 - === doFilterInternal END ===
Sun Jul 05 13:56:38 ICT 2026 - User found in database: hoaiduclequoc@gmail.com | DB Role: 2 | Mapped Authority: ROLE_ADMIN
Sun Jul 05 13:56:38 ICT 2026 - Authentication set in SecurityContext for user: hoaiduclequoc@gmail.com
Sun Jul 05 13:56:38 ICT 2026 - === doFilterInternal END ===
Sun Jul 05 13:56:38 ICT 2026 - User found in database: hoaiduclequoc@gmail.com | DB Role: 2 | Mapped Authority: ROLE_ADMIN
Sun Jul 05 13:56:38 ICT 2026 - User found in database: hoaiduclequoc@gmail.com | DB Role: 2 | Mapped Authority: ROLE_ADMIN
Sun Jul 05 13:56:38 ICT 2026 - Authentication set in SecurityContext for user: hoaiduclequoc@gmail.com
Sun Jul 05 13:56:38 ICT 2026 - === doFilterInternal END ===
Sun Jul 05 13:56:38 ICT 2026 - Authentication set in SecurityContext for user: hoaiduclequoc@gmail.com
Sun Jul 05 13:56:38 ICT 2026 - === doFilterInternal END ===
Sun Jul 05 13:56:38 ICT 2026 - === doFilterInternal START ===
Sun Jul 05 13:56:38 ICT 2026 - Request URI: /api/auth/login
Sun Jul 05 13:56:38 ICT 2026 - Token found. Length: 1374
Sun Jul 05 13:56:38 ICT 2026 - Token validated successfully. Subject: b1f3d0f5-efee-46fa-9fdd-4ab81d4bd466
Sun Jul 05 13:56:38 ICT 2026 - === doFilterInternal START ===
Sun Jul 05 13:56:38 ICT 2026 - Request URI: /api/auth/login
Sun Jul 05 13:56:38 ICT 2026 - Token found. Length: 1374
Sun Jul 05 13:56:38 ICT 2026 - Token validated successfully. Subject: b1f3d0f5-efee-46fa-9fdd-4ab81d4bd466
Sun Jul 05 13:56:38 ICT 2026 - === doFilterInternal START ===
Sun Jul 05 13:56:38 ICT 2026 - Request URI: /api/submissions/user/b1f3d0f5-efee-46fa-9fdd-4ab81d4bd466
Sun Jul 05 13:56:38 ICT 2026 - Token found. Length: 1374
Sun Jul 05 13:56:38 ICT 2026 - Token validated successfully. Subject: b1f3d0f5-efee-46fa-9fdd-4ab81d4bd466
Sun Jul 05 13:56:38 ICT 2026 - === doFilterInternal START ===
Sun Jul 05 13:56:38 ICT 2026 - Request URI: /api/chat/unread-count/b1f3d0f5-efee-46fa-9fdd-4ab81d4bd466
Sun Jul 05 13:56:38 ICT 2026 - Token found. Length: 1374
Sun Jul 05 13:56:38 ICT 2026 - === doFilterInternal START ===
Sun Jul 05 13:56:38 ICT 2026 - Request URI: /api/classes/user/b1f3d0f5-efee-46fa-9fdd-4ab81d4bd466
Sun Jul 05 13:56:38 ICT 2026 - Token validated successfully. Subject: b1f3d0f5-efee-46fa-9fdd-4ab81d4bd466
Sun Jul 05 13:56:38 ICT 2026 - Token found. Length: 1374
Sun Jul 05 13:56:38 ICT 2026 - User found in database: hoaiduclequoc@gmail.com | DB Role: 2 | Mapped Authority: ROLE_ADMIN
Sun Jul 05 13:56:38 ICT 2026 - Authentication set in SecurityContext for user: hoaiduclequoc@gmail.com
Sun Jul 05 13:56:38 ICT 2026 - === doFilterInternal END ===
Sun Jul 05 13:56:38 ICT 2026 - Token validated successfully. Subject: b1f3d0f5-efee-46fa-9fdd-4ab81d4bd466
Sun Jul 05 13:56:38 ICT 2026 - === doFilterInternal START ===
Sun Jul 05 13:56:38 ICT 2026 - Request URI: /api/quiz-attempts/user/b1f3d0f5-efee-46fa-9fdd-4ab81d4bd466
Sun Jul 05 13:56:38 ICT 2026 - Token found. Length: 1374
Sun Jul 05 13:56:38 ICT 2026 - Token validated successfully. Subject: b1f3d0f5-efee-46fa-9fdd-4ab81d4bd466
Sun Jul 05 13:56:38 ICT 2026 - User found in database: hoaiduclequoc@gmail.com | DB Role: 2 | Mapped Authority: ROLE_ADMIN
Sun Jul 05 13:56:38 ICT 2026 - Authentication set in SecurityContext for user: hoaiduclequoc@gmail.com
Sun Jul 05 13:56:38 ICT 2026 - === doFilterInternal END ===
Sun Jul 05 13:56:38 ICT 2026 - User found in database: hoaiduclequoc@gmail.com | DB Role: 2 | Mapped Authority: ROLE_ADMIN
Sun Jul 05 13:56:38 ICT 2026 - Authentication set in SecurityContext for user: hoaiduclequoc@gmail.com
Sun Jul 05 13:56:38 ICT 2026 - === doFilterInternal END ===
Sun Jul 05 13:56:38 ICT 2026 - User found in database: hoaiduclequoc@gmail.com | DB Role: 2 | Mapped Authority: ROLE_ADMIN
Sun Jul 05 13:56:38 ICT 2026 - Authentication set in SecurityContext for user: hoaiduclequoc@gmail.com
Sun Jul 05 13:56:38 ICT 2026 - === doFilterInternal END ===
Sun Jul 05 13:56:38 ICT 2026 - User found in database: hoaiduclequoc@gmail.com | DB Role: 2 | Mapped Authority: ROLE_ADMIN
Sun Jul 05 13:56:38 ICT 2026 - Authentication set in SecurityContext for user: hoaiduclequoc@gmail.com
Sun Jul 05 13:56:38 ICT 2026 - === doFilterInternal END ===
Sun Jul 05 13:56:38 ICT 2026 - User found in database: hoaiduclequoc@gmail.com | DB Role: 2 | Mapped Authority: ROLE_ADMIN
Sun Jul 05 13:56:38 ICT 2026 - Authentication set in SecurityContext for user: hoaiduclequoc@gmail.com
Sun Jul 05 13:56:38 ICT 2026 - === doFilterInternal END ===
Sun Jul 05 13:56:38 ICT 2026 - === doFilterInternal START ===
Sun Jul 05 13:56:38 ICT 2026 - Request URI: /api/streaks/b1f3d0f5-efee-46fa-9fdd-4ab81d4bd466
Sun Jul 05 13:56:38 ICT 2026 - Token found. Length: 1374
Sun Jul 05 13:56:38 ICT 2026 - Token validated successfully. Subject: b1f3d0f5-efee-46fa-9fdd-4ab81d4bd466
Sun Jul 05 13:56:39 ICT 2026 - === doFilterInternal START ===
Sun Jul 05 13:56:39 ICT 2026 - Request URI: /api/admin/stats
Sun Jul 05 13:56:39 ICT 2026 - Token found. Length: 1374
Sun Jul 05 13:56:39 ICT 2026 - Token validated successfully. Subject: b1f3d0f5-efee-46fa-9fdd-4ab81d4bd466
Sun Jul 05 13:56:39 ICT 2026 - === doFilterInternal START ===
Sun Jul 05 13:56:39 ICT 2026 - Request URI: /api/admin/comments
Sun Jul 05 13:56:39 ICT 2026 - Token found. Length: 1374
Sun Jul 05 13:56:39 ICT 2026 - === doFilterInternal START ===
Sun Jul 05 13:56:39 ICT 2026 - Request URI: /api/admin/posts
Sun Jul 05 13:56:39 ICT 2026 - Token found. Length: 1374
Sun Jul 05 13:56:39 ICT 2026 - Token validated successfully. Subject: b1f3d0f5-efee-46fa-9fdd-4ab81d4bd466
Sun Jul 05 13:56:39 ICT 2026 - Token validated successfully. Subject: b1f3d0f5-efee-46fa-9fdd-4ab81d4bd466
Sun Jul 05 13:56:39 ICT 2026 - User found in database: hoaiduclequoc@gmail.com | DB Role: 2 | Mapped Authority: ROLE_ADMIN
Sun Jul 05 13:56:39 ICT 2026 - Authentication set in SecurityContext for user: hoaiduclequoc@gmail.com
Sun Jul 05 13:56:39 ICT 2026 - === doFilterInternal END ===
Sun Jul 05 13:56:39 ICT 2026 - User found in database: hoaiduclequoc@gmail.com | DB Role: 2 | Mapped Authority: ROLE_ADMIN
Sun Jul 05 13:56:39 ICT 2026 - Authentication set in SecurityContext for user: hoaiduclequoc@gmail.com
Sun Jul 05 13:56:39 ICT 2026 - === doFilterInternal END ===
Sun Jul 05 13:56:39 ICT 2026 - === doFilterInternal START ===
Sun Jul 05 13:56:39 ICT 2026 - Request URI: /api/admin/users
Sun Jul 05 13:56:39 ICT 2026 - Token found. Length: 1374
Sun Jul 05 13:56:39 ICT 2026 - Token validated successfully. Subject: b1f3d0f5-efee-46fa-9fdd-4ab81d4bd466
Sun Jul 05 13:56:39 ICT 2026 - === doFilterInternal START ===
Sun Jul 05 13:56:39 ICT 2026 - Request URI: /api/admin/classes
Sun Jul 05 13:56:39 ICT 2026 - Token found. Length: 1374
Sun Jul 05 13:56:39 ICT 2026 - Token validated successfully. Subject: b1f3d0f5-efee-46fa-9fdd-4ab81d4bd466
Sun Jul 05 13:56:39 ICT 2026 - User found in database: hoaiduclequoc@gmail.com | DB Role: 2 | Mapped Authority: ROLE_ADMIN
Sun Jul 05 13:56:39 ICT 2026 - User found in database: hoaiduclequoc@gmail.com | DB Role: 2 | Mapped Authority: ROLE_ADMIN
Sun Jul 05 13:56:39 ICT 2026 - Authentication set in SecurityContext for user: hoaiduclequoc@gmail.com
Sun Jul 05 13:56:39 ICT 2026 - === doFilterInternal END ===
Sun Jul 05 13:56:39 ICT 2026 - Authentication set in SecurityContext for user: hoaiduclequoc@gmail.com
Sun Jul 05 13:56:39 ICT 2026 - === doFilterInternal END ===
Sun Jul 05 13:56:39 ICT 2026 - User found in database: hoaiduclequoc@gmail.com | DB Role: 2 | Mapped Authority: ROLE_ADMIN
Sun Jul 05 13:56:39 ICT 2026 - Authentication set in SecurityContext for user: hoaiduclequoc@gmail.com
Sun Jul 05 13:56:39 ICT 2026 - === doFilterInternal END ===
Sun Jul 05 13:56:39 ICT 2026 - User found in database: hoaiduclequoc@gmail.com | DB Role: 2 | Mapped Authority: ROLE_ADMIN
Sun Jul 05 13:56:39 ICT 2026 - Authentication set in SecurityContext for user: hoaiduclequoc@gmail.com
Sun Jul 05 13:56:39 ICT 2026 - === doFilterInternal END ===
Sun Jul 05 13:56:39 ICT 2026 - === doFilterInternal START ===
Sun Jul 05 13:56:39 ICT 2026 - Request URI: /api/submissions/user/b1f3d0f5-efee-46fa-9fdd-4ab81d4bd466
Sun Jul 05 13:56:39 ICT 2026 - Token found. Length: 1374
Sun Jul 05 13:56:39 ICT 2026 - Token validated successfully. Subject: b1f3d0f5-efee-46fa-9fdd-4ab81d4bd466
Sun Jul 05 13:56:39 ICT 2026 - === doFilterInternal START ===
Sun Jul 05 13:56:39 ICT 2026 - Request URI: /api/chat/unread-count/b1f3d0f5-efee-46fa-9fdd-4ab81d4bd466
Sun Jul 05 13:56:39 ICT 2026 - Token found. Length: 1374
Sun Jul 05 13:56:39 ICT 2026 - Token validated successfully. Subject: b1f3d0f5-efee-46fa-9fdd-4ab81d4bd466
Sun Jul 05 13:56:39 ICT 2026 - === doFilterInternal START ===
Sun Jul 05 13:56:39 ICT 2026 - Request URI: /api/classes/user/b1f3d0f5-efee-46fa-9fdd-4ab81d4bd466
Sun Jul 05 13:56:39 ICT 2026 - Token found. Length: 1374
Sun Jul 05 13:56:39 ICT 2026 - Token validated successfully. Subject: b1f3d0f5-efee-46fa-9fdd-4ab81d4bd466
Sun Jul 05 13:56:39 ICT 2026 - User found in database: hoaiduclequoc@gmail.com | DB Role: 2 | Mapped Authority: ROLE_ADMIN
Sun Jul 05 13:56:39 ICT 2026 - Authentication set in SecurityContext for user: hoaiduclequoc@gmail.com
Sun Jul 05 13:56:39 ICT 2026 - === doFilterInternal END ===
Sun Jul 05 13:56:39 ICT 2026 - User found in database: hoaiduclequoc@gmail.com | DB Role: 2 | Mapped Authority: ROLE_ADMIN
Sun Jul 05 13:56:39 ICT 2026 - Authentication set in SecurityContext for user: hoaiduclequoc@gmail.com
Sun Jul 05 13:56:39 ICT 2026 - === doFilterInternal END ===
Sun Jul 05 13:56:39 ICT 2026 - User found in database: hoaiduclequoc@gmail.com | DB Role: 2 | Mapped Authority: ROLE_ADMIN
Sun Jul 05 13:56:39 ICT 2026 - Authentication set in SecurityContext for user: hoaiduclequoc@gmail.com
Sun Jul 05 13:56:39 ICT 2026 - === doFilterInternal END ===
Sun Jul 05 13:56:39 ICT 2026 - === doFilterInternal START ===
Sun Jul 05 13:56:39 ICT 2026 - Request URI: /api/quiz-attempts/user/b1f3d0f5-efee-46fa-9fdd-4ab81d4bd466
Sun Jul 05 13:56:39 ICT 2026 - Token found. Length: 1374
Sun Jul 05 13:56:39 ICT 2026 - Token validated successfully. Subject: b1f3d0f5-efee-46fa-9fdd-4ab81d4bd466
Sun Jul 05 13:56:39 ICT 2026 - === doFilterInternal START ===
Sun Jul 05 13:56:39 ICT 2026 - Request URI: /api/streaks/b1f3d0f5-efee-46fa-9fdd-4ab81d4bd466
Sun Jul 05 13:56:39 ICT 2026 - Token found. Length: 1374
Sun Jul 05 13:56:39 ICT 2026 - Token validated successfully. Subject: b1f3d0f5-efee-46fa-9fdd-4ab81d4bd466
Sun Jul 05 13:56:39 ICT 2026 - === doFilterInternal START ===
Sun Jul 05 13:56:39 ICT 2026 - Request URI: /api/admin/users
Sun Jul 05 13:56:39 ICT 2026 - Token found. Length: 1374
Sun Jul 05 13:56:39 ICT 2026 - Token validated successfully. Subject: b1f3d0f5-efee-46fa-9fdd-4ab81d4bd466
Sun Jul 05 13:56:39 ICT 2026 - User found in database: hoaiduclequoc@gmail.com | DB Role: 2 | Mapped Authority: ROLE_ADMIN
Sun Jul 05 13:56:39 ICT 2026 - Authentication set in SecurityContext for user: hoaiduclequoc@gmail.com
Sun Jul 05 13:56:39 ICT 2026 - === doFilterInternal END ===
Sun Jul 05 13:56:39 ICT 2026 - User found in database: hoaiduclequoc@gmail.com | DB Role: 2 | Mapped Authority: ROLE_ADMIN
Sun Jul 05 13:56:39 ICT 2026 - Authentication set in SecurityContext for user: hoaiduclequoc@gmail.com
Sun Jul 05 13:56:39 ICT 2026 - === doFilterInternal END ===
Sun Jul 05 13:56:39 ICT 2026 - === doFilterInternal START ===
Sun Jul 05 13:56:39 ICT 2026 - Request URI: /api/admin/stats
Sun Jul 05 13:56:39 ICT 2026 - Token found. Length: 1374
Sun Jul 05 13:56:39 ICT 2026 - Token validated successfully. Subject: b1f3d0f5-efee-46fa-9fdd-4ab81d4bd466
Sun Jul 05 13:56:39 ICT 2026 - User found in database: hoaiduclequoc@gmail.com | DB Role: 2 | Mapped Authority: ROLE_ADMIN
Sun Jul 05 13:56:39 ICT 2026 - Authentication set in SecurityContext for user: hoaiduclequoc@gmail.com
Sun Jul 05 13:56:39 ICT 2026 - === doFilterInternal END ===
Sun Jul 05 13:56:39 ICT 2026 - User found in database: hoaiduclequoc@gmail.com | DB Role: 2 | Mapped Authority: ROLE_ADMIN
Sun Jul 05 13:56:39 ICT 2026 - Authentication set in SecurityContext for user: hoaiduclequoc@gmail.com
Sun Jul 05 13:56:39 ICT 2026 - === doFilterInternal END ===
Sun Jul 05 13:56:39 ICT 2026 - === doFilterInternal START ===
Sun Jul 05 13:56:39 ICT 2026 - Request URI: /api/submissions/user/b1f3d0f5-efee-46fa-9fdd-4ab81d4bd466
Sun Jul 05 13:56:39 ICT 2026 - Token found. Length: 1374
Sun Jul 05 13:56:39 ICT 2026 - Token validated successfully. Subject: b1f3d0f5-efee-46fa-9fdd-4ab81d4bd466
Sun Jul 05 13:56:39 ICT 2026 - === doFilterInternal START ===
Sun Jul 05 13:56:39 ICT 2026 - Request URI: /api/admin/comments
Sun Jul 05 13:56:39 ICT 2026 - Token found. Length: 1374
Sun Jul 05 13:56:39 ICT 2026 - Token validated successfully. Subject: b1f3d0f5-efee-46fa-9fdd-4ab81d4bd466
Sun Jul 05 13:56:39 ICT 2026 - === doFilterInternal START ===
Sun Jul 05 13:56:39 ICT 2026 - Request URI: /api/chat/unread-count/b1f3d0f5-efee-46fa-9fdd-4ab81d4bd466
Sun Jul 05 13:56:39 ICT 2026 - Token found. Length: 1374
Sun Jul 05 13:56:39 ICT 2026 - Token validated successfully. Subject: b1f3d0f5-efee-46fa-9fdd-4ab81d4bd466
Sun Jul 05 13:56:39 ICT 2026 - === doFilterInternal START ===
Sun Jul 05 13:56:39 ICT 2026 - Request URI: /api/classes/user/b1f3d0f5-efee-46fa-9fdd-4ab81d4bd466
Sun Jul 05 13:56:39 ICT 2026 - Token found. Length: 1374
Sun Jul 05 13:56:39 ICT 2026 - Token validated successfully. Subject: b1f3d0f5-efee-46fa-9fdd-4ab81d4bd466
Sun Jul 05 13:56:39 ICT 2026 - User found in database: hoaiduclequoc@gmail.com | DB Role: 2 | Mapped Authority: ROLE_ADMIN
Sun Jul 05 13:56:39 ICT 2026 - Authentication set in SecurityContext for user: hoaiduclequoc@gmail.com
Sun Jul 05 13:56:39 ICT 2026 - === doFilterInternal END ===
Sun Jul 05 13:56:39 ICT 2026 - User found in database: hoaiduclequoc@gmail.com | DB Role: 2 | Mapped Authority: ROLE_ADMIN
Sun Jul 05 13:56:39 ICT 2026 - Authentication set in SecurityContext for user: hoaiduclequoc@gmail.com
Sun Jul 05 13:56:39 ICT 2026 - === doFilterInternal END ===
Sun Jul 05 13:56:39 ICT 2026 - === doFilterInternal START ===
Sun Jul 05 13:56:39 ICT 2026 - Request URI: /api/admin/posts
Sun Jul 05 13:56:39 ICT 2026 - Token found. Length: 1374
Sun Jul 05 13:56:39 ICT 2026 - Token validated successfully. Subject: b1f3d0f5-efee-46fa-9fdd-4ab81d4bd466
Sun Jul 05 13:56:39 ICT 2026 - User found in database: hoaiduclequoc@gmail.com | DB Role: 2 | Mapped Authority: ROLE_ADMIN
Sun Jul 05 13:56:39 ICT 2026 - Authentication set in SecurityContext for user: hoaiduclequoc@gmail.com
Sun Jul 05 13:56:39 ICT 2026 - === doFilterInternal END ===
Sun Jul 05 13:56:39 ICT 2026 - User found in database: hoaiduclequoc@gmail.com | DB Role: 2 | Mapped Authority: ROLE_ADMIN
Sun Jul 05 13:56:39 ICT 2026 - Authentication set in SecurityContext for user: hoaiduclequoc@gmail.com
Sun Jul 05 13:56:39 ICT 2026 - === doFilterInternal END ===
Sun Jul 05 13:56:39 ICT 2026 - === doFilterInternal START ===
Sun Jul 05 13:56:39 ICT 2026 - Request URI: /api/quiz-attempts/user/b1f3d0f5-efee-46fa-9fdd-4ab81d4bd466
Sun Jul 05 13:56:39 ICT 2026 - Token found. Length: 1374
Sun Jul 05 13:56:39 ICT 2026 - Token validated successfully. Subject: b1f3d0f5-efee-46fa-9fdd-4ab81d4bd466
Sun Jul 05 13:56:39 ICT 2026 - User found in database: hoaiduclequoc@gmail.com | DB Role: 2 | Mapped Authority: ROLE_ADMIN
Sun Jul 05 13:56:39 ICT 2026 - Authentication set in SecurityContext for user: hoaiduclequoc@gmail.com
Sun Jul 05 13:56:39 ICT 2026 - === doFilterInternal END ===
Sun Jul 05 13:56:39 ICT 2026 - === doFilterInternal START ===
Sun Jul 05 13:56:39 ICT 2026 - Request URI: /api/streaks/b1f3d0f5-efee-46fa-9fdd-4ab81d4bd466
Sun Jul 05 13:56:39 ICT 2026 - Token found. Length: 1374
Sun Jul 05 13:56:39 ICT 2026 - Token validated successfully. Subject: b1f3d0f5-efee-46fa-9fdd-4ab81d4bd466
Sun Jul 05 13:56:39 ICT 2026 - === doFilterInternal START ===
Sun Jul 05 13:56:39 ICT 2026 - Request URI: /api/admin/classes
Sun Jul 05 13:56:39 ICT 2026 - Token found. Length: 1374
Sun Jul 05 13:56:39 ICT 2026 - Token validated successfully. Subject: b1f3d0f5-efee-46fa-9fdd-4ab81d4bd466
Sun Jul 05 13:56:39 ICT 2026 - User found in database: hoaiduclequoc@gmail.com | DB Role: 2 | Mapped Authority: ROLE_ADMIN
Sun Jul 05 13:56:39 ICT 2026 - Authentication set in SecurityContext for user: hoaiduclequoc@gmail.com
Sun Jul 05 13:56:39 ICT 2026 - === doFilterInternal END ===
Sun Jul 05 13:56:40 ICT 2026 - User found in database: hoaiduclequoc@gmail.com | DB Role: 2 | Mapped Authority: ROLE_ADMIN
Sun Jul 05 13:56:40 ICT 2026 - Authentication set in SecurityContext for user: hoaiduclequoc@gmail.com
Sun Jul 05 13:56:40 ICT 2026 - === doFilterInternal END ===
Sun Jul 05 13:56:40 ICT 2026 - === doFilterInternal START ===
Sun Jul 05 13:56:40 ICT 2026 - Request URI: /api/submissions/user/b1f3d0f5-efee-46fa-9fdd-4ab81d4bd466
Sun Jul 05 13:56:40 ICT 2026 - Token found. Length: 1374
Sun Jul 05 13:56:40 ICT 2026 - Token validated successfully. Subject: b1f3d0f5-efee-46fa-9fdd-4ab81d4bd466
Sun Jul 05 13:56:40 ICT 2026 - User found in database: hoaiduclequoc@gmail.com | DB Role: 2 | Mapped Authority: ROLE_ADMIN
Sun Jul 05 13:56:40 ICT 2026 - Authentication set in SecurityContext for user: hoaiduclequoc@gmail.com
Sun Jul 05 13:56:40 ICT 2026 - === doFilterInternal END ===
Sun Jul 05 13:56:40 ICT 2026 - === doFilterInternal START ===
Sun Jul 05 13:56:40 ICT 2026 - Request URI: /api/admin/stats
Sun Jul 05 13:56:40 ICT 2026 - Token found. Length: 1374
Sun Jul 05 13:56:40 ICT 2026 - Token validated successfully. Subject: b1f3d0f5-efee-46fa-9fdd-4ab81d4bd466
Sun Jul 05 13:56:40 ICT 2026 - User found in database: hoaiduclequoc@gmail.com | DB Role: 2 | Mapped Authority: ROLE_ADMIN
Sun Jul 05 13:56:40 ICT 2026 - Authentication set in SecurityContext for user: hoaiduclequoc@gmail.com
Sun Jul 05 13:56:40 ICT 2026 - === doFilterInternal END ===
Sun Jul 05 13:56:40 ICT 2026 - === doFilterInternal START ===
Sun Jul 05 13:56:40 ICT 2026 - Request URI: /api/classes/user/b1f3d0f5-efee-46fa-9fdd-4ab81d4bd466
Sun Jul 05 13:56:40 ICT 2026 - Token found. Length: 1374
Sun Jul 05 13:56:40 ICT 2026 - Token validated successfully. Subject: b1f3d0f5-efee-46fa-9fdd-4ab81d4bd466
Sun Jul 05 13:56:40 ICT 2026 - === doFilterInternal START ===
Sun Jul 05 13:56:40 ICT 2026 - Request URI: /api/admin/comments
Sun Jul 05 13:56:40 ICT 2026 - Token found. Length: 1374
Sun Jul 05 13:56:40 ICT 2026 - Token validated successfully. Subject: b1f3d0f5-efee-46fa-9fdd-4ab81d4bd466
Sun Jul 05 13:56:40 ICT 2026 - User found in database: hoaiduclequoc@gmail.com | DB Role: 2 | Mapped Authority: ROLE_ADMIN
Sun Jul 05 13:56:40 ICT 2026 - Authentication set in SecurityContext for user: hoaiduclequoc@gmail.com
Sun Jul 05 13:56:40 ICT 2026 - === doFilterInternal END ===
Sun Jul 05 13:56:40 ICT 2026 - === doFilterInternal START ===
Sun Jul 05 13:56:40 ICT 2026 - Request URI: /api/quiz-attempts/user/b1f3d0f5-efee-46fa-9fdd-4ab81d4bd466
Sun Jul 05 13:56:40 ICT 2026 - Token found. Length: 1374
Sun Jul 05 13:56:40 ICT 2026 - Token validated successfully. Subject: b1f3d0f5-efee-46fa-9fdd-4ab81d4bd466
Sun Jul 05 13:56:40 ICT 2026 - User found in database: hoaiduclequoc@gmail.com | DB Role: 2 | Mapped Authority: ROLE_ADMIN
Sun Jul 05 13:56:40 ICT 2026 - Authentication set in SecurityContext for user: hoaiduclequoc@gmail.com
Sun Jul 05 13:56:40 ICT 2026 - === doFilterInternal END ===
Sun Jul 05 13:56:40 ICT 2026 - User found in database: hoaiduclequoc@gmail.com | DB Role: 2 | Mapped Authority: ROLE_ADMIN
Sun Jul 05 13:56:40 ICT 2026 - Authentication set in SecurityContext for user: hoaiduclequoc@gmail.com
Sun Jul 05 13:56:40 ICT 2026 - === doFilterInternal END ===
Sun Jul 05 13:56:40 ICT 2026 - User found in database: hoaiduclequoc@gmail.com | DB Role: 2 | Mapped Authority: ROLE_ADMIN
Sun Jul 05 13:56:40 ICT 2026 - Authentication set in SecurityContext for user: hoaiduclequoc@gmail.com
Sun Jul 05 13:56:40 ICT 2026 - === doFilterInternal END ===
Sun Jul 05 13:56:40 ICT 2026 - === doFilterInternal START ===
Sun Jul 05 13:56:40 ICT 2026 - Request URI: /api/streaks/b1f3d0f5-efee-46fa-9fdd-4ab81d4bd466
Sun Jul 05 13:56:40 ICT 2026 - Token found. Length: 1374
Sun Jul 05 13:56:40 ICT 2026 - Token validated successfully. Subject: b1f3d0f5-efee-46fa-9fdd-4ab81d4bd466
Sun Jul 05 13:56:40 ICT 2026 - === doFilterInternal START ===
Sun Jul 05 13:56:40 ICT 2026 - Request URI: /api/admin/posts
Sun Jul 05 13:56:40 ICT 2026 - Token found. Length: 1374
Sun Jul 05 13:56:40 ICT 2026 - Token validated successfully. Subject: b1f3d0f5-efee-46fa-9fdd-4ab81d4bd466
Sun Jul 05 13:56:40 ICT 2026 - User found in database: hoaiduclequoc@gmail.com | DB Role: 2 | Mapped Authority: ROLE_ADMIN
Sun Jul 05 13:56:40 ICT 2026 - Authentication set in SecurityContext for user: hoaiduclequoc@gmail.com
Sun Jul 05 13:56:40 ICT 2026 - === doFilterInternal END ===
Sun Jul 05 13:56:40 ICT 2026 - User found in database: hoaiduclequoc@gmail.com | DB Role: 2 | Mapped Authority: ROLE_ADMIN
Sun Jul 05 13:56:40 ICT 2026 - Authentication set in SecurityContext for user: hoaiduclequoc@gmail.com
Sun Jul 05 13:56:40 ICT 2026 - === doFilterInternal END ===
Sun Jul 05 13:56:49 ICT 2026 - === doFilterInternal START ===
Sun Jul 05 13:56:49 ICT 2026 - Request URI: /api/streaks/b1f3d0f5-efee-46fa-9fdd-4ab81d4bd466/update
Sun Jul 05 13:56:49 ICT 2026 - === doFilterInternal START ===
Sun Jul 05 13:56:49 ICT 2026 - Request URI: /api/chat/unread-count/b1f3d0f5-efee-46fa-9fdd-4ab81d4bd466
Sun Jul 05 13:56:49 ICT 2026 - Token found. Length: 1374
Sun Jul 05 13:56:49 ICT 2026 - Token found. Length: 1374
Sun Jul 05 13:56:49 ICT 2026 - Token validated successfully. Subject: b1f3d0f5-efee-46fa-9fdd-4ab81d4bd466
Sun Jul 05 13:56:49 ICT 2026 - Token validated successfully. Subject: b1f3d0f5-efee-46fa-9fdd-4ab81d4bd466
Sun Jul 05 13:56:49 ICT 2026 - User found in database: hoaiduclequoc@gmail.com | DB Role: 2 | Mapped Authority: ROLE_ADMIN
Sun Jul 05 13:56:49 ICT 2026 - User found in database: hoaiduclequoc@gmail.com | DB Role: 2 | Mapped Authority: ROLE_ADMIN
Sun Jul 05 13:56:49 ICT 2026 - Authentication set in SecurityContext for user: hoaiduclequoc@gmail.com
Sun Jul 05 13:56:49 ICT 2026 - === doFilterInternal END ===
Sun Jul 05 13:56:49 ICT 2026 - Authentication set in SecurityContext for user: hoaiduclequoc@gmail.com
Sun Jul 05 13:56:49 ICT 2026 - === doFilterInternal END ===
Sun Jul 05 13:56:50 ICT 2026 - === doFilterInternal START ===
Sun Jul 05 13:56:50 ICT 2026 - Request URI: /api/chat/unread-count/b1f3d0f5-efee-46fa-9fdd-4ab81d4bd466
Sun Jul 05 13:56:50 ICT 2026 - Token found. Length: 1374
Sun Jul 05 13:56:50 ICT 2026 - Token validated successfully. Subject: b1f3d0f5-efee-46fa-9fdd-4ab81d4bd466
Sun Jul 05 13:56:50 ICT 2026 - === doFilterInternal START ===
Sun Jul 05 13:56:50 ICT 2026 - Request URI: /api/auth/login
Sun Jul 05 13:56:50 ICT 2026 - Token found. Length: 1374
Sun Jul 05 13:56:50 ICT 2026 - Token validated successfully. Subject: b1f3d0f5-efee-46fa-9fdd-4ab81d4bd466
Sun Jul 05 13:56:50 ICT 2026 - === doFilterInternal START ===
Sun Jul 05 13:56:50 ICT 2026 - Request URI: /api/streaks/b1f3d0f5-efee-46fa-9fdd-4ab81d4bd466
Sun Jul 05 13:56:50 ICT 2026 - Token found. Length: 1374
Sun Jul 05 13:56:50 ICT 2026 - Token validated successfully. Subject: b1f3d0f5-efee-46fa-9fdd-4ab81d4bd466
Sun Jul 05 13:56:50 ICT 2026 - User found in database: hoaiduclequoc@gmail.com | DB Role: 2 | Mapped Authority: ROLE_ADMIN
Sun Jul 05 13:56:50 ICT 2026 - Authentication set in SecurityContext for user: hoaiduclequoc@gmail.com
Sun Jul 05 13:56:50 ICT 2026 - === doFilterInternal END ===
Sun Jul 05 13:56:50 ICT 2026 - User found in database: hoaiduclequoc@gmail.com | DB Role: 2 | Mapped Authority: ROLE_ADMIN
Sun Jul 05 13:56:50 ICT 2026 - Authentication set in SecurityContext for user: hoaiduclequoc@gmail.com
Sun Jul 05 13:56:50 ICT 2026 - === doFilterInternal END ===
Sun Jul 05 13:56:50 ICT 2026 - User found in database: hoaiduclequoc@gmail.com | DB Role: 2 | Mapped Authority: ROLE_ADMIN
Sun Jul 05 13:56:50 ICT 2026 - Authentication set in SecurityContext for user: hoaiduclequoc@gmail.com
Sun Jul 05 13:56:50 ICT 2026 - === doFilterInternal END ===
Sun Jul 05 13:56:50 ICT 2026 - === doFilterInternal START ===
Sun Jul 05 13:56:50 ICT 2026 - Request URI: /api/classes/user/b1f3d0f5-efee-46fa-9fdd-4ab81d4bd466
Sun Jul 05 13:56:50 ICT 2026 - Token found. Length: 1374
Sun Jul 05 13:56:50 ICT 2026 - Token validated successfully. Subject: b1f3d0f5-efee-46fa-9fdd-4ab81d4bd466
Sun Jul 05 13:56:50 ICT 2026 - User found in database: hoaiduclequoc@gmail.com | DB Role: 2 | Mapped Authority: ROLE_ADMIN
Sun Jul 05 13:56:50 ICT 2026 - Authentication set in SecurityContext for user: hoaiduclequoc@gmail.com
Sun Jul 05 13:56:50 ICT 2026 - === doFilterInternal END ===
Sun Jul 05 13:56:52 ICT 2026 - === doFilterInternal START ===
Sun Jul 05 13:56:52 ICT 2026 - Request URI: /api/chat/unread-count/b1f3d0f5-efee-46fa-9fdd-4ab81d4bd466
Sun Jul 05 13:56:52 ICT 2026 - === doFilterInternal START ===
Sun Jul 05 13:56:52 ICT 2026 - Request URI: /api/auth/login
Sun Jul 05 13:56:52 ICT 2026 - Token found. Length: 1374
Sun Jul 05 13:56:52 ICT 2026 - Token found. Length: 1374
Sun Jul 05 13:56:52 ICT 2026 - Token validated successfully. Subject: b1f3d0f5-efee-46fa-9fdd-4ab81d4bd466
Sun Jul 05 13:56:52 ICT 2026 - Token validated successfully. Subject: b1f3d0f5-efee-46fa-9fdd-4ab81d4bd466
Sun Jul 05 13:56:52 ICT 2026 - === doFilterInternal START ===
Sun Jul 05 13:56:52 ICT 2026 - Request URI: /api/auth/login
Sun Jul 05 13:56:52 ICT 2026 - Token found. Length: 1374
Sun Jul 05 13:56:52 ICT 2026 - === doFilterInternal START ===
Sun Jul 05 13:56:52 ICT 2026 - Request URI: /api/streaks/b1f3d0f5-efee-46fa-9fdd-4ab81d4bd466
Sun Jul 05 13:56:52 ICT 2026 - Token validated successfully. Subject: b1f3d0f5-efee-46fa-9fdd-4ab81d4bd466
Sun Jul 05 13:56:52 ICT 2026 - Token found. Length: 1374
Sun Jul 05 13:56:52 ICT 2026 - === doFilterInternal START ===
Sun Jul 05 13:56:52 ICT 2026 - Request URI: /api/auth/login
Sun Jul 05 13:56:52 ICT 2026 - Token validated successfully. Subject: b1f3d0f5-efee-46fa-9fdd-4ab81d4bd466
Sun Jul 05 13:56:52 ICT 2026 - Token found. Length: 1374
Sun Jul 05 13:56:52 ICT 2026 - Token validated successfully. Subject: b1f3d0f5-efee-46fa-9fdd-4ab81d4bd466
Sun Jul 05 13:56:52 ICT 2026 - === doFilterInternal START ===
Sun Jul 05 13:56:52 ICT 2026 - Request URI: /api/auth/login
Sun Jul 05 13:56:52 ICT 2026 - Token found. Length: 1374
Sun Jul 05 13:56:52 ICT 2026 - Token validated successfully. Subject: b1f3d0f5-efee-46fa-9fdd-4ab81d4bd466
Sun Jul 05 13:56:52 ICT 2026 - User found in database: hoaiduclequoc@gmail.com | DB Role: 2 | Mapped Authority: ROLE_ADMIN
Sun Jul 05 13:56:52 ICT 2026 - Authentication set in SecurityContext for user: hoaiduclequoc@gmail.com
Sun Jul 05 13:56:52 ICT 2026 - === doFilterInternal END ===
Sun Jul 05 13:56:52 ICT 2026 - User found in database: hoaiduclequoc@gmail.com | DB Role: 2 | Mapped Authority: ROLE_ADMIN
Sun Jul 05 13:56:52 ICT 2026 - Authentication set in SecurityContext for user: hoaiduclequoc@gmail.com
Sun Jul 05 13:56:52 ICT 2026 - === doFilterInternal END ===
Sun Jul 05 13:56:52 ICT 2026 - User found in database: hoaiduclequoc@gmail.com | DB Role: 2 | Mapped Authority: ROLE_ADMIN
Sun Jul 05 13:56:52 ICT 2026 - Authentication set in SecurityContext for user: hoaiduclequoc@gmail.com
Sun Jul 05 13:56:52 ICT 2026 - === doFilterInternal END ===
Sun Jul 05 13:56:52 ICT 2026 - User found in database: hoaiduclequoc@gmail.com | DB Role: 2 | Mapped Authority: ROLE_ADMIN
Sun Jul 05 13:56:52 ICT 2026 - Authentication set in SecurityContext for user: hoaiduclequoc@gmail.com
Sun Jul 05 13:56:52 ICT 2026 - === doFilterInternal END ===
Sun Jul 05 13:56:52 ICT 2026 - User found in database: hoaiduclequoc@gmail.com | DB Role: 2 | Mapped Authority: ROLE_ADMIN
Sun Jul 05 13:56:52 ICT 2026 - Authentication set in SecurityContext for user: hoaiduclequoc@gmail.com
Sun Jul 05 13:56:52 ICT 2026 - === doFilterInternal END ===
Sun Jul 05 13:56:52 ICT 2026 - User found in database: hoaiduclequoc@gmail.com | DB Role: 2 | Mapped Authority: ROLE_ADMIN
Sun Jul 05 13:56:52 ICT 2026 - Authentication set in SecurityContext for user: hoaiduclequoc@gmail.com
Sun Jul 05 13:56:52 ICT 2026 - === doFilterInternal END ===
Sun Jul 05 13:56:52 ICT 2026 - === doFilterInternal START ===
Sun Jul 05 13:56:52 ICT 2026 - Request URI: /api/quiz-attempts/user/b1f3d0f5-efee-46fa-9fdd-4ab81d4bd466
Sun Jul 05 13:56:52 ICT 2026 - Token found. Length: 1374
Sun Jul 05 13:56:52 ICT 2026 - Token validated successfully. Subject: b1f3d0f5-efee-46fa-9fdd-4ab81d4bd466
Sun Jul 05 13:56:52 ICT 2026 - === doFilterInternal START ===
Sun Jul 05 13:56:52 ICT 2026 - Request URI: /api/submissions/user/b1f3d0f5-efee-46fa-9fdd-4ab81d4bd466
Sun Jul 05 13:56:52 ICT 2026 - Token found. Length: 1374
Sun Jul 05 13:56:52 ICT 2026 - Token validated successfully. Subject: b1f3d0f5-efee-46fa-9fdd-4ab81d4bd466
Sun Jul 05 13:56:52 ICT 2026 - === doFilterInternal START ===
Sun Jul 05 13:56:52 ICT 2026 - Request URI: /api/chat/unread-count/b1f3d0f5-efee-46fa-9fdd-4ab81d4bd466
Sun Jul 05 13:56:52 ICT 2026 - Token found. Length: 1374
Sun Jul 05 13:56:52 ICT 2026 - Token validated successfully. Subject: b1f3d0f5-efee-46fa-9fdd-4ab81d4bd466
Sun Jul 05 13:56:52 ICT 2026 - === doFilterInternal START ===
Sun Jul 05 13:56:52 ICT 2026 - Request URI: /api/streaks/b1f3d0f5-efee-46fa-9fdd-4ab81d4bd466
Sun Jul 05 13:56:52 ICT 2026 - Token found. Length: 1374
Sun Jul 05 13:56:52 ICT 2026 - User found in database: hoaiduclequoc@gmail.com | DB Role: 2 | Mapped Authority: ROLE_ADMIN
Sun Jul 05 13:56:52 ICT 2026 - Authentication set in SecurityContext for user: hoaiduclequoc@gmail.com
Sun Jul 05 13:56:52 ICT 2026 - === doFilterInternal END ===
Sun Jul 05 13:56:52 ICT 2026 - Token validated successfully. Subject: b1f3d0f5-efee-46fa-9fdd-4ab81d4bd466
Sun Jul 05 13:56:52 ICT 2026 - === doFilterInternal START ===
Sun Jul 05 13:56:52 ICT 2026 - Request URI: /api/classes/user/b1f3d0f5-efee-46fa-9fdd-4ab81d4bd466
Sun Jul 05 13:56:52 ICT 2026 - Token found. Length: 1374
Sun Jul 05 13:56:52 ICT 2026 - User found in database: hoaiduclequoc@gmail.com | DB Role: 2 | Mapped Authority: ROLE_ADMIN
Sun Jul 05 13:56:52 ICT 2026 - Authentication set in SecurityContext for user: hoaiduclequoc@gmail.com
Sun Jul 05 13:56:52 ICT 2026 - === doFilterInternal END ===
Sun Jul 05 13:56:52 ICT 2026 - Token validated successfully. Subject: b1f3d0f5-efee-46fa-9fdd-4ab81d4bd466
Sun Jul 05 13:56:52 ICT 2026 - User found in database: hoaiduclequoc@gmail.com | DB Role: 2 | Mapped Authority: ROLE_ADMIN
Sun Jul 05 13:56:52 ICT 2026 - Authentication set in SecurityContext for user: hoaiduclequoc@gmail.com
Sun Jul 05 13:56:52 ICT 2026 - === doFilterInternal END ===
Sun Jul 05 13:56:52 ICT 2026 - === doFilterInternal START ===
Sun Jul 05 13:56:52 ICT 2026 - Request URI: /api/admin/stats
Sun Jul 05 13:56:52 ICT 2026 - Token found. Length: 1374
Sun Jul 05 13:56:52 ICT 2026 - Token validated successfully. Subject: b1f3d0f5-efee-46fa-9fdd-4ab81d4bd466
Sun Jul 05 13:56:52 ICT 2026 - User found in database: hoaiduclequoc@gmail.com | DB Role: 2 | Mapped Authority: ROLE_ADMIN
Sun Jul 05 13:56:52 ICT 2026 - Authentication set in SecurityContext for user: hoaiduclequoc@gmail.com
Sun Jul 05 13:56:52 ICT 2026 - === doFilterInternal END ===
Sun Jul 05 13:56:52 ICT 2026 - User found in database: hoaiduclequoc@gmail.com | DB Role: 2 | Mapped Authority: ROLE_ADMIN
Sun Jul 05 13:56:52 ICT 2026 - Authentication set in SecurityContext for user: hoaiduclequoc@gmail.com
Sun Jul 05 13:56:52 ICT 2026 - === doFilterInternal END ===
Sun Jul 05 13:56:52 ICT 2026 - === doFilterInternal START ===
Sun Jul 05 13:56:52 ICT 2026 - Request URI: /api/admin/posts
Sun Jul 05 13:56:52 ICT 2026 - Token found. Length: 1374
Sun Jul 05 13:56:52 ICT 2026 - Token validated successfully. Subject: b1f3d0f5-efee-46fa-9fdd-4ab81d4bd466
Sun Jul 05 13:56:52 ICT 2026 - User found in database: hoaiduclequoc@gmail.com | DB Role: 2 | Mapped Authority: ROLE_ADMIN
Sun Jul 05 13:56:52 ICT 2026 - Authentication set in SecurityContext for user: hoaiduclequoc@gmail.com
Sun Jul 05 13:56:52 ICT 2026 - === doFilterInternal END ===
Sun Jul 05 13:56:52 ICT 2026 - === doFilterInternal START ===
Sun Jul 05 13:56:52 ICT 2026 - Request URI: /api/admin/comments
Sun Jul 05 13:56:52 ICT 2026 - Token found. Length: 1374
Sun Jul 05 13:56:52 ICT 2026 - Token validated successfully. Subject: b1f3d0f5-efee-46fa-9fdd-4ab81d4bd466
Sun Jul 05 13:56:52 ICT 2026 - === doFilterInternal START ===
Sun Jul 05 13:56:52 ICT 2026 - Request URI: /api/admin/users
Sun Jul 05 13:56:52 ICT 2026 - Token found. Length: 1374
Sun Jul 05 13:56:52 ICT 2026 - Token validated successfully. Subject: b1f3d0f5-efee-46fa-9fdd-4ab81d4bd466
Sun Jul 05 13:56:52 ICT 2026 - User found in database: hoaiduclequoc@gmail.com | DB Role: 2 | Mapped Authority: ROLE_ADMIN
Sun Jul 05 13:56:52 ICT 2026 - Authentication set in SecurityContext for user: hoaiduclequoc@gmail.com
Sun Jul 05 13:56:52 ICT 2026 - === doFilterInternal END ===
Sun Jul 05 13:56:52 ICT 2026 - === doFilterInternal START ===
Sun Jul 05 13:56:52 ICT 2026 - Request URI: /api/admin/classes
Sun Jul 05 13:56:52 ICT 2026 - Token found. Length: 1374
Sun Jul 05 13:56:52 ICT 2026 - Token validated successfully. Subject: b1f3d0f5-efee-46fa-9fdd-4ab81d4bd466
Sun Jul 05 13:56:52 ICT 2026 - User found in database: hoaiduclequoc@gmail.com | DB Role: 2 | Mapped Authority: ROLE_ADMIN
Sun Jul 05 13:56:52 ICT 2026 - Authentication set in SecurityContext for user: hoaiduclequoc@gmail.com
Sun Jul 05 13:56:52 ICT 2026 - === doFilterInternal END ===
Sun Jul 05 13:56:52 ICT 2026 - User found in database: hoaiduclequoc@gmail.com | DB Role: 2 | Mapped Authority: ROLE_ADMIN
Sun Jul 05 13:56:52 ICT 2026 - Authentication set in SecurityContext for user: hoaiduclequoc@gmail.com
Sun Jul 05 13:56:52 ICT 2026 - === doFilterInternal END ===
Sun Jul 05 13:56:52 ICT 2026 - === doFilterInternal START ===
Sun Jul 05 13:56:52 ICT 2026 - Request URI: /api/submissions/user/b1f3d0f5-efee-46fa-9fdd-4ab81d4bd466
Sun Jul 05 13:56:52 ICT 2026 - Token found. Length: 1374
Sun Jul 05 13:56:52 ICT 2026 - Token validated successfully. Subject: b1f3d0f5-efee-46fa-9fdd-4ab81d4bd466
Sun Jul 05 13:56:52 ICT 2026 - User found in database: hoaiduclequoc@gmail.com | DB Role: 2 | Mapped Authority: ROLE_ADMIN
Sun Jul 05 13:56:53 ICT 2026 - Authentication set in SecurityContext for user: hoaiduclequoc@gmail.com
Sun Jul 05 13:56:53 ICT 2026 - === doFilterInternal END ===
Sun Jul 05 13:56:53 ICT 2026 - === doFilterInternal START ===
Sun Jul 05 13:56:53 ICT 2026 - Request URI: /api/quiz-attempts/user/b1f3d0f5-efee-46fa-9fdd-4ab81d4bd466
Sun Jul 05 13:56:53 ICT 2026 - Token found. Length: 1374
Sun Jul 05 13:56:53 ICT 2026 - Token validated successfully. Subject: b1f3d0f5-efee-46fa-9fdd-4ab81d4bd466
Sun Jul 05 13:56:53 ICT 2026 - === doFilterInternal START ===
Sun Jul 05 13:56:53 ICT 2026 - Request URI: /api/chat/unread-count/b1f3d0f5-efee-46fa-9fdd-4ab81d4bd466
Sun Jul 05 13:56:53 ICT 2026 - Token found. Length: 1374
Sun Jul 05 13:56:53 ICT 2026 - Token validated successfully. Subject: b1f3d0f5-efee-46fa-9fdd-4ab81d4bd466
Sun Jul 05 13:56:53 ICT 2026 - User found in database: hoaiduclequoc@gmail.com | DB Role: 2 | Mapped Authority: ROLE_ADMIN
Sun Jul 05 13:56:53 ICT 2026 - Authentication set in SecurityContext for user: hoaiduclequoc@gmail.com
Sun Jul 05 13:56:53 ICT 2026 - === doFilterInternal END ===
Sun Jul 05 13:56:53 ICT 2026 - User found in database: hoaiduclequoc@gmail.com | DB Role: 2 | Mapped Authority: ROLE_ADMIN
Sun Jul 05 13:56:53 ICT 2026 - Authentication set in SecurityContext for user: hoaiduclequoc@gmail.com
Sun Jul 05 13:56:53 ICT 2026 - === doFilterInternal END ===
Sun Jul 05 13:56:53 ICT 2026 - User found in database: hoaiduclequoc@gmail.com | DB Role: 2 | Mapped Authority: ROLE_ADMIN
Sun Jul 05 13:56:53 ICT 2026 - Authentication set in SecurityContext for user: hoaiduclequoc@gmail.com
Sun Jul 05 13:56:53 ICT 2026 - === doFilterInternal END ===
Sun Jul 05 13:56:53 ICT 2026 - === doFilterInternal START ===
Sun Jul 05 13:56:53 ICT 2026 - Request URI: /api/streaks/b1f3d0f5-efee-46fa-9fdd-4ab81d4bd466
Sun Jul 05 13:56:53 ICT 2026 - Token found. Length: 1374
Sun Jul 05 13:56:53 ICT 2026 - Token validated successfully. Subject: b1f3d0f5-efee-46fa-9fdd-4ab81d4bd466
Sun Jul 05 13:56:53 ICT 2026 - === doFilterInternal START ===
Sun Jul 05 13:56:53 ICT 2026 - Request URI: /api/classes/user/b1f3d0f5-efee-46fa-9fdd-4ab81d4bd466
Sun Jul 05 13:56:53 ICT 2026 - Token found. Length: 1374
Sun Jul 05 13:56:53 ICT 2026 - Token validated successfully. Subject: b1f3d0f5-efee-46fa-9fdd-4ab81d4bd466
Sun Jul 05 13:56:53 ICT 2026 - User found in database: hoaiduclequoc@gmail.com | DB Role: 2 | Mapped Authority: ROLE_ADMIN
Sun Jul 05 13:56:53 ICT 2026 - Authentication set in SecurityContext for user: hoaiduclequoc@gmail.com
Sun Jul 05 13:56:53 ICT 2026 - === doFilterInternal END ===
Sun Jul 05 13:56:53 ICT 2026 - === doFilterInternal START ===
Sun Jul 05 13:56:53 ICT 2026 - Request URI: /api/admin/users
Sun Jul 05 13:56:53 ICT 2026 - Token found. Length: 1374
Sun Jul 05 13:56:53 ICT 2026 - Token validated successfully. Subject: b1f3d0f5-efee-46fa-9fdd-4ab81d4bd466
Sun Jul 05 13:56:53 ICT 2026 - === doFilterInternal START ===
Sun Jul 05 13:56:53 ICT 2026 - Request URI: /api/admin/stats
Sun Jul 05 13:56:53 ICT 2026 - Token found. Length: 1374
Sun Jul 05 13:56:53 ICT 2026 - Token validated successfully. Subject: b1f3d0f5-efee-46fa-9fdd-4ab81d4bd466
Sun Jul 05 13:56:53 ICT 2026 - User found in database: hoaiduclequoc@gmail.com | DB Role: 2 | Mapped Authority: ROLE_ADMIN
Sun Jul 05 13:56:53 ICT 2026 - Authentication set in SecurityContext for user: hoaiduclequoc@gmail.com
Sun Jul 05 13:56:53 ICT 2026 - === doFilterInternal END ===
Sun Jul 05 13:56:53 ICT 2026 - User found in database: hoaiduclequoc@gmail.com | DB Role: 2 | Mapped Authority: ROLE_ADMIN
Sun Jul 05 13:56:53 ICT 2026 - Authentication set in SecurityContext for user: hoaiduclequoc@gmail.com
Sun Jul 05 13:56:53 ICT 2026 - === doFilterInternal END ===
Sun Jul 05 13:56:53 ICT 2026 - User found in database: hoaiduclequoc@gmail.com | DB Role: 2 | Mapped Authority: ROLE_ADMIN
Sun Jul 05 13:56:53 ICT 2026 - Authentication set in SecurityContext for user: hoaiduclequoc@gmail.com
Sun Jul 05 13:56:53 ICT 2026 - === doFilterInternal END ===
Sun Jul 05 13:56:53 ICT 2026 - === doFilterInternal START ===
Sun Jul 05 13:56:53 ICT 2026 - Request URI: /api/submissions/user/b1f3d0f5-efee-46fa-9fdd-4ab81d4bd466
Sun Jul 05 13:56:53 ICT 2026 - Token found. Length: 1374
Sun Jul 05 13:56:53 ICT 2026 - Token validated successfully. Subject: b1f3d0f5-efee-46fa-9fdd-4ab81d4bd466
Sun Jul 05 13:56:53 ICT 2026 - === doFilterInternal START ===
Sun Jul 05 13:56:53 ICT 2026 - Request URI: /api/admin/comments
Sun Jul 05 13:56:53 ICT 2026 - Token found. Length: 1374
Sun Jul 05 13:56:53 ICT 2026 - Token validated successfully. Subject: b1f3d0f5-efee-46fa-9fdd-4ab81d4bd466
Sun Jul 05 13:56:53 ICT 2026 - === doFilterInternal START ===
Sun Jul 05 13:56:53 ICT 2026 - Request URI: /api/chat/unread-count/b1f3d0f5-efee-46fa-9fdd-4ab81d4bd466
Sun Jul 05 13:56:53 ICT 2026 - Token found. Length: 1374
Sun Jul 05 13:56:53 ICT 2026 - Token validated successfully. Subject: b1f3d0f5-efee-46fa-9fdd-4ab81d4bd466
Sun Jul 05 13:56:53 ICT 2026 - User found in database: hoaiduclequoc@gmail.com | DB Role: 2 | Mapped Authority: ROLE_ADMIN
Sun Jul 05 13:56:53 ICT 2026 - Authentication set in SecurityContext for user: hoaiduclequoc@gmail.com
Sun Jul 05 13:56:53 ICT 2026 - === doFilterInternal END ===
Sun Jul 05 13:56:53 ICT 2026 - User found in database: hoaiduclequoc@gmail.com | DB Role: 2 | Mapped Authority: ROLE_ADMIN
Sun Jul 05 13:56:53 ICT 2026 - Authentication set in SecurityContext for user: hoaiduclequoc@gmail.com
Sun Jul 05 13:56:53 ICT 2026 - === doFilterInternal END ===
Sun Jul 05 13:56:53 ICT 2026 - === doFilterInternal START ===
Sun Jul 05 13:56:53 ICT 2026 - Request URI: /api/quiz-attempts/user/b1f3d0f5-efee-46fa-9fdd-4ab81d4bd466
Sun Jul 05 13:56:53 ICT 2026 - Token found. Length: 1374
Sun Jul 05 13:56:53 ICT 2026 - Token validated successfully. Subject: b1f3d0f5-efee-46fa-9fdd-4ab81d4bd466
Sun Jul 05 13:56:53 ICT 2026 - User found in database: hoaiduclequoc@gmail.com | DB Role: 2 | Mapped Authority: ROLE_ADMIN
Sun Jul 05 13:56:53 ICT 2026 - Authentication set in SecurityContext for user: hoaiduclequoc@gmail.com
Sun Jul 05 13:56:53 ICT 2026 - === doFilterInternal END ===
Sun Jul 05 13:56:53 ICT 2026 - === doFilterInternal START ===
Sun Jul 05 13:56:53 ICT 2026 - Request URI: /api/admin/posts
Sun Jul 05 13:56:53 ICT 2026 - Token found. Length: 1374
Sun Jul 05 13:56:53 ICT 2026 - === doFilterInternal START ===
Sun Jul 05 13:56:53 ICT 2026 - Request URI: /api/streaks/b1f3d0f5-efee-46fa-9fdd-4ab81d4bd466
Sun Jul 05 13:56:53 ICT 2026 - Token validated successfully. Subject: b1f3d0f5-efee-46fa-9fdd-4ab81d4bd466
Sun Jul 05 13:56:53 ICT 2026 - Token found. Length: 1374
Sun Jul 05 13:56:53 ICT 2026 - Token validated successfully. Subject: b1f3d0f5-efee-46fa-9fdd-4ab81d4bd466
Sun Jul 05 13:56:53 ICT 2026 - User found in database: hoaiduclequoc@gmail.com | DB Role: 2 | Mapped Authority: ROLE_ADMIN
Sun Jul 05 13:56:53 ICT 2026 - Authentication set in SecurityContext for user: hoaiduclequoc@gmail.com
Sun Jul 05 13:56:53 ICT 2026 - === doFilterInternal END ===
Sun Jul 05 13:56:53 ICT 2026 - === doFilterInternal START ===
Sun Jul 05 13:56:53 ICT 2026 - Request URI: /api/classes/user/b1f3d0f5-efee-46fa-9fdd-4ab81d4bd466
Sun Jul 05 13:56:53 ICT 2026 - Token found. Length: 1374
Sun Jul 05 13:56:53 ICT 2026 - Token validated successfully. Subject: b1f3d0f5-efee-46fa-9fdd-4ab81d4bd466
Sun Jul 05 13:56:53 ICT 2026 - User found in database: hoaiduclequoc@gmail.com | DB Role: 2 | Mapped Authority: ROLE_ADMIN
Sun Jul 05 13:56:53 ICT 2026 - User found in database: hoaiduclequoc@gmail.com | DB Role: 2 | Mapped Authority: ROLE_ADMIN
Sun Jul 05 13:56:53 ICT 2026 - Authentication set in SecurityContext for user: hoaiduclequoc@gmail.com
Sun Jul 05 13:56:53 ICT 2026 - === doFilterInternal END ===
Sun Jul 05 13:56:53 ICT 2026 - Authentication set in SecurityContext for user: hoaiduclequoc@gmail.com
Sun Jul 05 13:56:53 ICT 2026 - === doFilterInternal END ===
Sun Jul 05 13:56:53 ICT 2026 - === doFilterInternal START ===
Sun Jul 05 13:56:53 ICT 2026 - Request URI: /api/admin/classes
Sun Jul 05 13:56:53 ICT 2026 - Token found. Length: 1374
Sun Jul 05 13:56:53 ICT 2026 - Token validated successfully. Subject: b1f3d0f5-efee-46fa-9fdd-4ab81d4bd466
Sun Jul 05 13:56:53 ICT 2026 - User found in database: hoaiduclequoc@gmail.com | DB Role: 2 | Mapped Authority: ROLE_ADMIN
Sun Jul 05 13:56:53 ICT 2026 - Authentication set in SecurityContext for user: hoaiduclequoc@gmail.com
Sun Jul 05 13:56:53 ICT 2026 - === doFilterInternal END ===
Sun Jul 05 13:56:53 ICT 2026 - User found in database: hoaiduclequoc@gmail.com | DB Role: 2 | Mapped Authority: ROLE_ADMIN
Sun Jul 05 13:56:53 ICT 2026 - Authentication set in SecurityContext for user: hoaiduclequoc@gmail.com
Sun Jul 05 13:56:53 ICT 2026 - === doFilterInternal END ===
Sun Jul 05 13:56:53 ICT 2026 - === doFilterInternal START ===
Sun Jul 05 13:56:53 ICT 2026 - Request URI: /api/submissions/user/b1f3d0f5-efee-46fa-9fdd-4ab81d4bd466
Sun Jul 05 13:56:53 ICT 2026 - Token found. Length: 1374
Sun Jul 05 13:56:53 ICT 2026 - Token validated successfully. Subject: b1f3d0f5-efee-46fa-9fdd-4ab81d4bd466
Sun Jul 05 13:56:53 ICT 2026 - === doFilterInternal START ===
Sun Jul 05 13:56:53 ICT 2026 - Request URI: /api/admin/stats
Sun Jul 05 13:56:53 ICT 2026 - Token found. Length: 1374
Sun Jul 05 13:56:53 ICT 2026 - Token validated successfully. Subject: b1f3d0f5-efee-46fa-9fdd-4ab81d4bd466
Sun Jul 05 13:56:53 ICT 2026 - === doFilterInternal START ===
Sun Jul 05 13:56:53 ICT 2026 - Request URI: /api/quiz-attempts/user/b1f3d0f5-efee-46fa-9fdd-4ab81d4bd466
Sun Jul 05 13:56:53 ICT 2026 - Token found. Length: 1374
Sun Jul 05 13:56:53 ICT 2026 - Token validated successfully. Subject: b1f3d0f5-efee-46fa-9fdd-4ab81d4bd466
Sun Jul 05 13:56:53 ICT 2026 - User found in database: hoaiduclequoc@gmail.com | DB Role: 2 | Mapped Authority: ROLE_ADMIN
Sun Jul 05 13:56:53 ICT 2026 - Authentication set in SecurityContext for user: hoaiduclequoc@gmail.com
Sun Jul 05 13:56:53 ICT 2026 - === doFilterInternal END ===
Sun Jul 05 13:56:53 ICT 2026 - === doFilterInternal START ===
Sun Jul 05 13:56:53 ICT 2026 - Request URI: /api/admin/comments
Sun Jul 05 13:56:53 ICT 2026 - Token found. Length: 1374
Sun Jul 05 13:56:53 ICT 2026 - Token validated successfully. Subject: b1f3d0f5-efee-46fa-9fdd-4ab81d4bd466
Sun Jul 05 13:56:53 ICT 2026 - User found in database: hoaiduclequoc@gmail.com | DB Role: 2 | Mapped Authority: ROLE_ADMIN
Sun Jul 05 13:56:53 ICT 2026 - Authentication set in SecurityContext for user: hoaiduclequoc@gmail.com
Sun Jul 05 13:56:53 ICT 2026 - === doFilterInternal END ===
Sun Jul 05 13:56:53 ICT 2026 - User found in database: hoaiduclequoc@gmail.com | DB Role: 2 | Mapped Authority: ROLE_ADMIN
Sun Jul 05 13:56:53 ICT 2026 - Authentication set in SecurityContext for user: hoaiduclequoc@gmail.com
Sun Jul 05 13:56:53 ICT 2026 - === doFilterInternal END ===
Sun Jul 05 13:56:53 ICT 2026 - === doFilterInternal START ===
Sun Jul 05 13:56:53 ICT 2026 - Request URI: /api/streaks/b1f3d0f5-efee-46fa-9fdd-4ab81d4bd466
Sun Jul 05 13:56:53 ICT 2026 - Token found. Length: 1374
Sun Jul 05 13:56:53 ICT 2026 - Token validated successfully. Subject: b1f3d0f5-efee-46fa-9fdd-4ab81d4bd466
Sun Jul 05 13:56:53 ICT 2026 - User found in database: hoaiduclequoc@gmail.com | DB Role: 2 | Mapped Authority: ROLE_ADMIN
Sun Jul 05 13:56:53 ICT 2026 - Authentication set in SecurityContext for user: hoaiduclequoc@gmail.com
Sun Jul 05 13:56:53 ICT 2026 - === doFilterInternal END ===
Sun Jul 05 13:56:54 ICT 2026 - User found in database: hoaiduclequoc@gmail.com | DB Role: 2 | Mapped Authority: ROLE_ADMIN
Sun Jul 05 13:56:54 ICT 2026 - Authentication set in SecurityContext for user: hoaiduclequoc@gmail.com
Sun Jul 05 13:56:54 ICT 2026 - === doFilterInternal END ===
Sun Jul 05 13:56:54 ICT 2026 - === doFilterInternal START ===
Sun Jul 05 13:56:54 ICT 2026 - Request URI: /api/classes/user/b1f3d0f5-efee-46fa-9fdd-4ab81d4bd466
Sun Jul 05 13:56:54 ICT 2026 - Token found. Length: 1374
Sun Jul 05 13:56:54 ICT 2026 - Token validated successfully. Subject: b1f3d0f5-efee-46fa-9fdd-4ab81d4bd466
Sun Jul 05 13:56:54 ICT 2026 - === doFilterInternal START ===
Sun Jul 05 13:56:54 ICT 2026 - Request URI: /api/submissions/user/b1f3d0f5-efee-46fa-9fdd-4ab81d4bd466
Sun Jul 05 13:56:54 ICT 2026 - Token found. Length: 1374
Sun Jul 05 13:56:54 ICT 2026 - Token validated successfully. Subject: b1f3d0f5-efee-46fa-9fdd-4ab81d4bd466
Sun Jul 05 13:56:54 ICT 2026 - === doFilterInternal START ===
Sun Jul 05 13:56:54 ICT 2026 - Request URI: /api/quiz-attempts/user/b1f3d0f5-efee-46fa-9fdd-4ab81d4bd466
Sun Jul 05 13:56:54 ICT 2026 - Token found. Length: 1374
Sun Jul 05 13:56:54 ICT 2026 - User found in database: hoaiduclequoc@gmail.com | DB Role: 2 | Mapped Authority: ROLE_ADMIN
Sun Jul 05 13:56:54 ICT 2026 - Authentication set in SecurityContext for user: hoaiduclequoc@gmail.com
Sun Jul 05 13:56:54 ICT 2026 - === doFilterInternal END ===
Sun Jul 05 13:56:54 ICT 2026 - Token validated successfully. Subject: b1f3d0f5-efee-46fa-9fdd-4ab81d4bd466
Sun Jul 05 13:56:54 ICT 2026 - User found in database: hoaiduclequoc@gmail.com | DB Role: 2 | Mapped Authority: ROLE_ADMIN
Sun Jul 05 13:56:54 ICT 2026 - Authentication set in SecurityContext for user: hoaiduclequoc@gmail.com
Sun Jul 05 13:56:54 ICT 2026 - === doFilterInternal END ===
Sun Jul 05 13:56:54 ICT 2026 - === doFilterInternal START ===
Sun Jul 05 13:56:54 ICT 2026 - Request URI: /api/admin/posts
Sun Jul 05 13:56:54 ICT 2026 - Token found. Length: 1374
Sun Jul 05 13:56:54 ICT 2026 - Token validated successfully. Subject: b1f3d0f5-efee-46fa-9fdd-4ab81d4bd466
Sun Jul 05 13:56:54 ICT 2026 - User found in database: hoaiduclequoc@gmail.com | DB Role: 2 | Mapped Authority: ROLE_ADMIN
Sun Jul 05 13:56:54 ICT 2026 - Authentication set in SecurityContext for user: hoaiduclequoc@gmail.com
Sun Jul 05 13:56:54 ICT 2026 - === doFilterInternal END ===
Sun Jul 05 13:56:54 ICT 2026 - User found in database: hoaiduclequoc@gmail.com | DB Role: 2 | Mapped Authority: ROLE_ADMIN
Sun Jul 05 13:56:54 ICT 2026 - Authentication set in SecurityContext for user: hoaiduclequoc@gmail.com
Sun Jul 05 13:56:54 ICT 2026 - === doFilterInternal END ===
Sun Jul 05 13:57:00 ICT 2026 - === doFilterInternal START ===
Sun Jul 05 13:57:00 ICT 2026 - Request URI: /api/chat/unread-count/b1f3d0f5-efee-46fa-9fdd-4ab81d4bd466
Sun Jul 05 13:57:00 ICT 2026 - === doFilterInternal START ===
Sun Jul 05 13:57:00 ICT 2026 - Request URI: /api/auth/login
Sun Jul 05 13:57:00 ICT 2026 - Token found. Length: 1374
Sun Jul 05 13:57:00 ICT 2026 - Token found. Length: 1374
Sun Jul 05 13:57:00 ICT 2026 - === doFilterInternal START ===
Sun Jul 05 13:57:00 ICT 2026 - Request URI: /api/auth/login
Sun Jul 05 13:57:00 ICT 2026 - Token validated successfully. Subject: b1f3d0f5-efee-46fa-9fdd-4ab81d4bd466
Sun Jul 05 13:57:00 ICT 2026 - Token validated successfully. Subject: b1f3d0f5-efee-46fa-9fdd-4ab81d4bd466
Sun Jul 05 13:57:00 ICT 2026 - Token found. Length: 1374
Sun Jul 05 13:57:00 ICT 2026 - Token validated successfully. Subject: b1f3d0f5-efee-46fa-9fdd-4ab81d4bd466
Sun Jul 05 13:57:00 ICT 2026 - === doFilterInternal START ===
Sun Jul 05 13:57:00 ICT 2026 - Request URI: /api/streaks/b1f3d0f5-efee-46fa-9fdd-4ab81d4bd466
Sun Jul 05 13:57:00 ICT 2026 - Token found. Length: 1374
Sun Jul 05 13:57:00 ICT 2026 - === doFilterInternal START ===
Sun Jul 05 13:57:00 ICT 2026 - Request URI: /api/submissions/user/b1f3d0f5-efee-46fa-9fdd-4ab81d4bd466
Sun Jul 05 13:57:00 ICT 2026 - Token found. Length: 1374
Sun Jul 05 13:57:00 ICT 2026 - Token validated successfully. Subject: b1f3d0f5-efee-46fa-9fdd-4ab81d4bd466
Sun Jul 05 13:57:00 ICT 2026 - === doFilterInternal START ===
Sun Jul 05 13:57:00 ICT 2026 - Request URI: /api/auth/login
Sun Jul 05 13:57:00 ICT 2026 - Token found. Length: 1374
Sun Jul 05 13:57:00 ICT 2026 - Token validated successfully. Subject: b1f3d0f5-efee-46fa-9fdd-4ab81d4bd466
Sun Jul 05 13:57:00 ICT 2026 - Token validated successfully. Subject: b1f3d0f5-efee-46fa-9fdd-4ab81d4bd466
Sun Jul 05 13:57:00 ICT 2026 - User found in database: hoaiduclequoc@gmail.com | DB Role: 2 | Mapped Authority: ROLE_ADMIN
Sun Jul 05 13:57:00 ICT 2026 - User found in database: hoaiduclequoc@gmail.com | DB Role: 2 | Mapped Authority: ROLE_ADMIN
Sun Jul 05 13:57:00 ICT 2026 - Authentication set in SecurityContext for user: hoaiduclequoc@gmail.com
Sun Jul 05 13:57:00 ICT 2026 - === doFilterInternal END ===
Sun Jul 05 13:57:00 ICT 2026 - Authentication set in SecurityContext for user: hoaiduclequoc@gmail.com
Sun Jul 05 13:57:00 ICT 2026 - === doFilterInternal END ===
Sun Jul 05 13:57:00 ICT 2026 - User found in database: hoaiduclequoc@gmail.com | DB Role: 2 | Mapped Authority: ROLE_ADMIN
Sun Jul 05 13:57:00 ICT 2026 - Authentication set in SecurityContext for user: hoaiduclequoc@gmail.com
Sun Jul 05 13:57:00 ICT 2026 - === doFilterInternal END ===
Sun Jul 05 13:57:00 ICT 2026 - User found in database: hoaiduclequoc@gmail.com | DB Role: 2 | Mapped Authority: ROLE_ADMIN
Sun Jul 05 13:57:00 ICT 2026 - Authentication set in SecurityContext for user: hoaiduclequoc@gmail.com
Sun Jul 05 13:57:00 ICT 2026 - === doFilterInternal END ===
Sun Jul 05 13:57:00 ICT 2026 - User found in database: hoaiduclequoc@gmail.com | DB Role: 2 | Mapped Authority: ROLE_ADMIN
Sun Jul 05 13:57:00 ICT 2026 - Authentication set in SecurityContext for user: hoaiduclequoc@gmail.com
Sun Jul 05 13:57:00 ICT 2026 - === doFilterInternal END ===
Sun Jul 05 13:57:00 ICT 2026 - User found in database: hoaiduclequoc@gmail.com | DB Role: 2 | Mapped Authority: ROLE_ADMIN
Sun Jul 05 13:57:00 ICT 2026 - Authentication set in SecurityContext for user: hoaiduclequoc@gmail.com
Sun Jul 05 13:57:00 ICT 2026 - === doFilterInternal END ===
Sun Jul 05 13:57:00 ICT 2026 - === doFilterInternal START ===
Sun Jul 05 13:57:00 ICT 2026 - Request URI: /api/auth/login
Sun Jul 05 13:57:00 ICT 2026 - Token found. Length: 1374
Sun Jul 05 13:57:00 ICT 2026 - Token validated successfully. Subject: b1f3d0f5-efee-46fa-9fdd-4ab81d4bd466
Sun Jul 05 13:57:00 ICT 2026 - === doFilterInternal START ===
Sun Jul 05 13:57:00 ICT 2026 - Request URI: /api/quiz-attempts/user/b1f3d0f5-efee-46fa-9fdd-4ab81d4bd466
Sun Jul 05 13:57:00 ICT 2026 - Token found. Length: 1374
Sun Jul 05 13:57:00 ICT 2026 - Token validated successfully. Subject: b1f3d0f5-efee-46fa-9fdd-4ab81d4bd466
Sun Jul 05 13:57:00 ICT 2026 - === doFilterInternal START ===
Sun Jul 05 13:57:00 ICT 2026 - Request URI: /api/submissions/user/b1f3d0f5-efee-46fa-9fdd-4ab81d4bd466
Sun Jul 05 13:57:00 ICT 2026 - === doFilterInternal START ===
Sun Jul 05 13:57:00 ICT 2026 - Request URI: /api/chat/unread-count/b1f3d0f5-efee-46fa-9fdd-4ab81d4bd466
Sun Jul 05 13:57:00 ICT 2026 - Token found. Length: 1374
Sun Jul 05 13:57:00 ICT 2026 - Token found. Length: 1374
Sun Jul 05 13:57:00 ICT 2026 - Token validated successfully. Subject: b1f3d0f5-efee-46fa-9fdd-4ab81d4bd466
Sun Jul 05 13:57:00 ICT 2026 - Token validated successfully. Subject: b1f3d0f5-efee-46fa-9fdd-4ab81d4bd466
Sun Jul 05 13:57:00 ICT 2026 - User found in database: hoaiduclequoc@gmail.com | DB Role: 2 | Mapped Authority: ROLE_ADMIN
Sun Jul 05 13:57:00 ICT 2026 - Authentication set in SecurityContext for user: hoaiduclequoc@gmail.com
Sun Jul 05 13:57:00 ICT 2026 - === doFilterInternal END ===
Sun Jul 05 13:57:00 ICT 2026 - === doFilterInternal START ===
Sun Jul 05 13:57:00 ICT 2026 - Request URI: /api/streaks/b1f3d0f5-efee-46fa-9fdd-4ab81d4bd466
Sun Jul 05 13:57:00 ICT 2026 - Token found. Length: 1374
Sun Jul 05 13:57:00 ICT 2026 - Token validated successfully. Subject: b1f3d0f5-efee-46fa-9fdd-4ab81d4bd466
Sun Jul 05 13:57:00 ICT 2026 - User found in database: hoaiduclequoc@gmail.com | DB Role: 2 | Mapped Authority: ROLE_ADMIN
Sun Jul 05 13:57:00 ICT 2026 - Authentication set in SecurityContext for user: hoaiduclequoc@gmail.com
Sun Jul 05 13:57:00 ICT 2026 - === doFilterInternal END ===
Sun Jul 05 13:57:00 ICT 2026 - === doFilterInternal START ===
Sun Jul 05 13:57:00 ICT 2026 - Request URI: /api/classes/user/b1f3d0f5-efee-46fa-9fdd-4ab81d4bd466
Sun Jul 05 13:57:00 ICT 2026 - Token found. Length: 1374
Sun Jul 05 13:57:00 ICT 2026 - User found in database: hoaiduclequoc@gmail.com | DB Role: 2 | Mapped Authority: ROLE_ADMIN
Sun Jul 05 13:57:00 ICT 2026 - Authentication set in SecurityContext for user: hoaiduclequoc@gmail.com
Sun Jul 05 13:57:00 ICT 2026 - === doFilterInternal END ===
Sun Jul 05 13:57:00 ICT 2026 - User found in database: hoaiduclequoc@gmail.com | DB Role: 2 | Mapped Authority: ROLE_ADMIN
Sun Jul 05 13:57:00 ICT 2026 - Token validated successfully. Subject: b1f3d0f5-efee-46fa-9fdd-4ab81d4bd466
Sun Jul 05 13:57:00 ICT 2026 - Authentication set in SecurityContext for user: hoaiduclequoc@gmail.com
Sun Jul 05 13:57:00 ICT 2026 - === doFilterInternal END ===
Sun Jul 05 13:57:00 ICT 2026 - User found in database: hoaiduclequoc@gmail.com | DB Role: 2 | Mapped Authority: ROLE_ADMIN
Sun Jul 05 13:57:00 ICT 2026 - Authentication set in SecurityContext for user: hoaiduclequoc@gmail.com
Sun Jul 05 13:57:00 ICT 2026 - === doFilterInternal END ===
Sun Jul 05 13:57:00 ICT 2026 - User found in database: hoaiduclequoc@gmail.com | DB Role: 2 | Mapped Authority: ROLE_ADMIN
Sun Jul 05 13:57:00 ICT 2026 - Authentication set in SecurityContext for user: hoaiduclequoc@gmail.com
Sun Jul 05 13:57:00 ICT 2026 - === doFilterInternal END ===
Sun Jul 05 13:57:00 ICT 2026 - === doFilterInternal START ===
Sun Jul 05 13:57:00 ICT 2026 - Request URI: /api/admin/stats
Sun Jul 05 13:57:00 ICT 2026 - Token found. Length: 1374
Sun Jul 05 13:57:00 ICT 2026 - Token validated successfully. Subject: b1f3d0f5-efee-46fa-9fdd-4ab81d4bd466
Sun Jul 05 13:57:00 ICT 2026 - === doFilterInternal START ===
Sun Jul 05 13:57:00 ICT 2026 - Request URI: /api/admin/posts
Sun Jul 05 13:57:00 ICT 2026 - Token found. Length: 1374
Sun Jul 05 13:57:00 ICT 2026 - Token validated successfully. Subject: b1f3d0f5-efee-46fa-9fdd-4ab81d4bd466
Sun Jul 05 13:57:00 ICT 2026 - === doFilterInternal START ===
Sun Jul 05 13:57:00 ICT 2026 - Request URI: /api/admin/comments
Sun Jul 05 13:57:00 ICT 2026 - === doFilterInternal START ===
Sun Jul 05 13:57:00 ICT 2026 - Request URI: /api/admin/users
Sun Jul 05 13:57:00 ICT 2026 - Token found. Length: 1374
Sun Jul 05 13:57:00 ICT 2026 - Token found. Length: 1374
Sun Jul 05 13:57:00 ICT 2026 - Token validated successfully. Subject: b1f3d0f5-efee-46fa-9fdd-4ab81d4bd466
Sun Jul 05 13:57:00 ICT 2026 - Token validated successfully. Subject: b1f3d0f5-efee-46fa-9fdd-4ab81d4bd466
Sun Jul 05 13:57:01 ICT 2026 - User found in database: hoaiduclequoc@gmail.com | DB Role: 2 | Mapped Authority: ROLE_ADMIN
Sun Jul 05 13:57:01 ICT 2026 - Authentication set in SecurityContext for user: hoaiduclequoc@gmail.com
Sun Jul 05 13:57:01 ICT 2026 - === doFilterInternal END ===
Sun Jul 05 13:57:01 ICT 2026 - User found in database: hoaiduclequoc@gmail.com | DB Role: 2 | Mapped Authority: ROLE_ADMIN
Sun Jul 05 13:57:01 ICT 2026 - Authentication set in SecurityContext for user: hoaiduclequoc@gmail.com
Sun Jul 05 13:57:01 ICT 2026 - === doFilterInternal END ===
Sun Jul 05 13:57:01 ICT 2026 - === doFilterInternal START ===
Sun Jul 05 13:57:01 ICT 2026 - Request URI: /api/admin/classes
Sun Jul 05 13:57:01 ICT 2026 - Token found. Length: 1374
Sun Jul 05 13:57:01 ICT 2026 - Token validated successfully. Subject: b1f3d0f5-efee-46fa-9fdd-4ab81d4bd466
Sun Jul 05 13:57:01 ICT 2026 - User found in database: hoaiduclequoc@gmail.com | DB Role: 2 | Mapped Authority: ROLE_ADMIN
Sun Jul 05 13:57:01 ICT 2026 - User found in database: hoaiduclequoc@gmail.com | DB Role: 2 | Mapped Authority: ROLE_ADMIN
Sun Jul 05 13:57:01 ICT 2026 - Authentication set in SecurityContext for user: hoaiduclequoc@gmail.com
Sun Jul 05 13:57:01 ICT 2026 - === doFilterInternal END ===
Sun Jul 05 13:57:01 ICT 2026 - Authentication set in SecurityContext for user: hoaiduclequoc@gmail.com
Sun Jul 05 13:57:01 ICT 2026 - === doFilterInternal END ===
Sun Jul 05 13:57:01 ICT 2026 - === doFilterInternal START ===
Sun Jul 05 13:57:01 ICT 2026 - Request URI: /api/submissions/user/b1f3d0f5-efee-46fa-9fdd-4ab81d4bd466
Sun Jul 05 13:57:01 ICT 2026 - Token found. Length: 1374
Sun Jul 05 13:57:01 ICT 2026 - Token validated successfully. Subject: b1f3d0f5-efee-46fa-9fdd-4ab81d4bd466
Sun Jul 05 13:57:01 ICT 2026 - User found in database: hoaiduclequoc@gmail.com | DB Role: 2 | Mapped Authority: ROLE_ADMIN
Sun Jul 05 13:57:01 ICT 2026 - Authentication set in SecurityContext for user: hoaiduclequoc@gmail.com
Sun Jul 05 13:57:01 ICT 2026 - === doFilterInternal END ===
Sun Jul 05 13:57:01 ICT 2026 - === doFilterInternal START ===
Sun Jul 05 13:57:01 ICT 2026 - Request URI: /api/quiz-attempts/user/b1f3d0f5-efee-46fa-9fdd-4ab81d4bd466
Sun Jul 05 13:57:01 ICT 2026 - Token found. Length: 1374
Sun Jul 05 13:57:01 ICT 2026 - Token validated successfully. Subject: b1f3d0f5-efee-46fa-9fdd-4ab81d4bd466
Sun Jul 05 13:57:01 ICT 2026 - User found in database: hoaiduclequoc@gmail.com | DB Role: 2 | Mapped Authority: ROLE_ADMIN
Sun Jul 05 13:57:01 ICT 2026 - Authentication set in SecurityContext for user: hoaiduclequoc@gmail.com
Sun Jul 05 13:57:01 ICT 2026 - === doFilterInternal END ===
Sun Jul 05 13:57:01 ICT 2026 - === doFilterInternal START ===
Sun Jul 05 13:57:01 ICT 2026 - Request URI: /api/chat/unread-count/b1f3d0f5-efee-46fa-9fdd-4ab81d4bd466
Sun Jul 05 13:57:01 ICT 2026 - Token found. Length: 1374
Sun Jul 05 13:57:01 ICT 2026 - Token validated successfully. Subject: b1f3d0f5-efee-46fa-9fdd-4ab81d4bd466
Sun Jul 05 13:57:01 ICT 2026 - User found in database: hoaiduclequoc@gmail.com | DB Role: 2 | Mapped Authority: ROLE_ADMIN
Sun Jul 05 13:57:01 ICT 2026 - Authentication set in SecurityContext for user: hoaiduclequoc@gmail.com
Sun Jul 05 13:57:01 ICT 2026 - === doFilterInternal END ===
Sun Jul 05 13:57:01 ICT 2026 - === doFilterInternal START ===
Sun Jul 05 13:57:01 ICT 2026 - Request URI: /api/streaks/b1f3d0f5-efee-46fa-9fdd-4ab81d4bd466
Sun Jul 05 13:57:01 ICT 2026 - Token found. Length: 1374
Sun Jul 05 13:57:01 ICT 2026 - Token validated successfully. Subject: b1f3d0f5-efee-46fa-9fdd-4ab81d4bd466
Sun Jul 05 13:57:01 ICT 2026 - User found in database: hoaiduclequoc@gmail.com | DB Role: 2 | Mapped Authority: ROLE_ADMIN
Sun Jul 05 13:57:01 ICT 2026 - Authentication set in SecurityContext for user: hoaiduclequoc@gmail.com
Sun Jul 05 13:57:01 ICT 2026 - === doFilterInternal END ===
Sun Jul 05 13:57:01 ICT 2026 - === doFilterInternal START ===
Sun Jul 05 13:57:01 ICT 2026 - Request URI: /api/classes/user/b1f3d0f5-efee-46fa-9fdd-4ab81d4bd466
Sun Jul 05 13:57:01 ICT 2026 - User found in database: hoaiduclequoc@gmail.com | DB Role: 2 | Mapped Authority: ROLE_ADMIN
Sun Jul 05 13:57:01 ICT 2026 - Token found. Length: 1374
Sun Jul 05 13:57:01 ICT 2026 - Authentication set in SecurityContext for user: hoaiduclequoc@gmail.com
Sun Jul 05 13:57:01 ICT 2026 - === doFilterInternal END ===
Sun Jul 05 13:57:01 ICT 2026 - Token validated successfully. Subject: b1f3d0f5-efee-46fa-9fdd-4ab81d4bd466
Sun Jul 05 13:57:01 ICT 2026 - === doFilterInternal START ===
Sun Jul 05 13:57:01 ICT 2026 - Request URI: /api/admin/users
Sun Jul 05 13:57:01 ICT 2026 - Token found. Length: 1374
Sun Jul 05 13:57:01 ICT 2026 - Token validated successfully. Subject: b1f3d0f5-efee-46fa-9fdd-4ab81d4bd466
Sun Jul 05 13:57:01 ICT 2026 - === doFilterInternal START ===
Sun Jul 05 13:57:01 ICT 2026 - Request URI: /api/admin/stats
Sun Jul 05 13:57:01 ICT 2026 - Token found. Length: 1374
Sun Jul 05 13:57:01 ICT 2026 - Token validated successfully. Subject: b1f3d0f5-efee-46fa-9fdd-4ab81d4bd466
Sun Jul 05 13:57:01 ICT 2026 - User found in database: hoaiduclequoc@gmail.com | DB Role: 2 | Mapped Authority: ROLE_ADMIN
Sun Jul 05 13:57:01 ICT 2026 - Authentication set in SecurityContext for user: hoaiduclequoc@gmail.com
Sun Jul 05 13:57:01 ICT 2026 - === doFilterInternal END ===
Sun Jul 05 13:57:01 ICT 2026 - User found in database: hoaiduclequoc@gmail.com | DB Role: 2 | Mapped Authority: ROLE_ADMIN
Sun Jul 05 13:57:01 ICT 2026 - Authentication set in SecurityContext for user: hoaiduclequoc@gmail.com
Sun Jul 05 13:57:01 ICT 2026 - === doFilterInternal END ===
Sun Jul 05 13:57:01 ICT 2026 - === doFilterInternal START ===
Sun Jul 05 13:57:01 ICT 2026 - Request URI: /api/submissions/user/b1f3d0f5-efee-46fa-9fdd-4ab81d4bd466
Sun Jul 05 13:57:01 ICT 2026 - Token found. Length: 1374
Sun Jul 05 13:57:01 ICT 2026 - === doFilterInternal START ===
Sun Jul 05 13:57:01 ICT 2026 - Request URI: /api/admin/comments
Sun Jul 05 13:57:01 ICT 2026 - User found in database: hoaiduclequoc@gmail.com | DB Role: 2 | Mapped Authority: ROLE_ADMIN
Sun Jul 05 13:57:01 ICT 2026 - Token validated successfully. Subject: b1f3d0f5-efee-46fa-9fdd-4ab81d4bd466
Sun Jul 05 13:57:01 ICT 2026 - Token found. Length: 1374
Sun Jul 05 13:57:01 ICT 2026 - Authentication set in SecurityContext for user: hoaiduclequoc@gmail.com
Sun Jul 05 13:57:01 ICT 2026 - === doFilterInternal END ===
Sun Jul 05 13:57:01 ICT 2026 - Token validated successfully. Subject: b1f3d0f5-efee-46fa-9fdd-4ab81d4bd466
Sun Jul 05 13:57:01 ICT 2026 - === doFilterInternal START ===
Sun Jul 05 13:57:01 ICT 2026 - Request URI: /api/streaks/b1f3d0f5-efee-46fa-9fdd-4ab81d4bd466/update
Sun Jul 05 13:57:01 ICT 2026 - Token found. Length: 1374
Sun Jul 05 13:57:01 ICT 2026 - Token validated successfully. Subject: b1f3d0f5-efee-46fa-9fdd-4ab81d4bd466
Sun Jul 05 13:57:01 ICT 2026 - User found in database: hoaiduclequoc@gmail.com | DB Role: 2 | Mapped Authority: ROLE_ADMIN
Sun Jul 05 13:57:01 ICT 2026 - Authentication set in SecurityContext for user: hoaiduclequoc@gmail.com
Sun Jul 05 13:57:01 ICT 2026 - === doFilterInternal END ===
Sun Jul 05 13:57:01 ICT 2026 - User found in database: hoaiduclequoc@gmail.com | DB Role: 2 | Mapped Authority: ROLE_ADMIN
Sun Jul 05 13:57:01 ICT 2026 - Authentication set in SecurityContext for user: hoaiduclequoc@gmail.com
Sun Jul 05 13:57:01 ICT 2026 - === doFilterInternal END ===
Sun Jul 05 13:57:01 ICT 2026 - === doFilterInternal START ===
Sun Jul 05 13:57:01 ICT 2026 - Request URI: /api/quiz-attempts/user/b1f3d0f5-efee-46fa-9fdd-4ab81d4bd466
Sun Jul 05 13:57:01 ICT 2026 - Token found. Length: 1374
Sun Jul 05 13:57:01 ICT 2026 - Token validated successfully. Subject: b1f3d0f5-efee-46fa-9fdd-4ab81d4bd466
Sun Jul 05 13:57:01 ICT 2026 - User found in database: hoaiduclequoc@gmail.com | DB Role: 2 | Mapped Authority: ROLE_ADMIN
Sun Jul 05 13:57:01 ICT 2026 - Authentication set in SecurityContext for user: hoaiduclequoc@gmail.com
Sun Jul 05 13:57:01 ICT 2026 - === doFilterInternal END ===
Sun Jul 05 13:57:01 ICT 2026 - === doFilterInternal START ===
Sun Jul 05 13:57:01 ICT 2026 - Request URI: /api/chat/unread-count/b1f3d0f5-efee-46fa-9fdd-4ab81d4bd466
Sun Jul 05 13:57:01 ICT 2026 - Token found. Length: 1374
Sun Jul 05 13:57:01 ICT 2026 - Token validated successfully. Subject: b1f3d0f5-efee-46fa-9fdd-4ab81d4bd466
Sun Jul 05 13:57:01 ICT 2026 - === doFilterInternal START ===
Sun Jul 05 13:57:01 ICT 2026 - Request URI: /api/admin/posts
Sun Jul 05 13:57:01 ICT 2026 - Token found. Length: 1374
Sun Jul 05 13:57:01 ICT 2026 - Token validated successfully. Subject: b1f3d0f5-efee-46fa-9fdd-4ab81d4bd466
Sun Jul 05 13:57:01 ICT 2026 - User found in database: hoaiduclequoc@gmail.com | DB Role: 2 | Mapped Authority: ROLE_ADMIN
Sun Jul 05 13:57:01 ICT 2026 - Authentication set in SecurityContext for user: hoaiduclequoc@gmail.com
Sun Jul 05 13:57:01 ICT 2026 - === doFilterInternal END ===
Sun Jul 05 13:57:01 ICT 2026 - === doFilterInternal START ===
Sun Jul 05 13:57:01 ICT 2026 - Request URI: /api/streaks/b1f3d0f5-efee-46fa-9fdd-4ab81d4bd466
Sun Jul 05 13:57:01 ICT 2026 - Token found. Length: 1374
Sun Jul 05 13:57:01 ICT 2026 - Token validated successfully. Subject: b1f3d0f5-efee-46fa-9fdd-4ab81d4bd466
Sun Jul 05 13:57:01 ICT 2026 - User found in database: hoaiduclequoc@gmail.com | DB Role: 2 | Mapped Authority: ROLE_ADMIN
Sun Jul 05 13:57:01 ICT 2026 - Authentication set in SecurityContext for user: hoaiduclequoc@gmail.com
Sun Jul 05 13:57:01 ICT 2026 - === doFilterInternal END ===
Sun Jul 05 13:57:01 ICT 2026 - User found in database: hoaiduclequoc@gmail.com | DB Role: 2 | Mapped Authority: ROLE_ADMIN
Sun Jul 05 13:57:01 ICT 2026 - Authentication set in SecurityContext for user: hoaiduclequoc@gmail.com
Sun Jul 05 13:57:01 ICT 2026 - === doFilterInternal END ===
Sun Jul 05 13:57:01 ICT 2026 - User found in database: hoaiduclequoc@gmail.com | DB Role: 2 | Mapped Authority: ROLE_ADMIN
Sun Jul 05 13:57:01 ICT 2026 - Authentication set in SecurityContext for user: hoaiduclequoc@gmail.com
Sun Jul 05 13:57:01 ICT 2026 - === doFilterInternal END ===
Sun Jul 05 13:57:01 ICT 2026 - === doFilterInternal START ===
Sun Jul 05 13:57:01 ICT 2026 - Request URI: /api/classes/user/b1f3d0f5-efee-46fa-9fdd-4ab81d4bd466
Sun Jul 05 13:57:01 ICT 2026 - Token found. Length: 1374
Sun Jul 05 13:57:01 ICT 2026 - Token validated successfully. Subject: b1f3d0f5-efee-46fa-9fdd-4ab81d4bd466
Sun Jul 05 13:57:01 ICT 2026 - === doFilterInternal START ===
Sun Jul 05 13:57:01 ICT 2026 - Request URI: /api/admin/classes
Sun Jul 05 13:57:01 ICT 2026 - Token found. Length: 1374
Sun Jul 05 13:57:01 ICT 2026 - Token validated successfully. Subject: b1f3d0f5-efee-46fa-9fdd-4ab81d4bd466
Sun Jul 05 13:57:02 ICT 2026 - === doFilterInternal START ===
Sun Jul 05 13:57:02 ICT 2026 - Request URI: /api/submissions/user/b1f3d0f5-efee-46fa-9fdd-4ab81d4bd466
Sun Jul 05 13:57:02 ICT 2026 - Token found. Length: 1374
Sun Jul 05 13:57:02 ICT 2026 - === doFilterInternal START ===
Sun Jul 05 13:57:02 ICT 2026 - Request URI: /api/admin/stats
Sun Jul 05 13:57:02 ICT 2026 - Token found. Length: 1374
Sun Jul 05 13:57:02 ICT 2026 - Token validated successfully. Subject: b1f3d0f5-efee-46fa-9fdd-4ab81d4bd466
Sun Jul 05 13:57:02 ICT 2026 - Token validated successfully. Subject: b1f3d0f5-efee-46fa-9fdd-4ab81d4bd466
Sun Jul 05 13:57:02 ICT 2026 - User found in database: hoaiduclequoc@gmail.com | DB Role: 2 | Mapped Authority: ROLE_ADMIN
Sun Jul 05 13:57:02 ICT 2026 - Authentication set in SecurityContext for user: hoaiduclequoc@gmail.com
Sun Jul 05 13:57:02 ICT 2026 - === doFilterInternal END ===
Sun Jul 05 13:57:02 ICT 2026 - User found in database: hoaiduclequoc@gmail.com | DB Role: 2 | Mapped Authority: ROLE_ADMIN
Sun Jul 05 13:57:02 ICT 2026 - Authentication set in SecurityContext for user: hoaiduclequoc@gmail.com
Sun Jul 05 13:57:02 ICT 2026 - === doFilterInternal END ===
Sun Jul 05 13:57:02 ICT 2026 - User found in database: hoaiduclequoc@gmail.com | DB Role: 2 | Mapped Authority: ROLE_ADMIN
Sun Jul 05 13:57:02 ICT 2026 - User found in database: hoaiduclequoc@gmail.com | DB Role: 2 | Mapped Authority: ROLE_ADMIN
Sun Jul 05 13:57:02 ICT 2026 - Authentication set in SecurityContext for user: hoaiduclequoc@gmail.com
Sun Jul 05 13:57:02 ICT 2026 - === doFilterInternal END ===
Sun Jul 05 13:57:02 ICT 2026 - Authentication set in SecurityContext for user: hoaiduclequoc@gmail.com
Sun Jul 05 13:57:02 ICT 2026 - === doFilterInternal START ===
Sun Jul 05 13:57:02 ICT 2026 - Request URI: /api/quiz-attempts/user/b1f3d0f5-efee-46fa-9fdd-4ab81d4bd466
Sun Jul 05 13:57:02 ICT 2026 - === doFilterInternal END ===
Sun Jul 05 13:57:02 ICT 2026 - Token found. Length: 1374
Sun Jul 05 13:57:02 ICT 2026 - Token validated successfully. Subject: b1f3d0f5-efee-46fa-9fdd-4ab81d4bd466
Sun Jul 05 13:57:02 ICT 2026 - User found in database: hoaiduclequoc@gmail.com | DB Role: 2 | Mapped Authority: ROLE_ADMIN
Sun Jul 05 13:57:02 ICT 2026 - Authentication set in SecurityContext for user: hoaiduclequoc@gmail.com
Sun Jul 05 13:57:02 ICT 2026 - === doFilterInternal END ===
Sun Jul 05 13:57:02 ICT 2026 - === doFilterInternal START ===
Sun Jul 05 13:57:02 ICT 2026 - Request URI: /api/admin/comments
Sun Jul 05 13:57:02 ICT 2026 - Token found. Length: 1374
Sun Jul 05 13:57:02 ICT 2026 - Token validated successfully. Subject: b1f3d0f5-efee-46fa-9fdd-4ab81d4bd466
Sun Jul 05 13:57:02 ICT 2026 - === doFilterInternal START ===
Sun Jul 05 13:57:02 ICT 2026 - Request URI: /api/streaks/b1f3d0f5-efee-46fa-9fdd-4ab81d4bd466
Sun Jul 05 13:57:02 ICT 2026 - Token found. Length: 1374
Sun Jul 05 13:57:02 ICT 2026 - Token validated successfully. Subject: b1f3d0f5-efee-46fa-9fdd-4ab81d4bd466
Sun Jul 05 13:57:02 ICT 2026 - User found in database: hoaiduclequoc@gmail.com | DB Role: 2 | Mapped Authority: ROLE_ADMIN
Sun Jul 05 13:57:02 ICT 2026 - Authentication set in SecurityContext for user: hoaiduclequoc@gmail.com
Sun Jul 05 13:57:02 ICT 2026 - === doFilterInternal END ===
Sun Jul 05 13:57:02 ICT 2026 - User found in database: hoaiduclequoc@gmail.com | DB Role: 2 | Mapped Authority: ROLE_ADMIN
Sun Jul 05 13:57:02 ICT 2026 - Authentication set in SecurityContext for user: hoaiduclequoc@gmail.com
Sun Jul 05 13:57:02 ICT 2026 - === doFilterInternal END ===
Sun Jul 05 13:57:02 ICT 2026 - === doFilterInternal START ===
Sun Jul 05 13:57:02 ICT 2026 - Request URI: /api/classes/user/b1f3d0f5-efee-46fa-9fdd-4ab81d4bd466
Sun Jul 05 13:57:02 ICT 2026 - Token found. Length: 1374
Sun Jul 05 13:57:02 ICT 2026 - Token validated successfully. Subject: b1f3d0f5-efee-46fa-9fdd-4ab81d4bd466
Sun Jul 05 13:57:02 ICT 2026 - === doFilterInternal START ===
Sun Jul 05 13:57:02 ICT 2026 - Request URI: /api/quiz-attempts/user/b1f3d0f5-efee-46fa-9fdd-4ab81d4bd466
Sun Jul 05 13:57:02 ICT 2026 - Token found. Length: 1374
Sun Jul 05 13:57:02 ICT 2026 - Token validated successfully. Subject: b1f3d0f5-efee-46fa-9fdd-4ab81d4bd466
Sun Jul 05 13:57:02 ICT 2026 - User found in database: hoaiduclequoc@gmail.com | DB Role: 2 | Mapped Authority: ROLE_ADMIN
Sun Jul 05 13:57:02 ICT 2026 - Authentication set in SecurityContext for user: hoaiduclequoc@gmail.com
Sun Jul 05 13:57:02 ICT 2026 - === doFilterInternal END ===
Sun Jul 05 13:57:02 ICT 2026 - === doFilterInternal START ===
Sun Jul 05 13:57:02 ICT 2026 - Request URI: /api/admin/posts
Sun Jul 05 13:57:02 ICT 2026 - Token found. Length: 1374
Sun Jul 05 13:57:02 ICT 2026 - Token validated successfully. Subject: b1f3d0f5-efee-46fa-9fdd-4ab81d4bd466
Sun Jul 05 13:57:02 ICT 2026 - User found in database: hoaiduclequoc@gmail.com | DB Role: 2 | Mapped Authority: ROLE_ADMIN
Sun Jul 05 13:57:02 ICT 2026 - Authentication set in SecurityContext for user: hoaiduclequoc@gmail.com
Sun Jul 05 13:57:02 ICT 2026 - === doFilterInternal END ===
Sun Jul 05 13:57:02 ICT 2026 - User found in database: hoaiduclequoc@gmail.com | DB Role: 2 | Mapped Authority: ROLE_ADMIN
Sun Jul 05 13:57:02 ICT 2026 - Authentication set in SecurityContext for user: hoaiduclequoc@gmail.com
Sun Jul 05 13:57:02 ICT 2026 - === doFilterInternal END ===
Sun Jul 05 14:04:14 ICT 2026 - === doFilterInternal START ===
Sun Jul 05 14:04:14 ICT 2026 - Request URI: /api/streaks/b1f3d0f5-efee-46fa-9fdd-4ab81d4bd466/update
Sun Jul 05 14:04:14 ICT 2026 - Token found. Length: 1374
Sun Jul 05 14:04:14 ICT 2026 - Token validated successfully. Subject: b1f3d0f5-efee-46fa-9fdd-4ab81d4bd466
Sun Jul 05 14:04:15 ICT 2026 - User found in database: hoaiduclequoc@gmail.com | DB Role: 2 | Mapped Authority: ROLE_ADMIN
Sun Jul 05 14:04:15 ICT 2026 - Authentication set in SecurityContext for user: hoaiduclequoc@gmail.com
Sun Jul 05 14:04:15 ICT 2026 - === doFilterInternal END ===
Sun Jul 05 14:04:16 ICT 2026 - === doFilterInternal START ===
Sun Jul 05 14:04:16 ICT 2026 - Request URI: /api/chat/unread-count/b1f3d0f5-efee-46fa-9fdd-4ab81d4bd466
Sun Jul 05 14:04:16 ICT 2026 - Token found. Length: 1374
Sun Jul 05 14:04:16 ICT 2026 - Token validated successfully. Subject: b1f3d0f5-efee-46fa-9fdd-4ab81d4bd466
Sun Jul 05 14:04:16 ICT 2026 - User found in database: hoaiduclequoc@gmail.com | DB Role: 2 | Mapped Authority: ROLE_ADMIN
Sun Jul 05 14:04:16 ICT 2026 - Authentication set in SecurityContext for user: hoaiduclequoc@gmail.com
Sun Jul 05 14:04:16 ICT 2026 - === doFilterInternal END ===
Sun Jul 05 14:04:17 ICT 2026 - === doFilterInternal START ===
Sun Jul 05 14:04:17 ICT 2026 - Request URI: /api/streaks/b1f3d0f5-efee-46fa-9fdd-4ab81d4bd466
Sun Jul 05 14:04:17 ICT 2026 - Token found. Length: 1374
Sun Jul 05 14:04:17 ICT 2026 - === doFilterInternal START ===
Sun Jul 05 14:04:17 ICT 2026 - Request URI: /api/quiz-attempts/user/b1f3d0f5-efee-46fa-9fdd-4ab81d4bd466
Sun Jul 05 14:04:17 ICT 2026 - === doFilterInternal START ===
Sun Jul 05 14:04:17 ICT 2026 - Request URI: /api/submissions/user/b1f3d0f5-efee-46fa-9fdd-4ab81d4bd466
Sun Jul 05 14:04:17 ICT 2026 - Token found. Length: 1374
Sun Jul 05 14:04:17 ICT 2026 - Token found. Length: 1374
Sun Jul 05 14:04:17 ICT 2026 - Token validated successfully. Subject: b1f3d0f5-efee-46fa-9fdd-4ab81d4bd466
Sun Jul 05 14:04:17 ICT 2026 - Token validated successfully. Subject: b1f3d0f5-efee-46fa-9fdd-4ab81d4bd466
Sun Jul 05 14:04:17 ICT 2026 - Token validated successfully. Subject: b1f3d0f5-efee-46fa-9fdd-4ab81d4bd466
Sun Jul 05 14:04:17 ICT 2026 - User found in database: hoaiduclequoc@gmail.com | DB Role: 2 | Mapped Authority: ROLE_ADMIN
Sun Jul 05 14:04:17 ICT 2026 - Authentication set in SecurityContext for user: hoaiduclequoc@gmail.com
Sun Jul 05 14:04:17 ICT 2026 - === doFilterInternal END ===
Sun Jul 05 14:04:17 ICT 2026 - User found in database: hoaiduclequoc@gmail.com | DB Role: 2 | Mapped Authority: ROLE_ADMIN
Sun Jul 05 14:04:17 ICT 2026 - Authentication set in SecurityContext for user: hoaiduclequoc@gmail.com
Sun Jul 05 14:04:17 ICT 2026 - === doFilterInternal END ===
Sun Jul 05 14:04:17 ICT 2026 - User found in database: hoaiduclequoc@gmail.com | DB Role: 2 | Mapped Authority: ROLE_ADMIN
Sun Jul 05 14:04:17 ICT 2026 - Authentication set in SecurityContext for user: hoaiduclequoc@gmail.com
Sun Jul 05 14:04:17 ICT 2026 - === doFilterInternal END ===
Sun Jul 05 14:04:22 ICT 2026 - === doFilterInternal START ===
Sun Jul 05 14:04:22 ICT 2026 - Request URI: /api/quiz-attempts/user/b1f3d0f5-efee-46fa-9fdd-4ab81d4bd466
Sun Jul 05 14:04:22 ICT 2026 - === doFilterInternal START ===
Sun Jul 05 14:04:22 ICT 2026 - Request URI: /api/submissions/user/b1f3d0f5-efee-46fa-9fdd-4ab81d4bd466
Sun Jul 05 14:04:22 ICT 2026 - === doFilterInternal START ===
Sun Jul 05 14:04:22 ICT 2026 - Request URI: /api/streaks/b1f3d0f5-efee-46fa-9fdd-4ab81d4bd466
Sun Jul 05 14:04:22 ICT 2026 - Token found. Length: 1374
Sun Jul 05 14:04:22 ICT 2026 - Token found. Length: 1374
Sun Jul 05 14:04:22 ICT 2026 - Token found. Length: 1374
Sun Jul 05 14:04:22 ICT 2026 - Token validated successfully. Subject: b1f3d0f5-efee-46fa-9fdd-4ab81d4bd466
Sun Jul 05 14:04:22 ICT 2026 - Token validated successfully. Subject: b1f3d0f5-efee-46fa-9fdd-4ab81d4bd466
Sun Jul 05 14:04:22 ICT 2026 - Token validated successfully. Subject: b1f3d0f5-efee-46fa-9fdd-4ab81d4bd466
Sun Jul 05 14:04:22 ICT 2026 - User found in database: hoaiduclequoc@gmail.com | DB Role: 2 | Mapped Authority: ROLE_ADMIN
Sun Jul 05 14:04:22 ICT 2026 - User found in database: hoaiduclequoc@gmail.com | DB Role: 2 | Mapped Authority: ROLE_ADMIN
Sun Jul 05 14:04:22 ICT 2026 - User found in database: hoaiduclequoc@gmail.com | DB Role: 2 | Mapped Authority: ROLE_ADMIN
Sun Jul 05 14:04:22 ICT 2026 - Authentication set in SecurityContext for user: hoaiduclequoc@gmail.com
Sun Jul 05 14:04:22 ICT 2026 - === doFilterInternal END ===
Sun Jul 05 14:04:22 ICT 2026 - Authentication set in SecurityContext for user: hoaiduclequoc@gmail.com
Sun Jul 05 14:04:22 ICT 2026 - === doFilterInternal END ===
Sun Jul 05 14:04:22 ICT 2026 - Authentication set in SecurityContext for user: hoaiduclequoc@gmail.com
Sun Jul 05 14:04:22 ICT 2026 - === doFilterInternal END ===
Sun Jul 05 14:04:28 ICT 2026 - === doFilterInternal START ===
Sun Jul 05 14:04:28 ICT 2026 - Request URI: /api/streaks/b1f3d0f5-efee-46fa-9fdd-4ab81d4bd466/update
Sun Jul 05 14:04:28 ICT 2026 - Token found. Length: 1374
Sun Jul 05 14:04:28 ICT 2026 - Token validated successfully. Subject: b1f3d0f5-efee-46fa-9fdd-4ab81d4bd466
Sun Jul 05 14:04:28 ICT 2026 - User found in database: hoaiduclequoc@gmail.com | DB Role: 2 | Mapped Authority: ROLE_ADMIN
Sun Jul 05 14:04:28 ICT 2026 - Authentication set in SecurityContext for user: hoaiduclequoc@gmail.com
Sun Jul 05 14:04:28 ICT 2026 - === doFilterInternal END ===
Sun Jul 05 14:04:32 ICT 2026 - === doFilterInternal START ===
Sun Jul 05 14:04:32 ICT 2026 - Request URI: /api/chat/unread-count/b1f3d0f5-efee-46fa-9fdd-4ab81d4bd466
Sun Jul 05 14:04:32 ICT 2026 - === doFilterInternal START ===
Sun Jul 05 14:04:32 ICT 2026 - Request URI: /api/auth/login
Sun Jul 05 14:04:32 ICT 2026 - Token found. Length: 1374
Sun Jul 05 14:04:32 ICT 2026 - Token found. Length: 1374
Sun Jul 05 14:04:32 ICT 2026 - Token validated successfully. Subject: b1f3d0f5-efee-46fa-9fdd-4ab81d4bd466
Sun Jul 05 14:04:32 ICT 2026 - Token validated successfully. Subject: b1f3d0f5-efee-46fa-9fdd-4ab81d4bd466
Sun Jul 05 14:04:32 ICT 2026 - User found in database: hoaiduclequoc@gmail.com | DB Role: 2 | Mapped Authority: ROLE_ADMIN
Sun Jul 05 14:04:32 ICT 2026 - User found in database: hoaiduclequoc@gmail.com | DB Role: 2 | Mapped Authority: ROLE_ADMIN
Sun Jul 05 14:04:32 ICT 2026 - Authentication set in SecurityContext for user: hoaiduclequoc@gmail.com
Sun Jul 05 14:04:32 ICT 2026 - === doFilterInternal END ===
Sun Jul 05 14:04:32 ICT 2026 - Authentication set in SecurityContext for user: hoaiduclequoc@gmail.com
Sun Jul 05 14:04:32 ICT 2026 - === doFilterInternal END ===
Sun Jul 05 14:04:32 ICT 2026 - === doFilterInternal START ===
Sun Jul 05 14:04:32 ICT 2026 - Request URI: /api/classes/user/b1f3d0f5-efee-46fa-9fdd-4ab81d4bd466
Sun Jul 05 14:04:32 ICT 2026 - Token found. Length: 1374
Sun Jul 05 14:04:32 ICT 2026 - Token validated successfully. Subject: b1f3d0f5-efee-46fa-9fdd-4ab81d4bd466
Sun Jul 05 14:04:32 ICT 2026 - === doFilterInternal START ===
Sun Jul 05 14:04:32 ICT 2026 - Request URI: /api/streaks/b1f3d0f5-efee-46fa-9fdd-4ab81d4bd466
Sun Jul 05 14:04:32 ICT 2026 - Token found. Length: 1374
Sun Jul 05 14:04:32 ICT 2026 - Token validated successfully. Subject: b1f3d0f5-efee-46fa-9fdd-4ab81d4bd466
Sun Jul 05 14:04:32 ICT 2026 - === doFilterInternal START ===
Sun Jul 05 14:04:32 ICT 2026 - Request URI: /api/admin/stats
Sun Jul 05 14:04:32 ICT 2026 - Token found. Length: 1374
Sun Jul 05 14:04:32 ICT 2026 - === doFilterInternal START ===
Sun Jul 05 14:04:32 ICT 2026 - Request URI: /api/admin/posts
Sun Jul 05 14:04:32 ICT 2026 - Token found. Length: 1374
Sun Jul 05 14:04:32 ICT 2026 - === doFilterInternal START ===
Sun Jul 05 14:04:32 ICT 2026 - Request URI: /api/admin/comments
Sun Jul 05 14:04:32 ICT 2026 - Token found. Length: 1374
Sun Jul 05 14:04:32 ICT 2026 - Token validated successfully. Subject: b1f3d0f5-efee-46fa-9fdd-4ab81d4bd466
Sun Jul 05 14:04:32 ICT 2026 - === doFilterInternal START ===
Sun Jul 05 14:04:32 ICT 2026 - Request URI: /api/admin/users
Sun Jul 05 14:04:32 ICT 2026 - Token validated successfully. Subject: b1f3d0f5-efee-46fa-9fdd-4ab81d4bd466
Sun Jul 05 14:04:32 ICT 2026 - Token found. Length: 1374
Sun Jul 05 14:04:32 ICT 2026 - Token validated successfully. Subject: b1f3d0f5-efee-46fa-9fdd-4ab81d4bd466
Sun Jul 05 14:04:32 ICT 2026 - Token validated successfully. Subject: b1f3d0f5-efee-46fa-9fdd-4ab81d4bd466
Sun Jul 05 14:04:32 ICT 2026 - User found in database: hoaiduclequoc@gmail.com | DB Role: 2 | Mapped Authority: ROLE_ADMIN
Sun Jul 05 14:04:32 ICT 2026 - Authentication set in SecurityContext for user: hoaiduclequoc@gmail.com
Sun Jul 05 14:04:32 ICT 2026 - === doFilterInternal END ===
Sun Jul 05 14:04:32 ICT 2026 - User found in database: hoaiduclequoc@gmail.com | DB Role: 2 | Mapped Authority: ROLE_ADMIN
Sun Jul 05 14:04:32 ICT 2026 - Authentication set in SecurityContext for user: hoaiduclequoc@gmail.com
Sun Jul 05 14:04:32 ICT 2026 - === doFilterInternal END ===
Sun Jul 05 14:04:32 ICT 2026 - User found in database: hoaiduclequoc@gmail.com | DB Role: 2 | Mapped Authority: ROLE_ADMIN
Sun Jul 05 14:04:32 ICT 2026 - User found in database: hoaiduclequoc@gmail.com | DB Role: 2 | Mapped Authority: ROLE_ADMIN
Sun Jul 05 14:04:32 ICT 2026 - User found in database: hoaiduclequoc@gmail.com | DB Role: 2 | Mapped Authority: ROLE_ADMIN
Sun Jul 05 14:04:32 ICT 2026 - Authentication set in SecurityContext for user: hoaiduclequoc@gmail.com
Sun Jul 05 14:04:32 ICT 2026 - === doFilterInternal END ===
Sun Jul 05 14:04:32 ICT 2026 - Authentication set in SecurityContext for user: hoaiduclequoc@gmail.com
Sun Jul 05 14:04:32 ICT 2026 - === doFilterInternal END ===
Sun Jul 05 14:04:32 ICT 2026 - Authentication set in SecurityContext for user: hoaiduclequoc@gmail.com
Sun Jul 05 14:04:32 ICT 2026 - === doFilterInternal END ===
Sun Jul 05 14:04:32 ICT 2026 - User found in database: hoaiduclequoc@gmail.com | DB Role: 2 | Mapped Authority: ROLE_ADMIN
Sun Jul 05 14:04:32 ICT 2026 - Authentication set in SecurityContext for user: hoaiduclequoc@gmail.com
Sun Jul 05 14:04:32 ICT 2026 - === doFilterInternal END ===
Sun Jul 05 14:04:32 ICT 2026 - === doFilterInternal START ===
Sun Jul 05 14:04:32 ICT 2026 - Request URI: /api/admin/classes
Sun Jul 05 14:04:32 ICT 2026 - Token found. Length: 1374
Sun Jul 05 14:04:32 ICT 2026 - Token validated successfully. Subject: b1f3d0f5-efee-46fa-9fdd-4ab81d4bd466
Sun Jul 05 14:04:32 ICT 2026 - === doFilterInternal START ===
Sun Jul 05 14:04:32 ICT 2026 - Request URI: /api/admin/users
Sun Jul 05 14:04:32 ICT 2026 - Token found. Length: 1374
Sun Jul 05 14:04:32 ICT 2026 - Token validated successfully. Subject: b1f3d0f5-efee-46fa-9fdd-4ab81d4bd466
Sun Jul 05 14:04:32 ICT 2026 - === doFilterInternal START ===
Sun Jul 05 14:04:32 ICT 2026 - Request URI: /api/streaks/b1f3d0f5-efee-46fa-9fdd-4ab81d4bd466
Sun Jul 05 14:04:32 ICT 2026 - Token found. Length: 1374
Sun Jul 05 14:04:32 ICT 2026 - Token validated successfully. Subject: b1f3d0f5-efee-46fa-9fdd-4ab81d4bd466
Sun Jul 05 14:04:33 ICT 2026 - User found in database: hoaiduclequoc@gmail.com | DB Role: 2 | Mapped Authority: ROLE_ADMIN
Sun Jul 05 14:04:33 ICT 2026 - Authentication set in SecurityContext for user: hoaiduclequoc@gmail.com
Sun Jul 05 14:04:33 ICT 2026 - === doFilterInternal END ===
Sun Jul 05 14:04:33 ICT 2026 - === doFilterInternal START ===
Sun Jul 05 14:04:33 ICT 2026 - Request URI: /api/admin/stats
Sun Jul 05 14:04:33 ICT 2026 - Token found. Length: 1374
Sun Jul 05 14:04:33 ICT 2026 - Token validated successfully. Subject: b1f3d0f5-efee-46fa-9fdd-4ab81d4bd466
Sun Jul 05 14:04:33 ICT 2026 - User found in database: hoaiduclequoc@gmail.com | DB Role: 2 | Mapped Authority: ROLE_ADMIN
Sun Jul 05 14:04:33 ICT 2026 - Authentication set in SecurityContext for user: hoaiduclequoc@gmail.com
Sun Jul 05 14:04:33 ICT 2026 - === doFilterInternal END ===
Sun Jul 05 14:04:33 ICT 2026 - User found in database: hoaiduclequoc@gmail.com | DB Role: 2 | Mapped Authority: ROLE_ADMIN
Sun Jul 05 14:04:33 ICT 2026 - Authentication set in SecurityContext for user: hoaiduclequoc@gmail.com
Sun Jul 05 14:04:33 ICT 2026 - === doFilterInternal END ===
Sun Jul 05 14:04:33 ICT 2026 - User found in database: hoaiduclequoc@gmail.com | DB Role: 2 | Mapped Authority: ROLE_ADMIN
Sun Jul 05 14:04:33 ICT 2026 - Authentication set in SecurityContext for user: hoaiduclequoc@gmail.com
Sun Jul 05 14:04:33 ICT 2026 - === doFilterInternal END ===
Sun Jul 05 14:04:33 ICT 2026 - === doFilterInternal START ===
Sun Jul 05 14:04:33 ICT 2026 - Request URI: /api/admin/comments
Sun Jul 05 14:04:33 ICT 2026 - Token found. Length: 1374
Sun Jul 05 14:04:33 ICT 2026 - Token validated successfully. Subject: b1f3d0f5-efee-46fa-9fdd-4ab81d4bd466
Sun Jul 05 14:04:33 ICT 2026 - User found in database: hoaiduclequoc@gmail.com | DB Role: 2 | Mapped Authority: ROLE_ADMIN
Sun Jul 05 14:04:33 ICT 2026 - Authentication set in SecurityContext for user: hoaiduclequoc@gmail.com
Sun Jul 05 14:04:33 ICT 2026 - === doFilterInternal END ===
Sun Jul 05 14:04:33 ICT 2026 - === doFilterInternal START ===
Sun Jul 05 14:04:33 ICT 2026 - Request URI: /api/admin/stats
Sun Jul 05 14:04:33 ICT 2026 - Token found. Length: 1374
Sun Jul 05 14:04:33 ICT 2026 - Token validated successfully. Subject: b1f3d0f5-efee-46fa-9fdd-4ab81d4bd466
Sun Jul 05 14:04:33 ICT 2026 - === doFilterInternal START ===
Sun Jul 05 14:04:33 ICT 2026 - Request URI: /api/admin/posts
Sun Jul 05 14:04:33 ICT 2026 - Token found. Length: 1374
Sun Jul 05 14:04:33 ICT 2026 - Token validated successfully. Subject: b1f3d0f5-efee-46fa-9fdd-4ab81d4bd466
Sun Jul 05 14:04:33 ICT 2026 - User found in database: hoaiduclequoc@gmail.com | DB Role: 2 | Mapped Authority: ROLE_ADMIN
Sun Jul 05 14:04:33 ICT 2026 - Authentication set in SecurityContext for user: hoaiduclequoc@gmail.com
Sun Jul 05 14:04:33 ICT 2026 - === doFilterInternal END ===
Sun Jul 05 14:04:33 ICT 2026 - User found in database: hoaiduclequoc@gmail.com | DB Role: 2 | Mapped Authority: ROLE_ADMIN
Sun Jul 05 14:04:33 ICT 2026 - Authentication set in SecurityContext for user: hoaiduclequoc@gmail.com
Sun Jul 05 14:04:33 ICT 2026 - === doFilterInternal END ===
Sun Jul 05 14:04:33 ICT 2026 - === doFilterInternal START ===
Sun Jul 05 14:04:33 ICT 2026 - Request URI: /api/admin/comments
Sun Jul 05 14:04:33 ICT 2026 - Token found. Length: 1374
Sun Jul 05 14:04:33 ICT 2026 - Token validated successfully. Subject: b1f3d0f5-efee-46fa-9fdd-4ab81d4bd466
Sun Jul 05 14:04:33 ICT 2026 - === doFilterInternal START ===
Sun Jul 05 14:04:33 ICT 2026 - Request URI: /api/admin/classes
Sun Jul 05 14:04:33 ICT 2026 - Token found. Length: 1374
Sun Jul 05 14:04:33 ICT 2026 - Token validated successfully. Subject: b1f3d0f5-efee-46fa-9fdd-4ab81d4bd466
Sun Jul 05 14:04:33 ICT 2026 - User found in database: hoaiduclequoc@gmail.com | DB Role: 2 | Mapped Authority: ROLE_ADMIN
Sun Jul 05 14:04:33 ICT 2026 - Authentication set in SecurityContext for user: hoaiduclequoc@gmail.com
Sun Jul 05 14:04:33 ICT 2026 - === doFilterInternal END ===
Sun Jul 05 14:04:33 ICT 2026 - User found in database: hoaiduclequoc@gmail.com | DB Role: 2 | Mapped Authority: ROLE_ADMIN
Sun Jul 05 14:04:33 ICT 2026 - Authentication set in SecurityContext for user: hoaiduclequoc@gmail.com
Sun Jul 05 14:04:33 ICT 2026 - === doFilterInternal END ===
Sun Jul 05 14:04:33 ICT 2026 - === doFilterInternal START ===
Sun Jul 05 14:04:33 ICT 2026 - Request URI: /api/streaks/b1f3d0f5-efee-46fa-9fdd-4ab81d4bd466
Sun Jul 05 14:04:33 ICT 2026 - Token found. Length: 1374
Sun Jul 05 14:04:33 ICT 2026 - Token validated successfully. Subject: b1f3d0f5-efee-46fa-9fdd-4ab81d4bd466
Sun Jul 05 14:04:34 ICT 2026 - === doFilterInternal START ===
Sun Jul 05 14:04:34 ICT 2026 - Request URI: /api/admin/posts
Sun Jul 05 14:04:34 ICT 2026 - Token found. Length: 1374
Sun Jul 05 14:04:34 ICT 2026 - Token validated successfully. Subject: b1f3d0f5-efee-46fa-9fdd-4ab81d4bd466
Sun Jul 05 14:04:34 ICT 2026 - User found in database: hoaiduclequoc@gmail.com | DB Role: 2 | Mapped Authority: ROLE_ADMIN
Sun Jul 05 14:04:34 ICT 2026 - Authentication set in SecurityContext for user: hoaiduclequoc@gmail.com
Sun Jul 05 14:04:34 ICT 2026 - === doFilterInternal END ===
Sun Jul 05 14:04:34 ICT 2026 - User found in database: hoaiduclequoc@gmail.com | DB Role: 2 | Mapped Authority: ROLE_ADMIN
Sun Jul 05 14:04:34 ICT 2026 - Authentication set in SecurityContext for user: hoaiduclequoc@gmail.com
Sun Jul 05 14:04:34 ICT 2026 - === doFilterInternal END ===
Sun Jul 05 14:04:38 ICT 2026 - === doFilterInternal START ===
Sun Jul 05 14:04:38 ICT 2026 - Request URI: /api/streaks/b1f3d0f5-efee-46fa-9fdd-4ab81d4bd466
Sun Jul 05 14:04:38 ICT 2026 - Token found. Length: 1374
Sun Jul 05 14:04:38 ICT 2026 - Token validated successfully. Subject: b1f3d0f5-efee-46fa-9fdd-4ab81d4bd466
Sun Jul 05 14:04:38 ICT 2026 - User found in database: hoaiduclequoc@gmail.com | DB Role: 2 | Mapped Authority: ROLE_ADMIN
Sun Jul 05 14:04:38 ICT 2026 - Authentication set in SecurityContext for user: hoaiduclequoc@gmail.com
Sun Jul 05 14:04:38 ICT 2026 - === doFilterInternal END ===
Sun Jul 05 14:04:42 ICT 2026 - === doFilterInternal START ===
Sun Jul 05 14:04:42 ICT 2026 - Request URI: /api/auth/login
Sun Jul 05 14:04:42 ICT 2026 - Token found. Length: 1374
Sun Jul 05 14:04:42 ICT 2026 - === doFilterInternal START ===
Sun Jul 05 14:04:42 ICT 2026 - Request URI: /api/chat/unread-count/b1f3d0f5-efee-46fa-9fdd-4ab81d4bd466
Sun Jul 05 14:04:42 ICT 2026 - Token found. Length: 1374
Sun Jul 05 14:04:42 ICT 2026 - Token validated successfully. Subject: b1f3d0f5-efee-46fa-9fdd-4ab81d4bd466
Sun Jul 05 14:04:42 ICT 2026 - Token validated successfully. Subject: b1f3d0f5-efee-46fa-9fdd-4ab81d4bd466
Sun Jul 05 14:04:42 ICT 2026 - User found in database: hoaiduclequoc@gmail.com | DB Role: 2 | Mapped Authority: ROLE_ADMIN
Sun Jul 05 14:04:42 ICT 2026 - Authentication set in SecurityContext for user: hoaiduclequoc@gmail.com
Sun Jul 05 14:04:42 ICT 2026 - === doFilterInternal END ===
Sun Jul 05 14:04:42 ICT 2026 - User found in database: hoaiduclequoc@gmail.com | DB Role: 2 | Mapped Authority: ROLE_ADMIN
Sun Jul 05 14:04:42 ICT 2026 - Authentication set in SecurityContext for user: hoaiduclequoc@gmail.com
Sun Jul 05 14:04:42 ICT 2026 - === doFilterInternal END ===
Sun Jul 05 14:04:42 ICT 2026 - === doFilterInternal START ===
Sun Jul 05 14:04:42 ICT 2026 - Request URI: /api/classes/user/b1f3d0f5-efee-46fa-9fdd-4ab81d4bd466
Sun Jul 05 14:04:42 ICT 2026 - Token found. Length: 1374
Sun Jul 05 14:04:42 ICT 2026 - Token validated successfully. Subject: b1f3d0f5-efee-46fa-9fdd-4ab81d4bd466
Sun Jul 05 14:04:42 ICT 2026 - === doFilterInternal START ===
Sun Jul 05 14:04:42 ICT 2026 - Request URI: /api/streaks/b1f3d0f5-efee-46fa-9fdd-4ab81d4bd466
Sun Jul 05 14:04:42 ICT 2026 - Token found. Length: 1374
Sun Jul 05 14:04:42 ICT 2026 - Token validated successfully. Subject: b1f3d0f5-efee-46fa-9fdd-4ab81d4bd466
Sun Jul 05 14:04:42 ICT 2026 - === doFilterInternal START ===
Sun Jul 05 14:04:42 ICT 2026 - Request URI: /api/admin/stats
Sun Jul 05 14:04:42 ICT 2026 - Token found. Length: 1374
Sun Jul 05 14:04:42 ICT 2026 - Token validated successfully. Subject: b1f3d0f5-efee-46fa-9fdd-4ab81d4bd466
Sun Jul 05 14:04:42 ICT 2026 - === doFilterInternal START ===
Sun Jul 05 14:04:42 ICT 2026 - Request URI: /api/admin/posts
Sun Jul 05 14:04:42 ICT 2026 - === doFilterInternal START ===
Sun Jul 05 14:04:42 ICT 2026 - Request URI: /api/admin/comments
Sun Jul 05 14:04:42 ICT 2026 - Token found. Length: 1374
Sun Jul 05 14:04:42 ICT 2026 - Token found. Length: 1374
Sun Jul 05 14:04:42 ICT 2026 - === doFilterInternal START ===
Sun Jul 05 14:04:42 ICT 2026 - Request URI: /api/admin/users
Sun Jul 05 14:04:42 ICT 2026 - Token found. Length: 1374
Sun Jul 05 14:04:42 ICT 2026 - Token validated successfully. Subject: b1f3d0f5-efee-46fa-9fdd-4ab81d4bd466
Sun Jul 05 14:04:42 ICT 2026 - Token validated successfully. Subject: b1f3d0f5-efee-46fa-9fdd-4ab81d4bd466
Sun Jul 05 14:04:42 ICT 2026 - Token validated successfully. Subject: b1f3d0f5-efee-46fa-9fdd-4ab81d4bd466
Sun Jul 05 14:04:42 ICT 2026 - User found in database: hoaiduclequoc@gmail.com | DB Role: 2 | Mapped Authority: ROLE_ADMIN
Sun Jul 05 14:04:42 ICT 2026 - Authentication set in SecurityContext for user: hoaiduclequoc@gmail.com
Sun Jul 05 14:04:42 ICT 2026 - === doFilterInternal END ===
Sun Jul 05 14:04:42 ICT 2026 - User found in database: hoaiduclequoc@gmail.com | DB Role: 2 | Mapped Authority: ROLE_ADMIN
Sun Jul 05 14:04:42 ICT 2026 - Authentication set in SecurityContext for user: hoaiduclequoc@gmail.com
Sun Jul 05 14:04:42 ICT 2026 - === doFilterInternal END ===
Sun Jul 05 14:04:42 ICT 2026 - User found in database: hoaiduclequoc@gmail.com | DB Role: 2 | Mapped Authority: ROLE_ADMIN
Sun Jul 05 14:04:42 ICT 2026 - Authentication set in SecurityContext for user: hoaiduclequoc@gmail.com
Sun Jul 05 14:04:42 ICT 2026 - === doFilterInternal END ===
Sun Jul 05 14:04:42 ICT 2026 - User found in database: hoaiduclequoc@gmail.com | DB Role: 2 | Mapped Authority: ROLE_ADMIN
Sun Jul 05 14:04:42 ICT 2026 - Authentication set in SecurityContext for user: hoaiduclequoc@gmail.com
Sun Jul 05 14:04:42 ICT 2026 - === doFilterInternal END ===
Sun Jul 05 14:04:42 ICT 2026 - User found in database: hoaiduclequoc@gmail.com | DB Role: 2 | Mapped Authority: ROLE_ADMIN
Sun Jul 05 14:04:42 ICT 2026 - User found in database: hoaiduclequoc@gmail.com | DB Role: 2 | Mapped Authority: ROLE_ADMIN
Sun Jul 05 14:04:42 ICT 2026 - Authentication set in SecurityContext for user: hoaiduclequoc@gmail.com
Sun Jul 05 14:04:42 ICT 2026 - === doFilterInternal END ===
Sun Jul 05 14:04:42 ICT 2026 - Authentication set in SecurityContext for user: hoaiduclequoc@gmail.com
Sun Jul 05 14:04:42 ICT 2026 - === doFilterInternal END ===
Sun Jul 05 14:04:42 ICT 2026 - === doFilterInternal START ===
Sun Jul 05 14:04:42 ICT 2026 - Request URI: /api/admin/classes
Sun Jul 05 14:04:42 ICT 2026 - Token found. Length: 1374
Sun Jul 05 14:04:42 ICT 2026 - Token validated successfully. Subject: b1f3d0f5-efee-46fa-9fdd-4ab81d4bd466
Sun Jul 05 14:04:42 ICT 2026 - === doFilterInternal START ===
Sun Jul 05 14:04:42 ICT 2026 - Request URI: /api/admin/users
Sun Jul 05 14:04:42 ICT 2026 - Token found. Length: 1374
Sun Jul 05 14:04:42 ICT 2026 - Token validated successfully. Subject: b1f3d0f5-efee-46fa-9fdd-4ab81d4bd466
Sun Jul 05 14:04:42 ICT 2026 - === doFilterInternal START ===
Sun Jul 05 14:04:42 ICT 2026 - Request URI: /api/streaks/b1f3d0f5-efee-46fa-9fdd-4ab81d4bd466
Sun Jul 05 14:04:42 ICT 2026 - Token found. Length: 1374
Sun Jul 05 14:04:42 ICT 2026 - Token validated successfully. Subject: b1f3d0f5-efee-46fa-9fdd-4ab81d4bd466
Sun Jul 05 14:04:42 ICT 2026 - User found in database: hoaiduclequoc@gmail.com | DB Role: 2 | Mapped Authority: ROLE_ADMIN
Sun Jul 05 14:04:42 ICT 2026 - Authentication set in SecurityContext for user: hoaiduclequoc@gmail.com
Sun Jul 05 14:04:42 ICT 2026 - === doFilterInternal END ===
Sun Jul 05 14:04:42 ICT 2026 - User found in database: hoaiduclequoc@gmail.com | DB Role: 2 | Mapped Authority: ROLE_ADMIN
Sun Jul 05 14:04:42 ICT 2026 - === doFilterInternal START ===
Sun Jul 05 14:04:42 ICT 2026 - Request URI: /api/admin/stats
Sun Jul 05 14:04:42 ICT 2026 - Authentication set in SecurityContext for user: hoaiduclequoc@gmail.com
Sun Jul 05 14:04:42 ICT 2026 - === doFilterInternal END ===
Sun Jul 05 14:04:42 ICT 2026 - Token found. Length: 1374
Sun Jul 05 14:04:42 ICT 2026 - Token validated successfully. Subject: b1f3d0f5-efee-46fa-9fdd-4ab81d4bd466
Sun Jul 05 14:04:42 ICT 2026 - User found in database: hoaiduclequoc@gmail.com | DB Role: 2 | Mapped Authority: ROLE_ADMIN
Sun Jul 05 14:04:42 ICT 2026 - Authentication set in SecurityContext for user: hoaiduclequoc@gmail.com
Sun Jul 05 14:04:42 ICT 2026 - === doFilterInternal END ===
Sun Jul 05 14:04:42 ICT 2026 - User found in database: hoaiduclequoc@gmail.com | DB Role: 2 | Mapped Authority: ROLE_ADMIN
Sun Jul 05 14:04:42 ICT 2026 - Authentication set in SecurityContext for user: hoaiduclequoc@gmail.com
Sun Jul 05 14:04:42 ICT 2026 - === doFilterInternal END ===
Sun Jul 05 14:04:42 ICT 2026 - === doFilterInternal START ===
Sun Jul 05 14:04:42 ICT 2026 - Request URI: /api/admin/comments
Sun Jul 05 14:04:42 ICT 2026 - Token found. Length: 1374
Sun Jul 05 14:04:42 ICT 2026 - Token validated successfully. Subject: b1f3d0f5-efee-46fa-9fdd-4ab81d4bd466
Sun Jul 05 14:04:43 ICT 2026 - User found in database: hoaiduclequoc@gmail.com | DB Role: 2 | Mapped Authority: ROLE_ADMIN
Sun Jul 05 14:04:43 ICT 2026 - Authentication set in SecurityContext for user: hoaiduclequoc@gmail.com
Sun Jul 05 14:04:43 ICT 2026 - === doFilterInternal END ===
Sun Jul 05 14:04:43 ICT 2026 - === doFilterInternal START ===
Sun Jul 05 14:04:43 ICT 2026 - Request URI: /api/admin/posts
Sun Jul 05 14:04:43 ICT 2026 - Token found. Length: 1374
Sun Jul 05 14:04:43 ICT 2026 - Token validated successfully. Subject: b1f3d0f5-efee-46fa-9fdd-4ab81d4bd466
Sun Jul 05 14:04:43 ICT 2026 - === doFilterInternal START ===
Sun Jul 05 14:04:43 ICT 2026 - Request URI: /api/admin/stats
Sun Jul 05 14:04:43 ICT 2026 - Token found. Length: 1374
Sun Jul 05 14:04:43 ICT 2026 - Token validated successfully. Subject: b1f3d0f5-efee-46fa-9fdd-4ab81d4bd466
Sun Jul 05 14:04:43 ICT 2026 - User found in database: hoaiduclequoc@gmail.com | DB Role: 2 | Mapped Authority: ROLE_ADMIN
Sun Jul 05 14:04:43 ICT 2026 - Authentication set in SecurityContext for user: hoaiduclequoc@gmail.com
Sun Jul 05 14:04:43 ICT 2026 - === doFilterInternal END ===
Sun Jul 05 14:04:43 ICT 2026 - User found in database: hoaiduclequoc@gmail.com | DB Role: 2 | Mapped Authority: ROLE_ADMIN
Sun Jul 05 14:04:43 ICT 2026 - Authentication set in SecurityContext for user: hoaiduclequoc@gmail.com
Sun Jul 05 14:04:43 ICT 2026 - === doFilterInternal END ===
Sun Jul 05 14:04:43 ICT 2026 - === doFilterInternal START ===
Sun Jul 05 14:04:43 ICT 2026 - Request URI: /api/admin/comments
Sun Jul 05 14:04:43 ICT 2026 - Token found. Length: 1374
Sun Jul 05 14:04:43 ICT 2026 - Token validated successfully. Subject: b1f3d0f5-efee-46fa-9fdd-4ab81d4bd466
Sun Jul 05 14:04:43 ICT 2026 - === doFilterInternal START ===
Sun Jul 05 14:04:43 ICT 2026 - Request URI: /api/admin/classes
Sun Jul 05 14:04:43 ICT 2026 - Token found. Length: 1374
Sun Jul 05 14:04:43 ICT 2026 - Token validated successfully. Subject: b1f3d0f5-efee-46fa-9fdd-4ab81d4bd466
Sun Jul 05 14:04:43 ICT 2026 - User found in database: hoaiduclequoc@gmail.com | DB Role: 2 | Mapped Authority: ROLE_ADMIN
Sun Jul 05 14:04:43 ICT 2026 - Authentication set in SecurityContext for user: hoaiduclequoc@gmail.com
Sun Jul 05 14:04:43 ICT 2026 - === doFilterInternal END ===
Sun Jul 05 14:04:43 ICT 2026 - User found in database: hoaiduclequoc@gmail.com | DB Role: 2 | Mapped Authority: ROLE_ADMIN
Sun Jul 05 14:04:43 ICT 2026 - Authentication set in SecurityContext for user: hoaiduclequoc@gmail.com
Sun Jul 05 14:04:43 ICT 2026 - === doFilterInternal END ===
Sun Jul 05 14:04:43 ICT 2026 - === doFilterInternal START ===
Sun Jul 05 14:04:43 ICT 2026 - Request URI: /api/admin/posts
Sun Jul 05 14:04:43 ICT 2026 - Token found. Length: 1374
Sun Jul 05 14:04:43 ICT 2026 - Token validated successfully. Subject: b1f3d0f5-efee-46fa-9fdd-4ab81d4bd466
Sun Jul 05 14:04:44 ICT 2026 - User found in database: hoaiduclequoc@gmail.com | DB Role: 2 | Mapped Authority: ROLE_ADMIN
Sun Jul 05 14:04:44 ICT 2026 - Authentication set in SecurityContext for user: hoaiduclequoc@gmail.com
Sun Jul 05 14:04:44 ICT 2026 - === doFilterInternal END ===
Sun Jul 05 14:04:44 ICT 2026 - === doFilterInternal START ===
Sun Jul 05 14:04:44 ICT 2026 - Request URI: /api/streaks/b1f3d0f5-efee-46fa-9fdd-4ab81d4bd466/update
Sun Jul 05 14:04:44 ICT 2026 - Token found. Length: 1374
Sun Jul 05 14:04:44 ICT 2026 - Token validated successfully. Subject: b1f3d0f5-efee-46fa-9fdd-4ab81d4bd466
Sun Jul 05 14:04:44 ICT 2026 - User found in database: hoaiduclequoc@gmail.com | DB Role: 2 | Mapped Authority: ROLE_ADMIN
Sun Jul 05 14:04:44 ICT 2026 - Authentication set in SecurityContext for user: hoaiduclequoc@gmail.com
Sun Jul 05 14:04:44 ICT 2026 - === doFilterInternal END ===
Sun Jul 05 14:04:46 ICT 2026 - === doFilterInternal START ===
Sun Jul 05 14:04:46 ICT 2026 - Request URI: /api/streaks/b1f3d0f5-efee-46fa-9fdd-4ab81d4bd466
Sun Jul 05 14:04:46 ICT 2026 - Token found. Length: 1374
Sun Jul 05 14:04:46 ICT 2026 - Token validated successfully. Subject: b1f3d0f5-efee-46fa-9fdd-4ab81d4bd466
Sun Jul 05 14:04:46 ICT 2026 - User found in database: hoaiduclequoc@gmail.com | DB Role: 2 | Mapped Authority: ROLE_ADMIN
Sun Jul 05 14:04:46 ICT 2026 - Authentication set in SecurityContext for user: hoaiduclequoc@gmail.com
Sun Jul 05 14:04:46 ICT 2026 - === doFilterInternal END ===
Sun Jul 05 14:04:47 ICT 2026 - === doFilterInternal START ===
Sun Jul 05 14:04:47 ICT 2026 - Request URI: /api/admin/users
Sun Jul 05 14:04:47 ICT 2026 - Token found. Length: 1374
Sun Jul 05 14:04:47 ICT 2026 - Token validated successfully. Subject: b1f3d0f5-efee-46fa-9fdd-4ab81d4bd466
Sun Jul 05 14:04:47 ICT 2026 - User found in database: hoaiduclequoc@gmail.com | DB Role: 2 | Mapped Authority: ROLE_ADMIN
Sun Jul 05 14:04:47 ICT 2026 - Authentication set in SecurityContext for user: hoaiduclequoc@gmail.com
Sun Jul 05 14:04:47 ICT 2026 - === doFilterInternal END ===
Sun Jul 05 14:04:47 ICT 2026 - === doFilterInternal START ===
Sun Jul 05 14:04:47 ICT 2026 - Request URI: /api/admin/classes
Sun Jul 05 14:04:47 ICT 2026 - Token found. Length: 1374
Sun Jul 05 14:04:47 ICT 2026 - Token validated successfully. Subject: b1f3d0f5-efee-46fa-9fdd-4ab81d4bd466
Sun Jul 05 14:04:47 ICT 2026 - User found in database: hoaiduclequoc@gmail.com | DB Role: 2 | Mapped Authority: ROLE_ADMIN
Sun Jul 05 14:04:47 ICT 2026 - Authentication set in SecurityContext for user: hoaiduclequoc@gmail.com
Sun Jul 05 14:04:47 ICT 2026 - === doFilterInternal END ===
Sun Jul 05 14:04:53 ICT 2026 - === doFilterInternal START ===
Sun Jul 05 14:04:53 ICT 2026 - Request URI: /api/admin/users
Sun Jul 05 14:04:53 ICT 2026 - Token found. Length: 1374
Sun Jul 05 14:04:53 ICT 2026 - Token validated successfully. Subject: b1f3d0f5-efee-46fa-9fdd-4ab81d4bd466
Sun Jul 05 14:04:54 ICT 2026 - User found in database: hoaiduclequoc@gmail.com | DB Role: 2 | Mapped Authority: ROLE_ADMIN
Sun Jul 05 14:04:54 ICT 2026 - Authentication set in SecurityContext for user: hoaiduclequoc@gmail.com
Sun Jul 05 14:04:54 ICT 2026 - === doFilterInternal END ===
Sun Jul 05 14:04:56 ICT 2026 - === doFilterInternal START ===
Sun Jul 05 14:04:56 ICT 2026 - Request URI: /api/chat/unread-count/b1f3d0f5-efee-46fa-9fdd-4ab81d4bd466
Sun Jul 05 14:04:56 ICT 2026 - === doFilterInternal START ===
Sun Jul 05 14:04:56 ICT 2026 - Request URI: /api/streaks/b1f3d0f5-efee-46fa-9fdd-4ab81d4bd466/update
Sun Jul 05 14:04:56 ICT 2026 - Token found. Length: 1374
Sun Jul 05 14:04:56 ICT 2026 - Token found. Length: 1374
Sun Jul 05 14:04:56 ICT 2026 - Token validated successfully. Subject: b1f3d0f5-efee-46fa-9fdd-4ab81d4bd466
Sun Jul 05 14:04:56 ICT 2026 - Token validated successfully. Subject: b1f3d0f5-efee-46fa-9fdd-4ab81d4bd466
Sun Jul 05 14:04:56 ICT 2026 - User found in database: hoaiduclequoc@gmail.com | DB Role: 2 | Mapped Authority: ROLE_ADMIN
Sun Jul 05 14:04:56 ICT 2026 - User found in database: hoaiduclequoc@gmail.com | DB Role: 2 | Mapped Authority: ROLE_ADMIN
Sun Jul 05 14:04:56 ICT 2026 - Authentication set in SecurityContext for user: hoaiduclequoc@gmail.com
Sun Jul 05 14:04:56 ICT 2026 - === doFilterInternal END ===
Sun Jul 05 14:04:56 ICT 2026 - Authentication set in SecurityContext for user: hoaiduclequoc@gmail.com
Sun Jul 05 14:04:56 ICT 2026 - === doFilterInternal END ===
Sun Jul 05 14:04:57 ICT 2026 - === doFilterInternal START ===
Sun Jul 05 14:04:57 ICT 2026 - Request URI: /api/admin/comments
Sun Jul 05 14:04:57 ICT 2026 - === doFilterInternal START ===
Sun Jul 05 14:04:57 ICT 2026 - Request URI: /api/admin/stats
Sun Jul 05 14:04:57 ICT 2026 - Token found. Length: 1374
Sun Jul 05 14:04:57 ICT 2026 - Token found. Length: 1374
Sun Jul 05 14:04:57 ICT 2026 - === doFilterInternal START ===
Sun Jul 05 14:04:57 ICT 2026 - Request URI: /api/admin/posts
Sun Jul 05 14:04:57 ICT 2026 - Token found. Length: 1374
Sun Jul 05 14:04:57 ICT 2026 - Token validated successfully. Subject: b1f3d0f5-efee-46fa-9fdd-4ab81d4bd466
Sun Jul 05 14:04:57 ICT 2026 - Token validated successfully. Subject: b1f3d0f5-efee-46fa-9fdd-4ab81d4bd466
Sun Jul 05 14:04:57 ICT 2026 - Token validated successfully. Subject: b1f3d0f5-efee-46fa-9fdd-4ab81d4bd466
Sun Jul 05 14:04:57 ICT 2026 - User found in database: hoaiduclequoc@gmail.com | DB Role: 2 | Mapped Authority: ROLE_ADMIN
Sun Jul 05 14:04:57 ICT 2026 - User found in database: hoaiduclequoc@gmail.com | DB Role: 2 | Mapped Authority: ROLE_ADMIN
Sun Jul 05 14:04:57 ICT 2026 - Authentication set in SecurityContext for user: hoaiduclequoc@gmail.com
Sun Jul 05 14:04:57 ICT 2026 - === doFilterInternal END ===
Sun Jul 05 14:04:57 ICT 2026 - Authentication set in SecurityContext for user: hoaiduclequoc@gmail.com
Sun Jul 05 14:04:57 ICT 2026 - === doFilterInternal END ===
Sun Jul 05 14:04:57 ICT 2026 - User found in database: hoaiduclequoc@gmail.com | DB Role: 2 | Mapped Authority: ROLE_ADMIN
Sun Jul 05 14:04:57 ICT 2026 - Authentication set in SecurityContext for user: hoaiduclequoc@gmail.com
Sun Jul 05 14:04:57 ICT 2026 - === doFilterInternal END ===
Sun Jul 05 14:05:02 ICT 2026 - === doFilterInternal START ===
Sun Jul 05 14:05:02 ICT 2026 - Request URI: /api/streaks/b1f3d0f5-efee-46fa-9fdd-4ab81d4bd466
Sun Jul 05 14:05:02 ICT 2026 - Token found. Length: 1374
Sun Jul 05 14:05:02 ICT 2026 - Token validated successfully. Subject: b1f3d0f5-efee-46fa-9fdd-4ab81d4bd466
Sun Jul 05 14:05:02 ICT 2026 - User found in database: hoaiduclequoc@gmail.com | DB Role: 2 | Mapped Authority: ROLE_ADMIN
Sun Jul 05 14:05:02 ICT 2026 - Authentication set in SecurityContext for user: hoaiduclequoc@gmail.com
Sun Jul 05 14:05:02 ICT 2026 - === doFilterInternal END ===
Sun Jul 05 14:05:12 ICT 2026 - === doFilterInternal START ===
Sun Jul 05 14:05:12 ICT 2026 - Request URI: /api/streaks/b1f3d0f5-efee-46fa-9fdd-4ab81d4bd466/update
Sun Jul 05 14:05:12 ICT 2026 - === doFilterInternal START ===
Sun Jul 05 14:05:12 ICT 2026 - Request URI: /api/chat/unread-count/b1f3d0f5-efee-46fa-9fdd-4ab81d4bd466
Sun Jul 05 14:05:12 ICT 2026 - Token found. Length: 1374
Sun Jul 05 14:05:12 ICT 2026 - Token found. Length: 1374
Sun Jul 05 14:05:12 ICT 2026 - Token validated successfully. Subject: b1f3d0f5-efee-46fa-9fdd-4ab81d4bd466
Sun Jul 05 14:05:12 ICT 2026 - Token validated successfully. Subject: b1f3d0f5-efee-46fa-9fdd-4ab81d4bd466
Sun Jul 05 14:05:12 ICT 2026 - User found in database: hoaiduclequoc@gmail.com | DB Role: 2 | Mapped Authority: ROLE_ADMIN
Sun Jul 05 14:05:12 ICT 2026 - User found in database: hoaiduclequoc@gmail.com | DB Role: 2 | Mapped Authority: ROLE_ADMIN
Sun Jul 05 14:05:12 ICT 2026 - Authentication set in SecurityContext for user: hoaiduclequoc@gmail.com
Sun Jul 05 14:05:12 ICT 2026 - === doFilterInternal END ===
Sun Jul 05 14:05:12 ICT 2026 - Authentication set in SecurityContext for user: hoaiduclequoc@gmail.com
Sun Jul 05 14:05:12 ICT 2026 - === doFilterInternal END ===
Sun Jul 05 14:05:17 ICT 2026 - === doFilterInternal START ===
Sun Jul 05 14:05:17 ICT 2026 - Request URI: /api/streaks/b1f3d0f5-efee-46fa-9fdd-4ab81d4bd466
Sun Jul 05 14:05:17 ICT 2026 - Token found. Length: 1374
Sun Jul 05 14:05:17 ICT 2026 - Token validated successfully. Subject: b1f3d0f5-efee-46fa-9fdd-4ab81d4bd466
Sun Jul 05 14:05:17 ICT 2026 - User found in database: hoaiduclequoc@gmail.com | DB Role: 2 | Mapped Authority: ROLE_ADMIN
Sun Jul 05 14:05:17 ICT 2026 - Authentication set in SecurityContext for user: hoaiduclequoc@gmail.com
Sun Jul 05 14:05:17 ICT 2026 - === doFilterInternal END ===
Sun Jul 05 14:05:18 ICT 2026 - === doFilterInternal START ===
Sun Jul 05 14:05:18 ICT 2026 - Request URI: /api/auth/login
Sun Jul 05 14:05:18 ICT 2026 - Token found. Length: 1374
Sun Jul 05 14:05:18 ICT 2026 - === doFilterInternal START ===
Sun Jul 05 14:05:18 ICT 2026 - Request URI: /api/chat/unread-count/b1f3d0f5-efee-46fa-9fdd-4ab81d4bd466
Sun Jul 05 14:05:18 ICT 2026 - Token found. Length: 1374
Sun Jul 05 14:05:18 ICT 2026 - Token validated successfully. Subject: b1f3d0f5-efee-46fa-9fdd-4ab81d4bd466
Sun Jul 05 14:05:18 ICT 2026 - Token validated successfully. Subject: b1f3d0f5-efee-46fa-9fdd-4ab81d4bd466
Sun Jul 05 14:05:18 ICT 2026 - User found in database: hoaiduclequoc@gmail.com | DB Role: 2 | Mapped Authority: ROLE_ADMIN
Sun Jul 05 14:05:18 ICT 2026 - Authentication set in SecurityContext for user: hoaiduclequoc@gmail.com
Sun Jul 05 14:05:18 ICT 2026 - === doFilterInternal END ===
Sun Jul 05 14:05:18 ICT 2026 - User found in database: hoaiduclequoc@gmail.com | DB Role: 2 | Mapped Authority: ROLE_ADMIN
Sun Jul 05 14:05:18 ICT 2026 - Authentication set in SecurityContext for user: hoaiduclequoc@gmail.com
Sun Jul 05 14:05:18 ICT 2026 - === doFilterInternal END ===
Sun Jul 05 14:05:18 ICT 2026 - === doFilterInternal START ===
Sun Jul 05 14:05:18 ICT 2026 - Request URI: /api/classes/user/b1f3d0f5-efee-46fa-9fdd-4ab81d4bd466
Sun Jul 05 14:05:18 ICT 2026 - Token found. Length: 1374
Sun Jul 05 14:05:18 ICT 2026 - === doFilterInternal START ===
Sun Jul 05 14:05:18 ICT 2026 - Request URI: /api/streaks/b1f3d0f5-efee-46fa-9fdd-4ab81d4bd466
Sun Jul 05 14:05:18 ICT 2026 - Token found. Length: 1374
Sun Jul 05 14:05:18 ICT 2026 - Token validated successfully. Subject: b1f3d0f5-efee-46fa-9fdd-4ab81d4bd466
Sun Jul 05 14:05:18 ICT 2026 - Token validated successfully. Subject: b1f3d0f5-efee-46fa-9fdd-4ab81d4bd466
Sun Jul 05 14:05:18 ICT 2026 - === doFilterInternal START ===
Sun Jul 05 14:05:18 ICT 2026 - Request URI: /api/admin/posts
Sun Jul 05 14:05:18 ICT 2026 - Token found. Length: 1374
Sun Jul 05 14:05:18 ICT 2026 - === doFilterInternal START ===
Sun Jul 05 14:05:18 ICT 2026 - Request URI: /api/admin/stats
Sun Jul 05 14:05:18 ICT 2026 - Token validated successfully. Subject: b1f3d0f5-efee-46fa-9fdd-4ab81d4bd466
Sun Jul 05 14:05:18 ICT 2026 - Token found. Length: 1374
Sun Jul 05 14:05:18 ICT 2026 - === doFilterInternal START ===
Sun Jul 05 14:05:18 ICT 2026 - Request URI: /api/admin/comments
Sun Jul 05 14:05:18 ICT 2026 - Token validated successfully. Subject: b1f3d0f5-efee-46fa-9fdd-4ab81d4bd466
Sun Jul 05 14:05:18 ICT 2026 - Token found. Length: 1374
Sun Jul 05 14:05:18 ICT 2026 - === doFilterInternal START ===
Sun Jul 05 14:05:18 ICT 2026 - Request URI: /api/admin/users
Sun Jul 05 14:05:18 ICT 2026 - Token found. Length: 1374
Sun Jul 05 14:05:18 ICT 2026 - Token validated successfully. Subject: b1f3d0f5-efee-46fa-9fdd-4ab81d4bd466
Sun Jul 05 14:05:18 ICT 2026 - Token validated successfully. Subject: b1f3d0f5-efee-46fa-9fdd-4ab81d4bd466
Sun Jul 05 14:05:19 ICT 2026 - User found in database: hoaiduclequoc@gmail.com | DB Role: 2 | Mapped Authority: ROLE_ADMIN
Sun Jul 05 14:05:19 ICT 2026 - Authentication set in SecurityContext for user: hoaiduclequoc@gmail.com
Sun Jul 05 14:05:19 ICT 2026 - === doFilterInternal END ===
Sun Jul 05 14:05:19 ICT 2026 - User found in database: hoaiduclequoc@gmail.com | DB Role: 2 | Mapped Authority: ROLE_ADMIN
Sun Jul 05 14:05:19 ICT 2026 - Authentication set in SecurityContext for user: hoaiduclequoc@gmail.com
Sun Jul 05 14:05:19 ICT 2026 - === doFilterInternal END ===
Sun Jul 05 14:05:19 ICT 2026 - User found in database: hoaiduclequoc@gmail.com | DB Role: 2 | Mapped Authority: ROLE_ADMIN
Sun Jul 05 14:05:19 ICT 2026 - Authentication set in SecurityContext for user: hoaiduclequoc@gmail.com
Sun Jul 05 14:05:19 ICT 2026 - === doFilterInternal END ===
Sun Jul 05 14:05:19 ICT 2026 - User found in database: hoaiduclequoc@gmail.com | DB Role: 2 | Mapped Authority: ROLE_ADMIN
Sun Jul 05 14:05:19 ICT 2026 - Authentication set in SecurityContext for user: hoaiduclequoc@gmail.com
Sun Jul 05 14:05:19 ICT 2026 - === doFilterInternal END ===
Sun Jul 05 14:05:19 ICT 2026 - User found in database: hoaiduclequoc@gmail.com | DB Role: 2 | Mapped Authority: ROLE_ADMIN
Sun Jul 05 14:05:19 ICT 2026 - Authentication set in SecurityContext for user: hoaiduclequoc@gmail.com
Sun Jul 05 14:05:19 ICT 2026 - === doFilterInternal END ===
Sun Jul 05 14:05:19 ICT 2026 - User found in database: hoaiduclequoc@gmail.com | DB Role: 2 | Mapped Authority: ROLE_ADMIN
Sun Jul 05 14:05:19 ICT 2026 - Authentication set in SecurityContext for user: hoaiduclequoc@gmail.com
Sun Jul 05 14:05:19 ICT 2026 - === doFilterInternal END ===
Sun Jul 05 14:05:19 ICT 2026 - === doFilterInternal START ===
Sun Jul 05 14:05:19 ICT 2026 - Request URI: /api/admin/classes
Sun Jul 05 14:05:19 ICT 2026 - Token found. Length: 1374
Sun Jul 05 14:05:19 ICT 2026 - Token validated successfully. Subject: b1f3d0f5-efee-46fa-9fdd-4ab81d4bd466
Sun Jul 05 14:05:19 ICT 2026 - === doFilterInternal START ===
Sun Jul 05 14:05:19 ICT 2026 - Request URI: /api/admin/users
Sun Jul 05 14:05:19 ICT 2026 - Token found. Length: 1374
Sun Jul 05 14:05:19 ICT 2026 - Token validated successfully. Subject: b1f3d0f5-efee-46fa-9fdd-4ab81d4bd466
Sun Jul 05 14:05:19 ICT 2026 - === doFilterInternal START ===
Sun Jul 05 14:05:19 ICT 2026 - Request URI: /api/streaks/b1f3d0f5-efee-46fa-9fdd-4ab81d4bd466
Sun Jul 05 14:05:19 ICT 2026 - Token found. Length: 1374
Sun Jul 05 14:05:19 ICT 2026 - Token validated successfully. Subject: b1f3d0f5-efee-46fa-9fdd-4ab81d4bd466
Sun Jul 05 14:05:19 ICT 2026 - User found in database: hoaiduclequoc@gmail.com | DB Role: 2 | Mapped Authority: ROLE_ADMIN
Sun Jul 05 14:05:19 ICT 2026 - Authentication set in SecurityContext for user: hoaiduclequoc@gmail.com
Sun Jul 05 14:05:19 ICT 2026 - === doFilterInternal END ===
Sun Jul 05 14:05:19 ICT 2026 - === doFilterInternal START ===
Sun Jul 05 14:05:19 ICT 2026 - Request URI: /api/admin/stats
Sun Jul 05 14:05:19 ICT 2026 - Token found. Length: 1374
Sun Jul 05 14:05:19 ICT 2026 - Token validated successfully. Subject: b1f3d0f5-efee-46fa-9fdd-4ab81d4bd466
Sun Jul 05 14:05:19 ICT 2026 - User found in database: hoaiduclequoc@gmail.com | DB Role: 2 | Mapped Authority: ROLE_ADMIN
Sun Jul 05 14:05:19 ICT 2026 - User found in database: hoaiduclequoc@gmail.com | DB Role: 2 | Mapped Authority: ROLE_ADMIN
Sun Jul 05 14:05:19 ICT 2026 - Authentication set in SecurityContext for user: hoaiduclequoc@gmail.com
Sun Jul 05 14:05:19 ICT 2026 - === doFilterInternal END ===
Sun Jul 05 14:05:19 ICT 2026 - Authentication set in SecurityContext for user: hoaiduclequoc@gmail.com
Sun Jul 05 14:05:19 ICT 2026 - === doFilterInternal END ===
Sun Jul 05 14:05:19 ICT 2026 - === doFilterInternal START ===
Sun Jul 05 14:05:19 ICT 2026 - Request URI: /api/admin/comments
Sun Jul 05 14:05:19 ICT 2026 - Token found. Length: 1374
Sun Jul 05 14:05:19 ICT 2026 - Token validated successfully. Subject: b1f3d0f5-efee-46fa-9fdd-4ab81d4bd466
Sun Jul 05 14:05:19 ICT 2026 - User found in database: hoaiduclequoc@gmail.com | DB Role: 2 | Mapped Authority: ROLE_ADMIN
Sun Jul 05 14:05:19 ICT 2026 - Authentication set in SecurityContext for user: hoaiduclequoc@gmail.com
Sun Jul 05 14:05:19 ICT 2026 - === doFilterInternal END ===
Sun Jul 05 14:05:19 ICT 2026 - User found in database: hoaiduclequoc@gmail.com | DB Role: 2 | Mapped Authority: ROLE_ADMIN
Sun Jul 05 14:05:19 ICT 2026 - Authentication set in SecurityContext for user: hoaiduclequoc@gmail.com
Sun Jul 05 14:05:19 ICT 2026 - === doFilterInternal END ===
Sun Jul 05 14:05:19 ICT 2026 - === doFilterInternal START ===
Sun Jul 05 14:05:19 ICT 2026 - Request URI: /api/admin/posts
Sun Jul 05 14:05:19 ICT 2026 - Token found. Length: 1374
Sun Jul 05 14:05:19 ICT 2026 - Token validated successfully. Subject: b1f3d0f5-efee-46fa-9fdd-4ab81d4bd466
Sun Jul 05 14:05:19 ICT 2026 - === doFilterInternal START ===
Sun Jul 05 14:05:19 ICT 2026 - Request URI: /api/admin/stats
Sun Jul 05 14:05:19 ICT 2026 - Token found. Length: 1374
Sun Jul 05 14:05:19 ICT 2026 - Token validated successfully. Subject: b1f3d0f5-efee-46fa-9fdd-4ab81d4bd466
Sun Jul 05 14:05:19 ICT 2026 - User found in database: hoaiduclequoc@gmail.com | DB Role: 2 | Mapped Authority: ROLE_ADMIN
Sun Jul 05 14:05:19 ICT 2026 - Authentication set in SecurityContext for user: hoaiduclequoc@gmail.com
Sun Jul 05 14:05:19 ICT 2026 - === doFilterInternal END ===
Sun Jul 05 14:05:19 ICT 2026 - User found in database: hoaiduclequoc@gmail.com | DB Role: 2 | Mapped Authority: ROLE_ADMIN
Sun Jul 05 14:05:19 ICT 2026 - Authentication set in SecurityContext for user: hoaiduclequoc@gmail.com
Sun Jul 05 14:05:19 ICT 2026 - === doFilterInternal END ===
Sun Jul 05 14:05:19 ICT 2026 - === doFilterInternal START ===
Sun Jul 05 14:05:19 ICT 2026 - Request URI: /api/admin/comments
Sun Jul 05 14:05:19 ICT 2026 - Token found. Length: 1374
Sun Jul 05 14:05:19 ICT 2026 - Token validated successfully. Subject: b1f3d0f5-efee-46fa-9fdd-4ab81d4bd466
Sun Jul 05 14:05:19 ICT 2026 - === doFilterInternal START ===
Sun Jul 05 14:05:19 ICT 2026 - Request URI: /api/admin/classes
Sun Jul 05 14:05:19 ICT 2026 - Token found. Length: 1374
Sun Jul 05 14:05:19 ICT 2026 - Token validated successfully. Subject: b1f3d0f5-efee-46fa-9fdd-4ab81d4bd466
Sun Jul 05 14:05:19 ICT 2026 - User found in database: hoaiduclequoc@gmail.com | DB Role: 2 | Mapped Authority: ROLE_ADMIN
Sun Jul 05 14:05:19 ICT 2026 - Authentication set in SecurityContext for user: hoaiduclequoc@gmail.com
Sun Jul 05 14:05:19 ICT 2026 - === doFilterInternal END ===
Sun Jul 05 14:05:20 ICT 2026 - User found in database: hoaiduclequoc@gmail.com | DB Role: 2 | Mapped Authority: ROLE_ADMIN
Sun Jul 05 14:05:20 ICT 2026 - Authentication set in SecurityContext for user: hoaiduclequoc@gmail.com
Sun Jul 05 14:05:20 ICT 2026 - === doFilterInternal END ===
Sun Jul 05 14:05:20 ICT 2026 - === doFilterInternal START ===
Sun Jul 05 14:05:20 ICT 2026 - Request URI: /api/admin/posts
Sun Jul 05 14:05:20 ICT 2026 - Token found. Length: 1374
Sun Jul 05 14:05:20 ICT 2026 - Token validated successfully. Subject: b1f3d0f5-efee-46fa-9fdd-4ab81d4bd466
Sun Jul 05 14:05:20 ICT 2026 - User found in database: hoaiduclequoc@gmail.com | DB Role: 2 | Mapped Authority: ROLE_ADMIN
Sun Jul 05 14:05:20 ICT 2026 - Authentication set in SecurityContext for user: hoaiduclequoc@gmail.com
Sun Jul 05 14:05:20 ICT 2026 - === doFilterInternal END ===
Sun Jul 05 14:06:34 ICT 2026 - === doFilterInternal START ===
Sun Jul 05 14:06:34 ICT 2026 - Request URI: /api/chat/unread-count/b1f3d0f5-efee-46fa-9fdd-4ab81d4bd466
Sun Jul 05 14:06:34 ICT 2026 - Token found. Length: 1374
Sun Jul 05 14:06:35 ICT 2026 - Token validated successfully. Subject: b1f3d0f5-efee-46fa-9fdd-4ab81d4bd466
Sun Jul 05 14:06:35 ICT 2026 - User found in database: hoaiduclequoc@gmail.com | DB Role: 2 | Mapped Authority: ROLE_ADMIN
Sun Jul 05 14:06:35 ICT 2026 - Authentication set in SecurityContext for user: hoaiduclequoc@gmail.com
Sun Jul 05 14:06:35 ICT 2026 - === doFilterInternal END ===
Sun Jul 05 14:06:44 ICT 2026 - === doFilterInternal START ===
Sun Jul 05 14:06:44 ICT 2026 - Request URI: /api/chat/unread-count/b1f3d0f5-efee-46fa-9fdd-4ab81d4bd466
Sun Jul 05 14:06:44 ICT 2026 - Token found. Length: 1374
Sun Jul 05 14:06:44 ICT 2026 - Token validated successfully. Subject: b1f3d0f5-efee-46fa-9fdd-4ab81d4bd466
Sun Jul 05 14:06:44 ICT 2026 - User found in database: hoaiduclequoc@gmail.com | DB Role: 2 | Mapped Authority: ROLE_ADMIN
Sun Jul 05 14:06:44 ICT 2026 - Authentication set in SecurityContext for user: hoaiduclequoc@gmail.com
Sun Jul 05 14:06:44 ICT 2026 - === doFilterInternal END ===
Sun Jul 05 14:06:54 ICT 2026 - === doFilterInternal START ===
Sun Jul 05 14:06:54 ICT 2026 - Request URI: /api/chat/unread-count/b1f3d0f5-efee-46fa-9fdd-4ab81d4bd466
Sun Jul 05 14:06:54 ICT 2026 - Token found. Length: 1374
Sun Jul 05 14:06:54 ICT 2026 - Token validated successfully. Subject: b1f3d0f5-efee-46fa-9fdd-4ab81d4bd466
Sun Jul 05 14:06:54 ICT 2026 - User found in database: hoaiduclequoc@gmail.com | DB Role: 2 | Mapped Authority: ROLE_ADMIN
Sun Jul 05 14:06:54 ICT 2026 - Authentication set in SecurityContext for user: hoaiduclequoc@gmail.com
Sun Jul 05 14:06:54 ICT 2026 - === doFilterInternal END ===
Sun Jul 05 14:07:04 ICT 2026 - === doFilterInternal START ===
Sun Jul 05 14:07:04 ICT 2026 - Request URI: /api/chat/unread-count/b1f3d0f5-efee-46fa-9fdd-4ab81d4bd466
Sun Jul 05 14:07:04 ICT 2026 - Token found. Length: 1374
Sun Jul 05 14:07:04 ICT 2026 - Token validated successfully. Subject: b1f3d0f5-efee-46fa-9fdd-4ab81d4bd466
Sun Jul 05 14:07:04 ICT 2026 - User found in database: hoaiduclequoc@gmail.com | DB Role: 2 | Mapped Authority: ROLE_ADMIN
Sun Jul 05 14:07:04 ICT 2026 - Authentication set in SecurityContext for user: hoaiduclequoc@gmail.com
Sun Jul 05 14:07:04 ICT 2026 - === doFilterInternal END ===
Sun Jul 05 14:07:14 ICT 2026 - === doFilterInternal START ===
Sun Jul 05 14:07:14 ICT 2026 - Request URI: /api/chat/unread-count/b1f3d0f5-efee-46fa-9fdd-4ab81d4bd466
Sun Jul 05 14:07:14 ICT 2026 - Token found. Length: 1374
Sun Jul 05 14:07:14 ICT 2026 - Token validated successfully. Subject: b1f3d0f5-efee-46fa-9fdd-4ab81d4bd466
Sun Jul 05 14:07:14 ICT 2026 - User found in database: hoaiduclequoc@gmail.com | DB Role: 2 | Mapped Authority: ROLE_ADMIN
Sun Jul 05 14:07:14 ICT 2026 - Authentication set in SecurityContext for user: hoaiduclequoc@gmail.com
Sun Jul 05 14:07:14 ICT 2026 - === doFilterInternal END ===
Sun Jul 05 14:07:24 ICT 2026 - === doFilterInternal START ===
Sun Jul 05 14:07:24 ICT 2026 - Request URI: /api/streaks/b1f3d0f5-efee-46fa-9fdd-4ab81d4bd466
Sun Jul 05 14:07:24 ICT 2026 - === doFilterInternal START ===
Sun Jul 05 14:07:24 ICT 2026 - Request URI: /api/chat/unread-count/b1f3d0f5-efee-46fa-9fdd-4ab81d4bd466
Sun Jul 05 14:07:24 ICT 2026 - Token found. Length: 1374
Sun Jul 05 14:07:24 ICT 2026 - Token found. Length: 1374
Sun Jul 05 14:07:24 ICT 2026 - Token validated successfully. Subject: b1f3d0f5-efee-46fa-9fdd-4ab81d4bd466
Sun Jul 05 14:07:24 ICT 2026 - Token validated successfully. Subject: b1f3d0f5-efee-46fa-9fdd-4ab81d4bd466
Sun Jul 05 14:07:24 ICT 2026 - User found in database: hoaiduclequoc@gmail.com | DB Role: 2 | Mapped Authority: ROLE_ADMIN
Sun Jul 05 14:07:24 ICT 2026 - User found in database: hoaiduclequoc@gmail.com | DB Role: 2 | Mapped Authority: ROLE_ADMIN
Sun Jul 05 14:07:24 ICT 2026 - Authentication set in SecurityContext for user: hoaiduclequoc@gmail.com
Sun Jul 05 14:07:24 ICT 2026 - === doFilterInternal END ===
Sun Jul 05 14:07:24 ICT 2026 - Authentication set in SecurityContext for user: hoaiduclequoc@gmail.com
Sun Jul 05 14:07:24 ICT 2026 - === doFilterInternal END ===
Sun Jul 05 14:07:29 ICT 2026 - === doFilterInternal START ===
Sun Jul 05 14:07:29 ICT 2026 - Request URI: /api/admin/stats
Sun Jul 05 14:07:29 ICT 2026 - === doFilterInternal START ===
Sun Jul 05 14:07:29 ICT 2026 - Request URI: /api/admin/comments
Sun Jul 05 14:07:29 ICT 2026 - === doFilterInternal START ===
Sun Jul 05 14:07:29 ICT 2026 - Request URI: /api/admin/posts
Sun Jul 05 14:07:29 ICT 2026 - Token found. Length: 1374
Sun Jul 05 14:07:29 ICT 2026 - Token found. Length: 1374
Sun Jul 05 14:07:29 ICT 2026 - Token found. Length: 1374
Sun Jul 05 14:07:29 ICT 2026 - Token validated successfully. Subject: b1f3d0f5-efee-46fa-9fdd-4ab81d4bd466
Sun Jul 05 14:07:29 ICT 2026 - Token validated successfully. Subject: b1f3d0f5-efee-46fa-9fdd-4ab81d4bd466
Sun Jul 05 14:07:29 ICT 2026 - Token validated successfully. Subject: b1f3d0f5-efee-46fa-9fdd-4ab81d4bd466
Sun Jul 05 14:07:29 ICT 2026 - User found in database: hoaiduclequoc@gmail.com | DB Role: 2 | Mapped Authority: ROLE_ADMIN
Sun Jul 05 14:07:29 ICT 2026 - Authentication set in SecurityContext for user: hoaiduclequoc@gmail.com
Sun Jul 05 14:07:29 ICT 2026 - === doFilterInternal END ===
Sun Jul 05 14:07:29 ICT 2026 - User found in database: hoaiduclequoc@gmail.com | DB Role: 2 | Mapped Authority: ROLE_ADMIN
Sun Jul 05 14:07:29 ICT 2026 - Authentication set in SecurityContext for user: hoaiduclequoc@gmail.com
Sun Jul 05 14:07:29 ICT 2026 - === doFilterInternal END ===
Sun Jul 05 14:07:29 ICT 2026 - User found in database: hoaiduclequoc@gmail.com | DB Role: 2 | Mapped Authority: ROLE_ADMIN
Sun Jul 05 14:07:29 ICT 2026 - Authentication set in SecurityContext for user: hoaiduclequoc@gmail.com
Sun Jul 05 14:07:29 ICT 2026 - === doFilterInternal END ===
Sun Jul 05 14:07:31 ICT 2026 - === doFilterInternal START ===
Sun Jul 05 14:07:31 ICT 2026 - Request URI: /api/admin/users
Sun Jul 05 14:07:31 ICT 2026 - Token found. Length: 1374
Sun Jul 05 14:07:31 ICT 2026 - Token validated successfully. Subject: b1f3d0f5-efee-46fa-9fdd-4ab81d4bd466
Sun Jul 05 14:07:31 ICT 2026 - User found in database: hoaiduclequoc@gmail.com | DB Role: 2 | Mapped Authority: ROLE_ADMIN
Sun Jul 05 14:07:31 ICT 2026 - Authentication set in SecurityContext for user: hoaiduclequoc@gmail.com
Sun Jul 05 14:07:31 ICT 2026 - === doFilterInternal END ===
Sun Jul 05 14:07:32 ICT 2026 - === doFilterInternal START ===
Sun Jul 05 14:07:32 ICT 2026 - Request URI: /api/admin/classes
Sun Jul 05 14:07:32 ICT 2026 - Token found. Length: 1374
Sun Jul 05 14:07:32 ICT 2026 - Token validated successfully. Subject: b1f3d0f5-efee-46fa-9fdd-4ab81d4bd466
Sun Jul 05 14:07:32 ICT 2026 - User found in database: hoaiduclequoc@gmail.com | DB Role: 2 | Mapped Authority: ROLE_ADMIN
Sun Jul 05 14:07:32 ICT 2026 - Authentication set in SecurityContext for user: hoaiduclequoc@gmail.com
Sun Jul 05 14:07:32 ICT 2026 - === doFilterInternal END ===
Sun Jul 05 14:07:34 ICT 2026 - === doFilterInternal START ===
Sun Jul 05 14:07:34 ICT 2026 - Request URI: /api/streaks/b1f3d0f5-efee-46fa-9fdd-4ab81d4bd466/update
Sun Jul 05 14:07:34 ICT 2026 - === doFilterInternal START ===
Sun Jul 05 14:07:34 ICT 2026 - Request URI: /api/chat/unread-count/b1f3d0f5-efee-46fa-9fdd-4ab81d4bd466
Sun Jul 05 14:07:34 ICT 2026 - Token found. Length: 1374
Sun Jul 05 14:07:34 ICT 2026 - Token found. Length: 1374
Sun Jul 05 14:07:34 ICT 2026 - Token validated successfully. Subject: b1f3d0f5-efee-46fa-9fdd-4ab81d4bd466
Sun Jul 05 14:07:34 ICT 2026 - Token validated successfully. Subject: b1f3d0f5-efee-46fa-9fdd-4ab81d4bd466
Sun Jul 05 14:07:34 ICT 2026 - User found in database: hoaiduclequoc@gmail.com | DB Role: 2 | Mapped Authority: ROLE_ADMIN
Sun Jul 05 14:07:34 ICT 2026 - User found in database: hoaiduclequoc@gmail.com | DB Role: 2 | Mapped Authority: ROLE_ADMIN
Sun Jul 05 14:07:34 ICT 2026 - Authentication set in SecurityContext for user: hoaiduclequoc@gmail.com
Sun Jul 05 14:07:34 ICT 2026 - === doFilterInternal END ===
Sun Jul 05 14:07:34 ICT 2026 - Authentication set in SecurityContext for user: hoaiduclequoc@gmail.com
Sun Jul 05 14:07:34 ICT 2026 - === doFilterInternal END ===
Sun Jul 05 14:07:34 ICT 2026 - === doFilterInternal START ===
Sun Jul 05 14:07:34 ICT 2026 - Request URI: /api/admin/posts
Sun Jul 05 14:07:34 ICT 2026 - Token found. Length: 1374
Sun Jul 05 14:07:34 ICT 2026 - === doFilterInternal START ===
Sun Jul 05 14:07:34 ICT 2026 - Request URI: /api/admin/comments
Sun Jul 05 14:07:34 ICT 2026 - === doFilterInternal START ===
Sun Jul 05 14:07:34 ICT 2026 - Request URI: /api/admin/stats
Sun Jul 05 14:07:34 ICT 2026 - Token found. Length: 1374
Sun Jul 05 14:07:34 ICT 2026 - Token validated successfully. Subject: b1f3d0f5-efee-46fa-9fdd-4ab81d4bd466
Sun Jul 05 14:07:34 ICT 2026 - Token found. Length: 1374
Sun Jul 05 14:07:34 ICT 2026 - Token validated successfully. Subject: b1f3d0f5-efee-46fa-9fdd-4ab81d4bd466
Sun Jul 05 14:07:34 ICT 2026 - Token validated successfully. Subject: b1f3d0f5-efee-46fa-9fdd-4ab81d4bd466
Sun Jul 05 14:07:34 ICT 2026 - User found in database: hoaiduclequoc@gmail.com | DB Role: 2 | Mapped Authority: ROLE_ADMIN
Sun Jul 05 14:07:34 ICT 2026 - User found in database: hoaiduclequoc@gmail.com | DB Role: 2 | Mapped Authority: ROLE_ADMIN
Sun Jul 05 14:07:34 ICT 2026 - Authentication set in SecurityContext for user: hoaiduclequoc@gmail.com
Sun Jul 05 14:07:34 ICT 2026 - === doFilterInternal END ===
Sun Jul 05 14:07:34 ICT 2026 - Authentication set in SecurityContext for user: hoaiduclequoc@gmail.com
Sun Jul 05 14:07:34 ICT 2026 - === doFilterInternal END ===
Sun Jul 05 14:07:35 ICT 2026 - User found in database: hoaiduclequoc@gmail.com | DB Role: 2 | Mapped Authority: ROLE_ADMIN
Sun Jul 05 14:07:35 ICT 2026 - Authentication set in SecurityContext for user: hoaiduclequoc@gmail.com
Sun Jul 05 14:07:35 ICT 2026 - === doFilterInternal END ===
Sun Jul 05 14:07:44 ICT 2026 - === doFilterInternal START ===
Sun Jul 05 14:07:44 ICT 2026 - Request URI: /api/chat/unread-count/b1f3d0f5-efee-46fa-9fdd-4ab81d4bd466
Sun Jul 05 14:07:44 ICT 2026 - Token found. Length: 1374
Sun Jul 05 14:07:44 ICT 2026 - Token validated successfully. Subject: b1f3d0f5-efee-46fa-9fdd-4ab81d4bd466
Sun Jul 05 14:07:44 ICT 2026 - User found in database: hoaiduclequoc@gmail.com | DB Role: 2 | Mapped Authority: ROLE_ADMIN
Sun Jul 05 14:07:44 ICT 2026 - Authentication set in SecurityContext for user: hoaiduclequoc@gmail.com
Sun Jul 05 14:07:44 ICT 2026 - === doFilterInternal END ===
Sun Jul 05 14:07:54 ICT 2026 - === doFilterInternal START ===
Sun Jul 05 14:07:54 ICT 2026 - Request URI: /api/chat/unread-count/b1f3d0f5-efee-46fa-9fdd-4ab81d4bd466
Sun Jul 05 14:07:54 ICT 2026 - Token found. Length: 1374
Sun Jul 05 14:07:54 ICT 2026 - Token validated successfully. Subject: b1f3d0f5-efee-46fa-9fdd-4ab81d4bd466
Sun Jul 05 14:07:54 ICT 2026 - User found in database: hoaiduclequoc@gmail.com | DB Role: 2 | Mapped Authority: ROLE_ADMIN
Sun Jul 05 14:07:54 ICT 2026 - Authentication set in SecurityContext for user: hoaiduclequoc@gmail.com
Sun Jul 05 14:07:54 ICT 2026 - === doFilterInternal END ===
Sun Jul 05 14:07:55 ICT 2026 - === doFilterInternal START ===
Sun Jul 05 14:07:55 ICT 2026 - Request URI: /api/admin/users
Sun Jul 05 14:07:55 ICT 2026 - Token found. Length: 1374
Sun Jul 05 14:07:55 ICT 2026 - Token validated successfully. Subject: b1f3d0f5-efee-46fa-9fdd-4ab81d4bd466
Sun Jul 05 14:07:55 ICT 2026 - User found in database: hoaiduclequoc@gmail.com | DB Role: 2 | Mapped Authority: ROLE_ADMIN
Sun Jul 05 14:07:55 ICT 2026 - Authentication set in SecurityContext for user: hoaiduclequoc@gmail.com
Sun Jul 05 14:07:55 ICT 2026 - === doFilterInternal END ===
Sun Jul 05 14:08:02 ICT 2026 - === doFilterInternal START ===
Sun Jul 05 14:08:02 ICT 2026 - Request URI: /api/admin/classes
Sun Jul 05 14:08:02 ICT 2026 - Token found. Length: 1374
Sun Jul 05 14:08:02 ICT 2026 - Token validated successfully. Subject: b1f3d0f5-efee-46fa-9fdd-4ab81d4bd466
Sun Jul 05 14:08:02 ICT 2026 - User found in database: hoaiduclequoc@gmail.com | DB Role: 2 | Mapped Authority: ROLE_ADMIN
Sun Jul 05 14:08:02 ICT 2026 - Authentication set in SecurityContext for user: hoaiduclequoc@gmail.com
Sun Jul 05 14:08:02 ICT 2026 - === doFilterInternal END ===
Sun Jul 05 14:08:04 ICT 2026 - === doFilterInternal START ===
Sun Jul 05 14:08:04 ICT 2026 - Request URI: /api/chat/unread-count/b1f3d0f5-efee-46fa-9fdd-4ab81d4bd466
Sun Jul 05 14:08:04 ICT 2026 - Token found. Length: 1374
Sun Jul 05 14:08:04 ICT 2026 - Token validated successfully. Subject: b1f3d0f5-efee-46fa-9fdd-4ab81d4bd466
Sun Jul 05 14:08:04 ICT 2026 - User found in database: hoaiduclequoc@gmail.com | DB Role: 2 | Mapped Authority: ROLE_ADMIN
Sun Jul 05 14:08:04 ICT 2026 - Authentication set in SecurityContext for user: hoaiduclequoc@gmail.com
Sun Jul 05 14:08:04 ICT 2026 - === doFilterInternal END ===
Sun Jul 05 14:08:14 ICT 2026 - === doFilterInternal START ===
Sun Jul 05 14:08:14 ICT 2026 - Request URI: /api/chat/unread-count/b1f3d0f5-efee-46fa-9fdd-4ab81d4bd466
Sun Jul 05 14:08:14 ICT 2026 - Token found. Length: 1374
Sun Jul 05 14:08:14 ICT 2026 - Token validated successfully. Subject: b1f3d0f5-efee-46fa-9fdd-4ab81d4bd466
Sun Jul 05 14:08:14 ICT 2026 - User found in database: hoaiduclequoc@gmail.com | DB Role: 2 | Mapped Authority: ROLE_ADMIN
Sun Jul 05 14:08:14 ICT 2026 - Authentication set in SecurityContext for user: hoaiduclequoc@gmail.com
Sun Jul 05 14:08:14 ICT 2026 - === doFilterInternal END ===
Sun Jul 05 14:08:15 ICT 2026 - === doFilterInternal START ===
Sun Jul 05 14:08:15 ICT 2026 - Request URI: /api/admin/users
Sun Jul 05 14:08:15 ICT 2026 - Token found. Length: 1374
Sun Jul 05 14:08:15 ICT 2026 - Token validated successfully. Subject: b1f3d0f5-efee-46fa-9fdd-4ab81d4bd466
Sun Jul 05 14:08:15 ICT 2026 - User found in database: hoaiduclequoc@gmail.com | DB Role: 2 | Mapped Authority: ROLE_ADMIN
Sun Jul 05 14:08:15 ICT 2026 - Authentication set in SecurityContext for user: hoaiduclequoc@gmail.com
Sun Jul 05 14:08:15 ICT 2026 - === doFilterInternal END ===
Sun Jul 05 14:08:16 ICT 2026 - === doFilterInternal START ===
Sun Jul 05 14:08:16 ICT 2026 - Request URI: /api/admin/comments
Sun Jul 05 14:08:16 ICT 2026 - Token found. Length: 1374
Sun Jul 05 14:08:16 ICT 2026 - === doFilterInternal START ===
Sun Jul 05 14:08:16 ICT 2026 - Request URI: /api/admin/stats
Sun Jul 05 14:08:16 ICT 2026 - === doFilterInternal START ===
Sun Jul 05 14:08:16 ICT 2026 - Request URI: /api/admin/posts
Sun Jul 05 14:08:16 ICT 2026 - Token found. Length: 1374
Sun Jul 05 14:08:16 ICT 2026 - Token found. Length: 1374
Sun Jul 05 14:08:16 ICT 2026 - Token validated successfully. Subject: b1f3d0f5-efee-46fa-9fdd-4ab81d4bd466
Sun Jul 05 14:08:16 ICT 2026 - Token validated successfully. Subject: b1f3d0f5-efee-46fa-9fdd-4ab81d4bd466
Sun Jul 05 14:08:16 ICT 2026 - Token validated successfully. Subject: b1f3d0f5-efee-46fa-9fdd-4ab81d4bd466
Sun Jul 05 14:08:16 ICT 2026 - User found in database: hoaiduclequoc@gmail.com | DB Role: 2 | Mapped Authority: ROLE_ADMIN
Sun Jul 05 14:08:16 ICT 2026 - Authentication set in SecurityContext for user: hoaiduclequoc@gmail.com
Sun Jul 05 14:08:16 ICT 2026 - === doFilterInternal END ===
Sun Jul 05 14:08:16 ICT 2026 - User found in database: hoaiduclequoc@gmail.com | DB Role: 2 | Mapped Authority: ROLE_ADMIN
Sun Jul 05 14:08:16 ICT 2026 - User found in database: hoaiduclequoc@gmail.com | DB Role: 2 | Mapped Authority: ROLE_ADMIN
Sun Jul 05 14:08:16 ICT 2026 - Authentication set in SecurityContext for user: hoaiduclequoc@gmail.com
Sun Jul 05 14:08:16 ICT 2026 - === doFilterInternal END ===
Sun Jul 05 14:08:16 ICT 2026 - Authentication set in SecurityContext for user: hoaiduclequoc@gmail.com
Sun Jul 05 14:08:16 ICT 2026 - === doFilterInternal END ===
Sun Jul 05 14:08:25 ICT 2026 - === doFilterInternal START ===
Sun Jul 05 14:08:25 ICT 2026 - Request URI: /api/chat/unread-count/b1f3d0f5-efee-46fa-9fdd-4ab81d4bd466
Sun Jul 05 14:08:25 ICT 2026 - Token found. Length: 1374
Sun Jul 05 14:08:25 ICT 2026 - Token validated successfully. Subject: b1f3d0f5-efee-46fa-9fdd-4ab81d4bd466
Sun Jul 05 14:08:25 ICT 2026 - User found in database: hoaiduclequoc@gmail.com | DB Role: 2 | Mapped Authority: ROLE_ADMIN
Sun Jul 05 14:08:25 ICT 2026 - Authentication set in SecurityContext for user: hoaiduclequoc@gmail.com
Sun Jul 05 14:08:25 ICT 2026 - === doFilterInternal END ===
Sun Jul 05 14:14:33 ICT 2026 - === doFilterInternal START ===
Sun Jul 05 14:14:33 ICT 2026 - Request URI: /api/chat/unread-count/b1f3d0f5-efee-46fa-9fdd-4ab81d4bd466
Sun Jul 05 14:14:33 ICT 2026 - Token found. Length: 1374
Sun Jul 05 14:14:34 ICT 2026 - JWT validation ERROR: Couldn't retrieve remote JWK set: Read timed out
Sun Jul 05 14:14:34 ICT 2026 - === doFilterInternal END ===
Sun Jul 05 14:14:43 ICT 2026 - === doFilterInternal START ===
Sun Jul 05 14:14:43 ICT 2026 - Request URI: /api/chat/unread-count/b1f3d0f5-efee-46fa-9fdd-4ab81d4bd466
Sun Jul 05 14:14:43 ICT 2026 - Token found. Length: 1374
Sun Jul 05 14:14:43 ICT 2026 - Token validated successfully. Subject: b1f3d0f5-efee-46fa-9fdd-4ab81d4bd466
Sun Jul 05 14:14:43 ICT 2026 - User found in database: hoaiduclequoc@gmail.com | DB Role: 2 | Mapped Authority: ROLE_ADMIN
Sun Jul 05 14:14:43 ICT 2026 - Authentication set in SecurityContext for user: hoaiduclequoc@gmail.com
Sun Jul 05 14:14:43 ICT 2026 - === doFilterInternal END ===
Sun Jul 05 14:14:53 ICT 2026 - === doFilterInternal START ===
Sun Jul 05 14:14:53 ICT 2026 - Request URI: /api/chat/unread-count/b1f3d0f5-efee-46fa-9fdd-4ab81d4bd466
Sun Jul 05 14:14:53 ICT 2026 - Token found. Length: 1374
Sun Jul 05 14:14:53 ICT 2026 - Token validated successfully. Subject: b1f3d0f5-efee-46fa-9fdd-4ab81d4bd466
Sun Jul 05 14:14:53 ICT 2026 - User found in database: hoaiduclequoc@gmail.com | DB Role: 2 | Mapped Authority: ROLE_ADMIN
Sun Jul 05 14:14:53 ICT 2026 - Authentication set in SecurityContext for user: hoaiduclequoc@gmail.com
Sun Jul 05 14:14:53 ICT 2026 - === doFilterInternal END ===
Sun Jul 05 14:15:03 ICT 2026 - === doFilterInternal START ===
Sun Jul 05 14:15:03 ICT 2026 - Request URI: /api/chat/unread-count/b1f3d0f5-efee-46fa-9fdd-4ab81d4bd466
Sun Jul 05 14:15:03 ICT 2026 - Token found. Length: 1374
Sun Jul 05 14:15:03 ICT 2026 - Token validated successfully. Subject: b1f3d0f5-efee-46fa-9fdd-4ab81d4bd466
Sun Jul 05 14:15:03 ICT 2026 - User found in database: hoaiduclequoc@gmail.com | DB Role: 2 | Mapped Authority: ROLE_ADMIN
Sun Jul 05 14:15:03 ICT 2026 - Authentication set in SecurityContext for user: hoaiduclequoc@gmail.com
Sun Jul 05 14:15:03 ICT 2026 - === doFilterInternal END ===
Sun Jul 05 14:15:13 ICT 2026 - === doFilterInternal START ===
Sun Jul 05 14:15:13 ICT 2026 - Request URI: /api/chat/unread-count/b1f3d0f5-efee-46fa-9fdd-4ab81d4bd466
Sun Jul 05 14:15:13 ICT 2026 - Token found. Length: 1374
Sun Jul 05 14:15:13 ICT 2026 - Token validated successfully. Subject: b1f3d0f5-efee-46fa-9fdd-4ab81d4bd466
Sun Jul 05 14:15:13 ICT 2026 - User found in database: hoaiduclequoc@gmail.com | DB Role: 2 | Mapped Authority: ROLE_ADMIN
Sun Jul 05 14:15:13 ICT 2026 - Authentication set in SecurityContext for user: hoaiduclequoc@gmail.com
Sun Jul 05 14:15:13 ICT 2026 - === doFilterInternal END ===
Sun Jul 05 14:15:23 ICT 2026 - === doFilterInternal START ===
Sun Jul 05 14:15:23 ICT 2026 - Request URI: /api/chat/unread-count/b1f3d0f5-efee-46fa-9fdd-4ab81d4bd466
Sun Jul 05 14:15:23 ICT 2026 - Token found. Length: 1374
Sun Jul 05 14:15:23 ICT 2026 - Token validated successfully. Subject: b1f3d0f5-efee-46fa-9fdd-4ab81d4bd466
Sun Jul 05 14:15:23 ICT 2026 - User found in database: hoaiduclequoc@gmail.com | DB Role: 2 | Mapped Authority: ROLE_ADMIN
Sun Jul 05 14:15:23 ICT 2026 - Authentication set in SecurityContext for user: hoaiduclequoc@gmail.com
Sun Jul 05 14:15:23 ICT 2026 - === doFilterInternal END ===
Sun Jul 05 14:16:25 ICT 2026 - === doFilterInternal START ===
Sun Jul 05 14:16:25 ICT 2026 - Request URI: /api/streaks/b1f3d0f5-efee-46fa-9fdd-4ab81d4bd466
Sun Jul 05 14:16:25 ICT 2026 - === doFilterInternal START ===
Sun Jul 05 14:16:25 ICT 2026 - Request URI: /api/chat/unread-count/b1f3d0f5-efee-46fa-9fdd-4ab81d4bd466
Sun Jul 05 14:16:25 ICT 2026 - Token found. Length: 1374
Sun Jul 05 14:16:25 ICT 2026 - Token found. Length: 1374
Sun Jul 05 14:16:25 ICT 2026 - Token validated successfully. Subject: b1f3d0f5-efee-46fa-9fdd-4ab81d4bd466
Sun Jul 05 14:16:25 ICT 2026 - Token validated successfully. Subject: b1f3d0f5-efee-46fa-9fdd-4ab81d4bd466
Sun Jul 05 14:16:25 ICT 2026 - User found in database: hoaiduclequoc@gmail.com | DB Role: 2 | Mapped Authority: ROLE_ADMIN
Sun Jul 05 14:16:25 ICT 2026 - Authentication set in SecurityContext for user: hoaiduclequoc@gmail.com
Sun Jul 05 14:16:25 ICT 2026 - === doFilterInternal END ===
Sun Jul 05 14:16:25 ICT 2026 - User found in database: hoaiduclequoc@gmail.com | DB Role: 2 | Mapped Authority: ROLE_ADMIN
Sun Jul 05 14:16:25 ICT 2026 - Authentication set in SecurityContext for user: hoaiduclequoc@gmail.com
Sun Jul 05 14:16:25 ICT 2026 - === doFilterInternal END ===
Sun Jul 05 14:16:27 ICT 2026 - === doFilterInternal START ===
Sun Jul 05 14:16:27 ICT 2026 - Request URI: /api/chat/unread-count/b1f3d0f5-efee-46fa-9fdd-4ab81d4bd466
Sun Jul 05 14:16:27 ICT 2026 - Token found. Length: 1374
Sun Jul 05 14:16:27 ICT 2026 - === doFilterInternal START ===
Sun Jul 05 14:16:27 ICT 2026 - Token validated successfully. Subject: b1f3d0f5-efee-46fa-9fdd-4ab81d4bd466
Sun Jul 05 14:16:27 ICT 2026 - Request URI: /api/auth/login
Sun Jul 05 14:16:27 ICT 2026 - Token found. Length: 1374
Sun Jul 05 14:16:27 ICT 2026 - Token validated successfully. Subject: b1f3d0f5-efee-46fa-9fdd-4ab81d4bd466
Sun Jul 05 14:16:27 ICT 2026 - User found in database: hoaiduclequoc@gmail.com | DB Role: 2 | Mapped Authority: ROLE_ADMIN
Sun Jul 05 14:16:27 ICT 2026 - User found in database: hoaiduclequoc@gmail.com | DB Role: 2 | Mapped Authority: ROLE_ADMIN
Sun Jul 05 14:16:27 ICT 2026 - Authentication set in SecurityContext for user: hoaiduclequoc@gmail.com
Sun Jul 05 14:16:27 ICT 2026 - === doFilterInternal END ===
Sun Jul 05 14:16:27 ICT 2026 - Authentication set in SecurityContext for user: hoaiduclequoc@gmail.com
Sun Jul 05 14:16:27 ICT 2026 - === doFilterInternal END ===
Sun Jul 05 14:16:27 ICT 2026 - === doFilterInternal START ===
Sun Jul 05 14:16:27 ICT 2026 - Request URI: /api/classes/user/b1f3d0f5-efee-46fa-9fdd-4ab81d4bd466
Sun Jul 05 14:16:27 ICT 2026 - Token found. Length: 1374
Sun Jul 05 14:16:27 ICT 2026 - Token validated successfully. Subject: b1f3d0f5-efee-46fa-9fdd-4ab81d4bd466
Sun Jul 05 14:16:27 ICT 2026 - === doFilterInternal START ===
Sun Jul 05 14:16:27 ICT 2026 - Request URI: /api/streaks/b1f3d0f5-efee-46fa-9fdd-4ab81d4bd466
Sun Jul 05 14:16:27 ICT 2026 - Token found. Length: 1374
Sun Jul 05 14:16:27 ICT 2026 - Token validated successfully. Subject: b1f3d0f5-efee-46fa-9fdd-4ab81d4bd466
Sun Jul 05 14:16:27 ICT 2026 - === doFilterInternal START ===
Sun Jul 05 14:16:27 ICT 2026 - Request URI: /api/admin/stats
Sun Jul 05 14:16:27 ICT 2026 - Token found. Length: 1374
Sun Jul 05 14:16:27 ICT 2026 - === doFilterInternal START ===
Sun Jul 05 14:16:27 ICT 2026 - Request URI: /api/admin/posts
Sun Jul 05 14:16:27 ICT 2026 - Token validated successfully. Subject: b1f3d0f5-efee-46fa-9fdd-4ab81d4bd466
Sun Jul 05 14:16:27 ICT 2026 - Token found. Length: 1374
Sun Jul 05 14:16:27 ICT 2026 - === doFilterInternal START ===
Sun Jul 05 14:16:27 ICT 2026 - Request URI: /api/admin/comments
Sun Jul 05 14:16:27 ICT 2026 - === doFilterInternal START ===
Sun Jul 05 14:16:27 ICT 2026 - Request URI: /api/admin/users
Sun Jul 05 14:16:27 ICT 2026 - Token found. Length: 1374
Sun Jul 05 14:16:27 ICT 2026 - Token found. Length: 1374
Sun Jul 05 14:16:27 ICT 2026 - Token validated successfully. Subject: b1f3d0f5-efee-46fa-9fdd-4ab81d4bd466
Sun Jul 05 14:16:27 ICT 2026 - Token validated successfully. Subject: b1f3d0f5-efee-46fa-9fdd-4ab81d4bd466
Sun Jul 05 14:16:27 ICT 2026 - Token validated successfully. Subject: b1f3d0f5-efee-46fa-9fdd-4ab81d4bd466
Sun Jul 05 14:16:28 ICT 2026 - User found in database: hoaiduclequoc@gmail.com | DB Role: 2 | Mapped Authority: ROLE_ADMIN
Sun Jul 05 14:16:28 ICT 2026 - Authentication set in SecurityContext for user: hoaiduclequoc@gmail.com
Sun Jul 05 14:16:28 ICT 2026 - === doFilterInternal END ===
Sun Jul 05 14:16:28 ICT 2026 - User found in database: hoaiduclequoc@gmail.com | DB Role: 2 | Mapped Authority: ROLE_ADMIN
Sun Jul 05 14:16:28 ICT 2026 - Authentication set in SecurityContext for user: hoaiduclequoc@gmail.com
Sun Jul 05 14:16:28 ICT 2026 - === doFilterInternal END ===
Sun Jul 05 14:16:28 ICT 2026 - User found in database: hoaiduclequoc@gmail.com | DB Role: 2 | Mapped Authority: ROLE_ADMIN
Sun Jul 05 14:16:28 ICT 2026 - User found in database: hoaiduclequoc@gmail.com | DB Role: 2 | Mapped Authority: ROLE_ADMIN
Sun Jul 05 14:16:28 ICT 2026 - Authentication set in SecurityContext for user: hoaiduclequoc@gmail.com
Sun Jul 05 14:16:28 ICT 2026 - === doFilterInternal END ===
Sun Jul 05 14:16:28 ICT 2026 - Authentication set in SecurityContext for user: hoaiduclequoc@gmail.com
Sun Jul 05 14:16:28 ICT 2026 - === doFilterInternal END ===
Sun Jul 05 14:16:28 ICT 2026 - User found in database: hoaiduclequoc@gmail.com | DB Role: 2 | Mapped Authority: ROLE_ADMIN
Sun Jul 05 14:16:28 ICT 2026 - Authentication set in SecurityContext for user: hoaiduclequoc@gmail.com
Sun Jul 05 14:16:28 ICT 2026 - === doFilterInternal END ===
Sun Jul 05 14:16:28 ICT 2026 - User found in database: hoaiduclequoc@gmail.com | DB Role: 2 | Mapped Authority: ROLE_ADMIN
Sun Jul 05 14:16:28 ICT 2026 - Authentication set in SecurityContext for user: hoaiduclequoc@gmail.com
Sun Jul 05 14:16:28 ICT 2026 - === doFilterInternal END ===
Sun Jul 05 14:16:28 ICT 2026 - === doFilterInternal START ===
Sun Jul 05 14:16:28 ICT 2026 - Request URI: /api/admin/classes
Sun Jul 05 14:16:28 ICT 2026 - Token found. Length: 1374
Sun Jul 05 14:16:28 ICT 2026 - Token validated successfully. Subject: b1f3d0f5-efee-46fa-9fdd-4ab81d4bd466
Sun Jul 05 14:16:28 ICT 2026 - === doFilterInternal START ===
Sun Jul 05 14:16:28 ICT 2026 - Request URI: /api/admin/users
Sun Jul 05 14:16:28 ICT 2026 - Token found. Length: 1374
Sun Jul 05 14:16:28 ICT 2026 - Token validated successfully. Subject: b1f3d0f5-efee-46fa-9fdd-4ab81d4bd466
Sun Jul 05 14:16:28 ICT 2026 - === doFilterInternal START ===
Sun Jul 05 14:16:28 ICT 2026 - Request URI: /api/streaks/b1f3d0f5-efee-46fa-9fdd-4ab81d4bd466
Sun Jul 05 14:16:28 ICT 2026 - Token found. Length: 1374
Sun Jul 05 14:16:28 ICT 2026 - Token validated successfully. Subject: b1f3d0f5-efee-46fa-9fdd-4ab81d4bd466
Sun Jul 05 14:16:28 ICT 2026 - User found in database: hoaiduclequoc@gmail.com | DB Role: 2 | Mapped Authority: ROLE_ADMIN
Sun Jul 05 14:16:28 ICT 2026 - User found in database: hoaiduclequoc@gmail.com | DB Role: 2 | Mapped Authority: ROLE_ADMIN
Sun Jul 05 14:16:28 ICT 2026 - Authentication set in SecurityContext for user: hoaiduclequoc@gmail.com
Sun Jul 05 14:16:28 ICT 2026 - === doFilterInternal END ===
Sun Jul 05 14:16:28 ICT 2026 - Authentication set in SecurityContext for user: hoaiduclequoc@gmail.com
Sun Jul 05 14:16:28 ICT 2026 - === doFilterInternal END ===
Sun Jul 05 14:16:28 ICT 2026 - === doFilterInternal START ===
Sun Jul 05 14:16:28 ICT 2026 - Request URI: /api/admin/stats
Sun Jul 05 14:16:28 ICT 2026 - Token found. Length: 1374
Sun Jul 05 14:16:28 ICT 2026 - Token validated successfully. Subject: b1f3d0f5-efee-46fa-9fdd-4ab81d4bd466
Sun Jul 05 14:16:28 ICT 2026 - User found in database: hoaiduclequoc@gmail.com | DB Role: 2 | Mapped Authority: ROLE_ADMIN
Sun Jul 05 14:16:28 ICT 2026 - Authentication set in SecurityContext for user: hoaiduclequoc@gmail.com
Sun Jul 05 14:16:28 ICT 2026 - === doFilterInternal END ===
Sun Jul 05 14:16:28 ICT 2026 - === doFilterInternal START ===
Sun Jul 05 14:16:28 ICT 2026 - Request URI: /api/admin/comments
Sun Jul 05 14:16:28 ICT 2026 - Token found. Length: 1374
Sun Jul 05 14:16:28 ICT 2026 - User found in database: hoaiduclequoc@gmail.com | DB Role: 2 | Mapped Authority: ROLE_ADMIN
Sun Jul 05 14:16:28 ICT 2026 - Authentication set in SecurityContext for user: hoaiduclequoc@gmail.com
Sun Jul 05 14:16:28 ICT 2026 - === doFilterInternal END ===
Sun Jul 05 14:16:28 ICT 2026 - Token validated successfully. Subject: b1f3d0f5-efee-46fa-9fdd-4ab81d4bd466
Sun Jul 05 14:16:28 ICT 2026 - User found in database: hoaiduclequoc@gmail.com | DB Role: 2 | Mapped Authority: ROLE_ADMIN
Sun Jul 05 14:16:28 ICT 2026 - Authentication set in SecurityContext for user: hoaiduclequoc@gmail.com
Sun Jul 05 14:16:28 ICT 2026 - === doFilterInternal END ===
Sun Jul 05 14:16:28 ICT 2026 - === doFilterInternal START ===
Sun Jul 05 14:16:28 ICT 2026 - Request URI: /api/admin/posts
Sun Jul 05 14:16:28 ICT 2026 - Token found. Length: 1374
Sun Jul 05 14:16:28 ICT 2026 - Token validated successfully. Subject: b1f3d0f5-efee-46fa-9fdd-4ab81d4bd466
Sun Jul 05 14:16:28 ICT 2026 - === doFilterInternal START ===
Sun Jul 05 14:16:28 ICT 2026 - Request URI: /api/admin/stats
Sun Jul 05 14:16:28 ICT 2026 - Token found. Length: 1374
Sun Jul 05 14:16:28 ICT 2026 - Token validated successfully. Subject: b1f3d0f5-efee-46fa-9fdd-4ab81d4bd466
Sun Jul 05 14:16:28 ICT 2026 - User found in database: hoaiduclequoc@gmail.com | DB Role: 2 | Mapped Authority: ROLE_ADMIN
Sun Jul 05 14:16:28 ICT 2026 - Authentication set in SecurityContext for user: hoaiduclequoc@gmail.com
Sun Jul 05 14:16:28 ICT 2026 - === doFilterInternal END ===
Sun Jul 05 14:16:28 ICT 2026 - User found in database: hoaiduclequoc@gmail.com | DB Role: 2 | Mapped Authority: ROLE_ADMIN
Sun Jul 05 14:16:28 ICT 2026 - Authentication set in SecurityContext for user: hoaiduclequoc@gmail.com
Sun Jul 05 14:16:28 ICT 2026 - === doFilterInternal END ===
Sun Jul 05 14:16:28 ICT 2026 - === doFilterInternal START ===
Sun Jul 05 14:16:28 ICT 2026 - Request URI: /api/admin/comments
Sun Jul 05 14:16:28 ICT 2026 - Token found. Length: 1374
Sun Jul 05 14:16:28 ICT 2026 - Token validated successfully. Subject: b1f3d0f5-efee-46fa-9fdd-4ab81d4bd466
Sun Jul 05 14:16:29 ICT 2026 - === doFilterInternal START ===
Sun Jul 05 14:16:29 ICT 2026 - Request URI: /api/admin/classes
Sun Jul 05 14:16:29 ICT 2026 - Token found. Length: 1374
Sun Jul 05 14:16:29 ICT 2026 - Token validated successfully. Subject: b1f3d0f5-efee-46fa-9fdd-4ab81d4bd466
Sun Jul 05 14:16:29 ICT 2026 - User found in database: hoaiduclequoc@gmail.com | DB Role: 2 | Mapped Authority: ROLE_ADMIN
Sun Jul 05 14:16:29 ICT 2026 - Authentication set in SecurityContext for user: hoaiduclequoc@gmail.com
Sun Jul 05 14:16:29 ICT 2026 - === doFilterInternal END ===
Sun Jul 05 14:16:29 ICT 2026 - User found in database: hoaiduclequoc@gmail.com | DB Role: 2 | Mapped Authority: ROLE_ADMIN
Sun Jul 05 14:16:29 ICT 2026 - Authentication set in SecurityContext for user: hoaiduclequoc@gmail.com
Sun Jul 05 14:16:29 ICT 2026 - === doFilterInternal END ===
Sun Jul 05 14:16:29 ICT 2026 - === doFilterInternal START ===
Sun Jul 05 14:16:29 ICT 2026 - Request URI: /api/admin/posts
Sun Jul 05 14:16:29 ICT 2026 - Token found. Length: 1374
Sun Jul 05 14:16:29 ICT 2026 - Token validated successfully. Subject: b1f3d0f5-efee-46fa-9fdd-4ab81d4bd466
Sun Jul 05 14:16:29 ICT 2026 - User found in database: hoaiduclequoc@gmail.com | DB Role: 2 | Mapped Authority: ROLE_ADMIN
Sun Jul 05 14:16:29 ICT 2026 - Authentication set in SecurityContext for user: hoaiduclequoc@gmail.com
Sun Jul 05 14:16:29 ICT 2026 - === doFilterInternal END ===
Sun Jul 05 14:16:31 ICT 2026 - === doFilterInternal START ===
Sun Jul 05 14:16:31 ICT 2026 - Request URI: /api/admin/banned-keywords
Sun Jul 05 14:16:31 ICT 2026 - Token found. Length: 1374
Sun Jul 05 14:16:31 ICT 2026 - Token validated successfully. Subject: b1f3d0f5-efee-46fa-9fdd-4ab81d4bd466
Sun Jul 05 14:16:31 ICT 2026 - User found in database: hoaiduclequoc@gmail.com | DB Role: 2 | Mapped Authority: ROLE_ADMIN
Sun Jul 05 14:16:31 ICT 2026 - Authentication set in SecurityContext for user: hoaiduclequoc@gmail.com
Sun Jul 05 14:16:31 ICT 2026 - === doFilterInternal END ===
Sun Jul 05 14:16:35 ICT 2026 - === doFilterInternal START ===
Sun Jul 05 14:16:35 ICT 2026 - Request URI: /api/admin/banned-keywords
Sun Jul 05 14:16:35 ICT 2026 - Token found. Length: 1374
Sun Jul 05 14:16:35 ICT 2026 - Token validated successfully. Subject: b1f3d0f5-efee-46fa-9fdd-4ab81d4bd466
Sun Jul 05 14:16:35 ICT 2026 - User found in database: hoaiduclequoc@gmail.com | DB Role: 2 | Mapped Authority: ROLE_ADMIN
Sun Jul 05 14:16:35 ICT 2026 - Authentication set in SecurityContext for user: hoaiduclequoc@gmail.com
Sun Jul 05 14:16:35 ICT 2026 - === doFilterInternal END ===
Sun Jul 05 14:16:35 ICT 2026 - === doFilterInternal START ===
Sun Jul 05 14:16:35 ICT 2026 - Request URI: /api/admin/stats
Sun Jul 05 14:16:35 ICT 2026 - Token found. Length: 1374
Sun Jul 05 14:16:35 ICT 2026 - Token validated successfully. Subject: b1f3d0f5-efee-46fa-9fdd-4ab81d4bd466
Sun Jul 05 14:16:36 ICT 2026 - User found in database: hoaiduclequoc@gmail.com | DB Role: 2 | Mapped Authority: ROLE_ADMIN
Sun Jul 05 14:16:36 ICT 2026 - Authentication set in SecurityContext for user: hoaiduclequoc@gmail.com
Sun Jul 05 14:16:36 ICT 2026 - === doFilterInternal END ===
Sun Jul 05 14:16:36 ICT 2026 - === doFilterInternal START ===
Sun Jul 05 14:16:36 ICT 2026 - Request URI: /api/streaks/b1f3d0f5-efee-46fa-9fdd-4ab81d4bd466/update
Sun Jul 05 14:16:36 ICT 2026 - Token found. Length: 1374
Sun Jul 05 14:16:36 ICT 2026 - Token validated successfully. Subject: b1f3d0f5-efee-46fa-9fdd-4ab81d4bd466
Sun Jul 05 14:16:37 ICT 2026 - User found in database: hoaiduclequoc@gmail.com | DB Role: 2 | Mapped Authority: ROLE_ADMIN
Sun Jul 05 14:16:37 ICT 2026 - Authentication set in SecurityContext for user: hoaiduclequoc@gmail.com
Sun Jul 05 14:16:37 ICT 2026 - === doFilterInternal END ===
Sun Jul 05 14:16:37 ICT 2026 - === doFilterInternal START ===
Sun Jul 05 14:16:37 ICT 2026 - Request URI: /api/chat/unread-count/b1f3d0f5-efee-46fa-9fdd-4ab81d4bd466
Sun Jul 05 14:16:37 ICT 2026 - Token found. Length: 1374
Sun Jul 05 14:16:37 ICT 2026 - Token validated successfully. Subject: b1f3d0f5-efee-46fa-9fdd-4ab81d4bd466
Sun Jul 05 14:16:37 ICT 2026 - User found in database: hoaiduclequoc@gmail.com | DB Role: 2 | Mapped Authority: ROLE_ADMIN
Sun Jul 05 14:16:37 ICT 2026 - Authentication set in SecurityContext for user: hoaiduclequoc@gmail.com
Sun Jul 05 14:16:37 ICT 2026 - === doFilterInternal END ===
Sun Jul 05 14:16:47 ICT 2026 - === doFilterInternal START ===
Sun Jul 05 14:16:47 ICT 2026 - Request URI: /api/chat/unread-count/b1f3d0f5-efee-46fa-9fdd-4ab81d4bd466
Sun Jul 05 14:16:47 ICT 2026 - Token found. Length: 1374
Sun Jul 05 14:16:47 ICT 2026 - Token validated successfully. Subject: b1f3d0f5-efee-46fa-9fdd-4ab81d4bd466
Sun Jul 05 14:16:47 ICT 2026 - User found in database: hoaiduclequoc@gmail.com | DB Role: 2 | Mapped Authority: ROLE_ADMIN
Sun Jul 05 14:16:47 ICT 2026 - Authentication set in SecurityContext for user: hoaiduclequoc@gmail.com
Sun Jul 05 14:16:47 ICT 2026 - === doFilterInternal END ===
Sun Jul 05 14:16:50 ICT 2026 - === doFilterInternal START ===
Sun Jul 05 14:16:50 ICT 2026 - Request URI: /api/admin/banned-keywords
Sun Jul 05 14:16:50 ICT 2026 - Token found. Length: 1374
Sun Jul 05 14:16:50 ICT 2026 - Token validated successfully. Subject: b1f3d0f5-efee-46fa-9fdd-4ab81d4bd466
Sun Jul 05 14:16:50 ICT 2026 - User found in database: hoaiduclequoc@gmail.com | DB Role: 2 | Mapped Authority: ROLE_ADMIN
Sun Jul 05 14:16:50 ICT 2026 - Authentication set in SecurityContext for user: hoaiduclequoc@gmail.com
Sun Jul 05 14:16:50 ICT 2026 - === doFilterInternal END ===
Sun Jul 05 14:16:50 ICT 2026 - === doFilterInternal START ===
Sun Jul 05 14:16:50 ICT 2026 - Request URI: /api/admin/stats
Sun Jul 05 14:16:50 ICT 2026 - Token found. Length: 1374
Sun Jul 05 14:16:50 ICT 2026 - Token validated successfully. Subject: b1f3d0f5-efee-46fa-9fdd-4ab81d4bd466
Sun Jul 05 14:16:50 ICT 2026 - User found in database: hoaiduclequoc@gmail.com | DB Role: 2 | Mapped Authority: ROLE_ADMIN
Sun Jul 05 14:16:50 ICT 2026 - Authentication set in SecurityContext for user: hoaiduclequoc@gmail.com
Sun Jul 05 14:16:50 ICT 2026 - === doFilterInternal END ===
Sun Jul 05 14:16:57 ICT 2026 - === doFilterInternal START ===
Sun Jul 05 14:16:57 ICT 2026 - Request URI: /api/chat/unread-count/b1f3d0f5-efee-46fa-9fdd-4ab81d4bd466
Sun Jul 05 14:16:57 ICT 2026 - Token found. Length: 1374
Sun Jul 05 14:16:57 ICT 2026 - Token validated successfully. Subject: b1f3d0f5-efee-46fa-9fdd-4ab81d4bd466
Sun Jul 05 14:16:57 ICT 2026 - User found in database: hoaiduclequoc@gmail.com | DB Role: 2 | Mapped Authority: ROLE_ADMIN
Sun Jul 05 14:16:57 ICT 2026 - Authentication set in SecurityContext for user: hoaiduclequoc@gmail.com
Sun Jul 05 14:16:57 ICT 2026 - === doFilterInternal END ===
Sun Jul 05 14:17:08 ICT 2026 - === doFilterInternal START ===
Sun Jul 05 14:17:08 ICT 2026 - Request URI: /api/chat/unread-count/b1f3d0f5-efee-46fa-9fdd-4ab81d4bd466
Sun Jul 05 14:17:08 ICT 2026 - Token found. Length: 1374
Sun Jul 05 14:17:08 ICT 2026 - Token validated successfully. Subject: b1f3d0f5-efee-46fa-9fdd-4ab81d4bd466
Sun Jul 05 14:17:08 ICT 2026 - User found in database: hoaiduclequoc@gmail.com | DB Role: 2 | Mapped Authority: ROLE_ADMIN
Sun Jul 05 14:17:08 ICT 2026 - Authentication set in SecurityContext for user: hoaiduclequoc@gmail.com
Sun Jul 05 14:17:08 ICT 2026 - === doFilterInternal END ===
Sun Jul 05 14:17:13 ICT 2026 - === doFilterInternal START ===
Sun Jul 05 14:17:13 ICT 2026 - Request URI: /api/auth/login
Sun Jul 05 14:17:13 ICT 2026 - === doFilterInternal START ===
Sun Jul 05 14:17:13 ICT 2026 - Request URI: /api/chat/unread-count/dd9af4b6-c947-4a7c-a01b-b09d3dd76b2a
Sun Jul 05 14:17:13 ICT 2026 - Token found. Length: 1414
Sun Jul 05 14:17:13 ICT 2026 - Token found. Length: 1414
Sun Jul 05 14:17:13 ICT 2026 - Token validated successfully. Subject: dd9af4b6-c947-4a7c-a01b-b09d3dd76b2a
Sun Jul 05 14:17:13 ICT 2026 - Token validated successfully. Subject: dd9af4b6-c947-4a7c-a01b-b09d3dd76b2a
Sun Jul 05 14:17:13 ICT 2026 - User found in database: lequochoaiduc04@gmail.com | DB Role: 0 | Mapped Authority: ROLE_USER
Sun Jul 05 14:17:13 ICT 2026 - User found in database: lequochoaiduc04@gmail.com | DB Role: 0 | Mapped Authority: ROLE_USER
Sun Jul 05 14:17:13 ICT 2026 - Authentication set in SecurityContext for user: lequochoaiduc04@gmail.com
Sun Jul 05 14:17:13 ICT 2026 - === doFilterInternal END ===
Sun Jul 05 14:17:13 ICT 2026 - Authentication set in SecurityContext for user: lequochoaiduc04@gmail.com
Sun Jul 05 14:17:13 ICT 2026 - === doFilterInternal END ===
Sun Jul 05 14:17:13 ICT 2026 - === doFilterInternal START ===
Sun Jul 05 14:17:13 ICT 2026 - Request URI: /api/classes/user/dd9af4b6-c947-4a7c-a01b-b09d3dd76b2a
Sun Jul 05 14:17:13 ICT 2026 - Token found. Length: 1414
Sun Jul 05 14:17:13 ICT 2026 - Token validated successfully. Subject: dd9af4b6-c947-4a7c-a01b-b09d3dd76b2a
Sun Jul 05 14:17:13 ICT 2026 - === doFilterInternal START ===
Sun Jul 05 14:17:13 ICT 2026 - Request URI: /api/streaks/dd9af4b6-c947-4a7c-a01b-b09d3dd76b2a
Sun Jul 05 14:17:13 ICT 2026 - Token found. Length: 1414
Sun Jul 05 14:17:13 ICT 2026 - === doFilterInternal START ===
Sun Jul 05 14:17:13 ICT 2026 - Request URI: /api/submissions/user/dd9af4b6-c947-4a7c-a01b-b09d3dd76b2a
Sun Jul 05 14:17:13 ICT 2026 - Token validated successfully. Subject: dd9af4b6-c947-4a7c-a01b-b09d3dd76b2a
Sun Jul 05 14:17:13 ICT 2026 - Token found. Length: 1414
Sun Jul 05 14:17:13 ICT 2026 - === doFilterInternal START ===
Sun Jul 05 14:17:13 ICT 2026 - Request URI: /api/quiz-attempts/user/dd9af4b6-c947-4a7c-a01b-b09d3dd76b2a
Sun Jul 05 14:17:13 ICT 2026 - Token found. Length: 1414
Sun Jul 05 14:17:13 ICT 2026 - Token validated successfully. Subject: dd9af4b6-c947-4a7c-a01b-b09d3dd76b2a
Sun Jul 05 14:17:13 ICT 2026 - Token validated successfully. Subject: dd9af4b6-c947-4a7c-a01b-b09d3dd76b2a
Sun Jul 05 14:17:14 ICT 2026 - User found in database: lequochoaiduc04@gmail.com | DB Role: 0 | Mapped Authority: ROLE_USER
Sun Jul 05 14:17:14 ICT 2026 - Authentication set in SecurityContext for user: lequochoaiduc04@gmail.com
Sun Jul 05 14:17:14 ICT 2026 - === doFilterInternal END ===
Sun Jul 05 14:17:14 ICT 2026 - User found in database: lequochoaiduc04@gmail.com | DB Role: 0 | Mapped Authority: ROLE_USER
Sun Jul 05 14:17:14 ICT 2026 - Authentication set in SecurityContext for user: lequochoaiduc04@gmail.com
Sun Jul 05 14:17:14 ICT 2026 - === doFilterInternal END ===
Sun Jul 05 14:17:14 ICT 2026 - User found in database: lequochoaiduc04@gmail.com | DB Role: 0 | Mapped Authority: ROLE_USER
Sun Jul 05 14:17:14 ICT 2026 - User found in database: lequochoaiduc04@gmail.com | DB Role: 0 | Mapped Authority: ROLE_USER
Sun Jul 05 14:17:14 ICT 2026 - Authentication set in SecurityContext for user: lequochoaiduc04@gmail.com
Sun Jul 05 14:17:14 ICT 2026 - === doFilterInternal END ===
Sun Jul 05 14:17:14 ICT 2026 - Authentication set in SecurityContext for user: lequochoaiduc04@gmail.com
Sun Jul 05 14:17:14 ICT 2026 - === doFilterInternal END ===
Sun Jul 05 14:17:14 ICT 2026 - === doFilterInternal START ===
Sun Jul 05 14:17:14 ICT 2026 - Request URI: /api/submissions/user/dd9af4b6-c947-4a7c-a01b-b09d3dd76b2a
Sun Jul 05 14:17:14 ICT 2026 - Token found. Length: 1414
Sun Jul 05 14:17:14 ICT 2026 - Token validated successfully. Subject: dd9af4b6-c947-4a7c-a01b-b09d3dd76b2a
Sun Jul 05 14:17:14 ICT 2026 - User found in database: lequochoaiduc04@gmail.com | DB Role: 0 | Mapped Authority: ROLE_USER
Sun Jul 05 14:17:14 ICT 2026 - Authentication set in SecurityContext for user: lequochoaiduc04@gmail.com
Sun Jul 05 14:17:14 ICT 2026 - === doFilterInternal END ===
Sun Jul 05 14:17:14 ICT 2026 - === doFilterInternal START ===
Sun Jul 05 14:17:14 ICT 2026 - Request URI: /api/streaks/dd9af4b6-c947-4a7c-a01b-b09d3dd76b2a
Sun Jul 05 14:17:14 ICT 2026 - Token found. Length: 1414
Sun Jul 05 14:17:14 ICT 2026 - Token validated successfully. Subject: dd9af4b6-c947-4a7c-a01b-b09d3dd76b2a
Sun Jul 05 14:17:14 ICT 2026 - === doFilterInternal START ===
Sun Jul 05 14:17:14 ICT 2026 - Request URI: /api/posts/class/8c162841-1d0f-4128-86d5-a6cb38eb874f
Sun Jul 05 14:17:14 ICT 2026 - === doFilterInternal START ===
Sun Jul 05 14:17:14 ICT 2026 - Request URI: /api/posts/class/cb2d7889-00ac-48fc-88f1-17645c9cac4f
Sun Jul 05 14:17:14 ICT 2026 - Token found. Length: 1414
Sun Jul 05 14:17:14 ICT 2026 - Token found. Length: 1414
Sun Jul 05 14:17:14 ICT 2026 - === doFilterInternal START ===
Sun Jul 05 14:17:14 ICT 2026 - Request URI: /api/posts/class/bec12733-8902-4d6b-bebb-03c6a8643745
Sun Jul 05 14:17:14 ICT 2026 - Token found. Length: 1414
Sun Jul 05 14:17:14 ICT 2026 - Token validated successfully. Subject: dd9af4b6-c947-4a7c-a01b-b09d3dd76b2a
Sun Jul 05 14:17:14 ICT 2026 - Token validated successfully. Subject: dd9af4b6-c947-4a7c-a01b-b09d3dd76b2a
Sun Jul 05 14:17:14 ICT 2026 - Token validated successfully. Subject: dd9af4b6-c947-4a7c-a01b-b09d3dd76b2a
Sun Jul 05 14:17:14 ICT 2026 - === doFilterInternal START ===
Sun Jul 05 14:17:14 ICT 2026 - Request URI: /api/quizzes/class/8c162841-1d0f-4128-86d5-a6cb38eb874f
Sun Jul 05 14:17:14 ICT 2026 - Token found. Length: 1414
Sun Jul 05 14:17:14 ICT 2026 - Token validated successfully. Subject: dd9af4b6-c947-4a7c-a01b-b09d3dd76b2a
Sun Jul 05 14:17:14 ICT 2026 - User found in database: lequochoaiduc04@gmail.com | DB Role: 0 | Mapped Authority: ROLE_USER
Sun Jul 05 14:17:14 ICT 2026 - Authentication set in SecurityContext for user: lequochoaiduc04@gmail.com
Sun Jul 05 14:17:14 ICT 2026 - === doFilterInternal END ===
Sun Jul 05 14:17:14 ICT 2026 - User found in database: lequochoaiduc04@gmail.com | DB Role: 0 | Mapped Authority: ROLE_USER
Sun Jul 05 14:17:14 ICT 2026 - User found in database: lequochoaiduc04@gmail.com | DB Role: 0 | Mapped Authority: ROLE_USER
Sun Jul 05 14:17:14 ICT 2026 - Authentication set in SecurityContext for user: lequochoaiduc04@gmail.com
Sun Jul 05 14:17:14 ICT 2026 - === doFilterInternal END ===
Sun Jul 05 14:17:14 ICT 2026 - Authentication set in SecurityContext for user: lequochoaiduc04@gmail.com
Sun Jul 05 14:17:14 ICT 2026 - === doFilterInternal END ===
Sun Jul 05 14:17:14 ICT 2026 - === doFilterInternal START ===
Sun Jul 05 14:17:14 ICT 2026 - Request URI: /api/quizzes/class/cb2d7889-00ac-48fc-88f1-17645c9cac4f
Sun Jul 05 14:17:14 ICT 2026 - Token found. Length: 1414
Sun Jul 05 14:17:14 ICT 2026 - Token validated successfully. Subject: dd9af4b6-c947-4a7c-a01b-b09d3dd76b2a
Sun Jul 05 14:17:14 ICT 2026 - User found in database: lequochoaiduc04@gmail.com | DB Role: 0 | Mapped Authority: ROLE_USER
Sun Jul 05 14:17:14 ICT 2026 - Authentication set in SecurityContext for user: lequochoaiduc04@gmail.com
Sun Jul 05 14:17:14 ICT 2026 - === doFilterInternal END ===
Sun Jul 05 14:17:14 ICT 2026 - User found in database: lequochoaiduc04@gmail.com | DB Role: 0 | Mapped Authority: ROLE_USER
Sun Jul 05 14:17:14 ICT 2026 - Authentication set in SecurityContext for user: lequochoaiduc04@gmail.com
Sun Jul 05 14:17:14 ICT 2026 - === doFilterInternal END ===
Sun Jul 05 14:17:14 ICT 2026 - User found in database: lequochoaiduc04@gmail.com | DB Role: 0 | Mapped Authority: ROLE_USER
Sun Jul 05 14:17:14 ICT 2026 - Authentication set in SecurityContext for user: lequochoaiduc04@gmail.com
Sun Jul 05 14:17:14 ICT 2026 - === doFilterInternal END ===
Sun Jul 05 14:17:14 ICT 2026 - === doFilterInternal START ===
Sun Jul 05 14:17:14 ICT 2026 - Request URI: /api/quizzes/class/bec12733-8902-4d6b-bebb-03c6a8643745
Sun Jul 05 14:17:14 ICT 2026 - Token found. Length: 1414
Sun Jul 05 14:17:14 ICT 2026 - Token validated successfully. Subject: dd9af4b6-c947-4a7c-a01b-b09d3dd76b2a
Sun Jul 05 14:17:14 ICT 2026 - === doFilterInternal START ===
Sun Jul 05 14:17:14 ICT 2026 - Request URI: /api/quiz-attempts/user/dd9af4b6-c947-4a7c-a01b-b09d3dd76b2a
Sun Jul 05 14:17:14 ICT 2026 - Token found. Length: 1414
Sun Jul 05 14:17:14 ICT 2026 - Token validated successfully. Subject: dd9af4b6-c947-4a7c-a01b-b09d3dd76b2a
Sun Jul 05 14:17:14 ICT 2026 - User found in database: lequochoaiduc04@gmail.com | DB Role: 0 | Mapped Authority: ROLE_USER
Sun Jul 05 14:17:14 ICT 2026 - Authentication set in SecurityContext for user: lequochoaiduc04@gmail.com
Sun Jul 05 14:17:14 ICT 2026 - === doFilterInternal END ===
Sun Jul 05 14:17:14 ICT 2026 - User found in database: lequochoaiduc04@gmail.com | DB Role: 0 | Mapped Authority: ROLE_USER
Sun Jul 05 14:17:14 ICT 2026 - Authentication set in SecurityContext for user: lequochoaiduc04@gmail.com
Sun Jul 05 14:17:14 ICT 2026 - === doFilterInternal END ===
Sun Jul 05 14:17:17 ICT 2026 - === doFilterInternal START ===
Sun Jul 05 14:17:17 ICT 2026 - Request URI: /api/chat/conversations/dd9af4b6-c947-4a7c-a01b-b09d3dd76b2a
Sun Jul 05 14:17:17 ICT 2026 - Token found. Length: 1414
Sun Jul 05 14:17:17 ICT 2026 - Token validated successfully. Subject: dd9af4b6-c947-4a7c-a01b-b09d3dd76b2a
Sun Jul 05 14:17:17 ICT 2026 - User found in database: lequochoaiduc04@gmail.com | DB Role: 0 | Mapped Authority: ROLE_USER
Sun Jul 05 14:17:17 ICT 2026 - Authentication set in SecurityContext for user: lequochoaiduc04@gmail.com
Sun Jul 05 14:17:17 ICT 2026 - === doFilterInternal END ===
Sun Jul 05 14:17:17 ICT 2026 - === doFilterInternal START ===
Sun Jul 05 14:17:17 ICT 2026 - Request URI: /api/chat/conversations/dd9af4b6-c947-4a7c-a01b-b09d3dd76b2a
Sun Jul 05 14:17:17 ICT 2026 - Token found. Length: 1414
Sun Jul 05 14:17:17 ICT 2026 - Token validated successfully. Subject: dd9af4b6-c947-4a7c-a01b-b09d3dd76b2a
Sun Jul 05 14:17:17 ICT 2026 - === doFilterInternal START ===
Sun Jul 05 14:17:17 ICT 2026 - Request URI: /api/chat/messages/ced0082a-f008-4882-9e42-74ea816feb7e
Sun Jul 05 14:17:17 ICT 2026 - === doFilterInternal START ===
Sun Jul 05 14:17:17 ICT 2026 - Request URI: /api/chat/messages/19103537-5d9e-4e4c-9c62-ef870548c044
Sun Jul 05 14:17:17 ICT 2026 - Token found. Length: 1414
Sun Jul 05 14:17:17 ICT 2026 - Token found. Length: 1414
Sun Jul 05 14:17:17 ICT 2026 - Token validated successfully. Subject: dd9af4b6-c947-4a7c-a01b-b09d3dd76b2a
Sun Jul 05 14:17:17 ICT 2026 - Token validated successfully. Subject: dd9af4b6-c947-4a7c-a01b-b09d3dd76b2a
Sun Jul 05 14:17:17 ICT 2026 - User found in database: lequochoaiduc04@gmail.com | DB Role: 0 | Mapped Authority: ROLE_USER
Sun Jul 05 14:17:17 ICT 2026 - Authentication set in SecurityContext for user: lequochoaiduc04@gmail.com
Sun Jul 05 14:17:17 ICT 2026 - === doFilterInternal END ===
Sun Jul 05 14:17:17 ICT 2026 - User found in database: lequochoaiduc04@gmail.com | DB Role: 0 | Mapped Authority: ROLE_USER
Sun Jul 05 14:17:17 ICT 2026 - User found in database: lequochoaiduc04@gmail.com | DB Role: 0 | Mapped Authority: ROLE_USER
Sun Jul 05 14:17:17 ICT 2026 - Authentication set in SecurityContext for user: lequochoaiduc04@gmail.com
Sun Jul 05 14:17:17 ICT 2026 - === doFilterInternal END ===
Sun Jul 05 14:17:17 ICT 2026 - Authentication set in SecurityContext for user: lequochoaiduc04@gmail.com
Sun Jul 05 14:17:17 ICT 2026 - === doFilterInternal END ===
Sun Jul 05 14:17:18 ICT 2026 - === doFilterInternal START ===
Sun Jul 05 14:17:18 ICT 2026 - Request URI: /api/chat/messages/19103537-5d9e-4e4c-9c62-ef870548c044
Sun Jul 05 14:17:18 ICT 2026 - === doFilterInternal START ===
Sun Jul 05 14:17:18 ICT 2026 - Request URI: /api/chat/messages/ced0082a-f008-4882-9e42-74ea816feb7e
Sun Jul 05 14:17:18 ICT 2026 - Token found. Length: 1414
Sun Jul 05 14:17:18 ICT 2026 - Token found. Length: 1414
Sun Jul 05 14:17:18 ICT 2026 - Token validated successfully. Subject: dd9af4b6-c947-4a7c-a01b-b09d3dd76b2a
Sun Jul 05 14:17:18 ICT 2026 - Token validated successfully. Subject: dd9af4b6-c947-4a7c-a01b-b09d3dd76b2a
Sun Jul 05 14:17:18 ICT 2026 - === doFilterInternal START ===
Sun Jul 05 14:17:18 ICT 2026 - Request URI: /api/chat/unread-count/b1f3d0f5-efee-46fa-9fdd-4ab81d4bd466
Sun Jul 05 14:17:18 ICT 2026 - Token found. Length: 1374
Sun Jul 05 14:17:18 ICT 2026 - Token validated successfully. Subject: b1f3d0f5-efee-46fa-9fdd-4ab81d4bd466
Sun Jul 05 14:17:18 ICT 2026 - User found in database: lequochoaiduc04@gmail.com | DB Role: 0 | Mapped Authority: ROLE_USER
Sun Jul 05 14:17:18 ICT 2026 - Authentication set in SecurityContext for user: lequochoaiduc04@gmail.com
Sun Jul 05 14:17:18 ICT 2026 - === doFilterInternal END ===
Sun Jul 05 14:17:18 ICT 2026 - User found in database: lequochoaiduc04@gmail.com | DB Role: 0 | Mapped Authority: ROLE_USER
Sun Jul 05 14:17:18 ICT 2026 - Authentication set in SecurityContext for user: lequochoaiduc04@gmail.com
Sun Jul 05 14:17:18 ICT 2026 - === doFilterInternal END ===
Sun Jul 05 14:17:18 ICT 2026 - User found in database: hoaiduclequoc@gmail.com | DB Role: 2 | Mapped Authority: ROLE_ADMIN
Sun Jul 05 14:17:18 ICT 2026 - Authentication set in SecurityContext for user: hoaiduclequoc@gmail.com
Sun Jul 05 14:17:18 ICT 2026 - === doFilterInternal END ===
Sun Jul 05 14:17:18 ICT 2026 - === doFilterInternal START ===
Sun Jul 05 14:17:18 ICT 2026 - Request URI: /api/chat/messages/ced0082a-f008-4882-9e42-74ea816feb7e
Sun Jul 05 14:17:18 ICT 2026 - Token found. Length: 1414
Sun Jul 05 14:17:18 ICT 2026 - Token validated successfully. Subject: dd9af4b6-c947-4a7c-a01b-b09d3dd76b2a
Sun Jul 05 14:17:18 ICT 2026 - === doFilterInternal START ===
Sun Jul 05 14:17:18 ICT 2026 - Request URI: /api/chat/mark-as-read
Sun Jul 05 14:17:18 ICT 2026 - Token found. Length: 1414
Sun Jul 05 14:17:18 ICT 2026 - Token validated successfully. Subject: dd9af4b6-c947-4a7c-a01b-b09d3dd76b2a
Sun Jul 05 14:17:18 ICT 2026 - User found in database: lequochoaiduc04@gmail.com | DB Role: 0 | Mapped Authority: ROLE_USER
Sun Jul 05 14:17:18 ICT 2026 - Authentication set in SecurityContext for user: lequochoaiduc04@gmail.com
Sun Jul 05 14:17:18 ICT 2026 - === doFilterInternal END ===
Sun Jul 05 14:17:18 ICT 2026 - User found in database: lequochoaiduc04@gmail.com | DB Role: 0 | Mapped Authority: ROLE_USER
Sun Jul 05 14:17:18 ICT 2026 - Authentication set in SecurityContext for user: lequochoaiduc04@gmail.com
Sun Jul 05 14:17:18 ICT 2026 - === doFilterInternal END ===
Sun Jul 05 14:17:19 ICT 2026 - === doFilterInternal START ===
Sun Jul 05 14:17:19 ICT 2026 - Request URI: /api/chat/unread-count/dd9af4b6-c947-4a7c-a01b-b09d3dd76b2a
Sun Jul 05 14:17:19 ICT 2026 - Token found. Length: 1414
Sun Jul 05 14:17:19 ICT 2026 - Token validated successfully. Subject: dd9af4b6-c947-4a7c-a01b-b09d3dd76b2a
Sun Jul 05 14:17:19 ICT 2026 - User found in database: lequochoaiduc04@gmail.com | DB Role: 0 | Mapped Authority: ROLE_USER
Sun Jul 05 14:17:19 ICT 2026 - Authentication set in SecurityContext for user: lequochoaiduc04@gmail.com
Sun Jul 05 14:17:19 ICT 2026 - === doFilterInternal END ===
Sun Jul 05 14:17:20 ICT 2026 - === doFilterInternal START ===
Sun Jul 05 14:17:20 ICT 2026 - Request URI: /api/chat/messages/19103537-5d9e-4e4c-9c62-ef870548c044
Sun Jul 05 14:17:20 ICT 2026 - === doFilterInternal START ===
Sun Jul 05 14:17:20 ICT 2026 - Request URI: /api/chat/mark-as-read
Sun Jul 05 14:17:20 ICT 2026 - Token found. Length: 1414
Sun Jul 05 14:17:20 ICT 2026 - Token found. Length: 1414
Sun Jul 05 14:17:20 ICT 2026 - Token validated successfully. Subject: dd9af4b6-c947-4a7c-a01b-b09d3dd76b2a
Sun Jul 05 14:17:20 ICT 2026 - Token validated successfully. Subject: dd9af4b6-c947-4a7c-a01b-b09d3dd76b2a
Sun Jul 05 14:17:20 ICT 2026 - User found in database: lequochoaiduc04@gmail.com | DB Role: 0 | Mapped Authority: ROLE_USER
Sun Jul 05 14:17:20 ICT 2026 - User found in database: lequochoaiduc04@gmail.com | DB Role: 0 | Mapped Authority: ROLE_USER
Sun Jul 05 14:17:20 ICT 2026 - Authentication set in SecurityContext for user: lequochoaiduc04@gmail.com
Sun Jul 05 14:17:20 ICT 2026 - === doFilterInternal END ===
Sun Jul 05 14:17:20 ICT 2026 - Authentication set in SecurityContext for user: lequochoaiduc04@gmail.com
Sun Jul 05 14:17:20 ICT 2026 - === doFilterInternal END ===
Sun Jul 05 14:17:20 ICT 2026 - === doFilterInternal START ===
Sun Jul 05 14:17:20 ICT 2026 - Request URI: /api/chat/unread-count/dd9af4b6-c947-4a7c-a01b-b09d3dd76b2a
Sun Jul 05 14:17:20 ICT 2026 - Token found. Length: 1414
Sun Jul 05 14:17:20 ICT 2026 - Token validated successfully. Subject: dd9af4b6-c947-4a7c-a01b-b09d3dd76b2a
Sun Jul 05 14:17:20 ICT 2026 - User found in database: lequochoaiduc04@gmail.com | DB Role: 0 | Mapped Authority: ROLE_USER
Sun Jul 05 14:17:20 ICT 2026 - Authentication set in SecurityContext for user: lequochoaiduc04@gmail.com
Sun Jul 05 14:17:20 ICT 2026 - === doFilterInternal END ===
Sun Jul 05 14:17:21 ICT 2026 - === doFilterInternal START ===
Sun Jul 05 14:17:21 ICT 2026 - Request URI: /api/chat/messages/ced0082a-f008-4882-9e42-74ea816feb7e
Sun Jul 05 14:17:21 ICT 2026 - === doFilterInternal START ===
Sun Jul 05 14:17:21 ICT 2026 - Request URI: /api/chat/mark-as-read
Sun Jul 05 14:17:21 ICT 2026 - Token found. Length: 1414
Sun Jul 05 14:17:21 ICT 2026 - Token found. Length: 1414
Sun Jul 05 14:17:21 ICT 2026 - Token validated successfully. Subject: dd9af4b6-c947-4a7c-a01b-b09d3dd76b2a
Sun Jul 05 14:17:21 ICT 2026 - Token validated successfully. Subject: dd9af4b6-c947-4a7c-a01b-b09d3dd76b2a
Sun Jul 05 14:17:21 ICT 2026 - User found in database: lequochoaiduc04@gmail.com | DB Role: 0 | Mapped Authority: ROLE_USER
Sun Jul 05 14:17:21 ICT 2026 - User found in database: lequochoaiduc04@gmail.com | DB Role: 0 | Mapped Authority: ROLE_USER
Sun Jul 05 14:17:21 ICT 2026 - Authentication set in SecurityContext for user: lequochoaiduc04@gmail.com
Sun Jul 05 14:17:21 ICT 2026 - === doFilterInternal END ===
Sun Jul 05 14:17:21 ICT 2026 - Authentication set in SecurityContext for user: lequochoaiduc04@gmail.com
Sun Jul 05 14:17:21 ICT 2026 - === doFilterInternal END ===
Sun Jul 05 14:17:21 ICT 2026 - === doFilterInternal START ===
Sun Jul 05 14:17:21 ICT 2026 - Request URI: /api/chat/unread-count/dd9af4b6-c947-4a7c-a01b-b09d3dd76b2a
Sun Jul 05 14:17:21 ICT 2026 - Token found. Length: 1414
Sun Jul 05 14:17:21 ICT 2026 - Token validated successfully. Subject: dd9af4b6-c947-4a7c-a01b-b09d3dd76b2a
Sun Jul 05 14:17:21 ICT 2026 - User found in database: lequochoaiduc04@gmail.com | DB Role: 0 | Mapped Authority: ROLE_USER
Sun Jul 05 14:17:21 ICT 2026 - Authentication set in SecurityContext for user: lequochoaiduc04@gmail.com
Sun Jul 05 14:17:21 ICT 2026 - === doFilterInternal END ===
Sun Jul 05 14:17:22 ICT 2026 - === doFilterInternal START ===
Sun Jul 05 14:17:22 ICT 2026 - Request URI: /api/chat/messages/19103537-5d9e-4e4c-9c62-ef870548c044
Sun Jul 05 14:17:22 ICT 2026 - === doFilterInternal START ===
Sun Jul 05 14:17:22 ICT 2026 - Request URI: /api/chat/mark-as-read
Sun Jul 05 14:17:22 ICT 2026 - Token found. Length: 1414
Sun Jul 05 14:17:22 ICT 2026 - Token found. Length: 1414
Sun Jul 05 14:17:22 ICT 2026 - Token validated successfully. Subject: dd9af4b6-c947-4a7c-a01b-b09d3dd76b2a
Sun Jul 05 14:17:22 ICT 2026 - Token validated successfully. Subject: dd9af4b6-c947-4a7c-a01b-b09d3dd76b2a
Sun Jul 05 14:17:22 ICT 2026 - User found in database: lequochoaiduc04@gmail.com | DB Role: 0 | Mapped Authority: ROLE_USER
Sun Jul 05 14:17:22 ICT 2026 - Authentication set in SecurityContext for user: lequochoaiduc04@gmail.com
Sun Jul 05 14:17:22 ICT 2026 - === doFilterInternal END ===
Sun Jul 05 14:17:22 ICT 2026 - User found in database: lequochoaiduc04@gmail.com | DB Role: 0 | Mapped Authority: ROLE_USER
Sun Jul 05 14:17:22 ICT 2026 - Authentication set in SecurityContext for user: lequochoaiduc04@gmail.com
Sun Jul 05 14:17:22 ICT 2026 - === doFilterInternal END ===
Sun Jul 05 14:17:22 ICT 2026 - === doFilterInternal START ===
Sun Jul 05 14:17:22 ICT 2026 - Request URI: /api/chat/unread-count/dd9af4b6-c947-4a7c-a01b-b09d3dd76b2a
Sun Jul 05 14:17:22 ICT 2026 - Token found. Length: 1414
Sun Jul 05 14:17:22 ICT 2026 - Token validated successfully. Subject: dd9af4b6-c947-4a7c-a01b-b09d3dd76b2a
Sun Jul 05 14:17:22 ICT 2026 - User found in database: lequochoaiduc04@gmail.com | DB Role: 0 | Mapped Authority: ROLE_USER
Sun Jul 05 14:17:22 ICT 2026 - Authentication set in SecurityContext for user: lequochoaiduc04@gmail.com
Sun Jul 05 14:17:22 ICT 2026 - === doFilterInternal END ===
Sun Jul 05 14:17:23 ICT 2026 - === doFilterInternal START ===
Sun Jul 05 14:17:23 ICT 2026 - Request URI: /api/chat/mark-as-read
Sun Jul 05 14:17:23 ICT 2026 - Token found. Length: 1414
Sun Jul 05 14:17:23 ICT 2026 - === doFilterInternal START ===
Sun Jul 05 14:17:23 ICT 2026 - Request URI: /api/chat/messages/ced0082a-f008-4882-9e42-74ea816feb7e
Sun Jul 05 14:17:23 ICT 2026 - Token found. Length: 1414
Sun Jul 05 14:17:23 ICT 2026 - Token validated successfully. Subject: dd9af4b6-c947-4a7c-a01b-b09d3dd76b2a
Sun Jul 05 14:17:23 ICT 2026 - Token validated successfully. Subject: dd9af4b6-c947-4a7c-a01b-b09d3dd76b2a
Sun Jul 05 14:17:23 ICT 2026 - User found in database: lequochoaiduc04@gmail.com | DB Role: 0 | Mapped Authority: ROLE_USER
Sun Jul 05 14:17:23 ICT 2026 - User found in database: lequochoaiduc04@gmail.com | DB Role: 0 | Mapped Authority: ROLE_USER
Sun Jul 05 14:17:23 ICT 2026 - Authentication set in SecurityContext for user: lequochoaiduc04@gmail.com
Sun Jul 05 14:17:23 ICT 2026 - === doFilterInternal END ===
Sun Jul 05 14:17:23 ICT 2026 - Authentication set in SecurityContext for user: lequochoaiduc04@gmail.com
Sun Jul 05 14:17:23 ICT 2026 - === doFilterInternal END ===
Sun Jul 05 14:17:23 ICT 2026 - === doFilterInternal START ===
Sun Jul 05 14:17:23 ICT 2026 - Request URI: /api/chat/unread-count/dd9af4b6-c947-4a7c-a01b-b09d3dd76b2a
Sun Jul 05 14:17:23 ICT 2026 - Token found. Length: 1414
Sun Jul 05 14:17:23 ICT 2026 - Token validated successfully. Subject: dd9af4b6-c947-4a7c-a01b-b09d3dd76b2a
Sun Jul 05 14:17:23 ICT 2026 - User found in database: lequochoaiduc04@gmail.com | DB Role: 0 | Mapped Authority: ROLE_USER
Sun Jul 05 14:17:23 ICT 2026 - Authentication set in SecurityContext for user: lequochoaiduc04@gmail.com
Sun Jul 05 14:17:23 ICT 2026 - === doFilterInternal END ===
Sun Jul 05 14:17:23 ICT 2026 - === doFilterInternal START ===
Sun Jul 05 14:17:23 ICT 2026 - Request URI: /api/chat/messages/19103537-5d9e-4e4c-9c62-ef870548c044
Sun Jul 05 14:17:23 ICT 2026 - === doFilterInternal START ===
Sun Jul 05 14:17:23 ICT 2026 - Request URI: /api/chat/mark-as-read
Sun Jul 05 14:17:23 ICT 2026 - Token found. Length: 1414
Sun Jul 05 14:17:23 ICT 2026 - Token found. Length: 1414
Sun Jul 05 14:17:23 ICT 2026 - Token validated successfully. Subject: dd9af4b6-c947-4a7c-a01b-b09d3dd76b2a
Sun Jul 05 14:17:23 ICT 2026 - Token validated successfully. Subject: dd9af4b6-c947-4a7c-a01b-b09d3dd76b2a
Sun Jul 05 14:17:23 ICT 2026 - === doFilterInternal START ===
Sun Jul 05 14:17:23 ICT 2026 - Request URI: /api/chat/unread-count/dd9af4b6-c947-4a7c-a01b-b09d3dd76b2a
Sun Jul 05 14:17:23 ICT 2026 - Token found. Length: 1414
Sun Jul 05 14:17:23 ICT 2026 - Token validated successfully. Subject: dd9af4b6-c947-4a7c-a01b-b09d3dd76b2a
Sun Jul 05 14:17:23 ICT 2026 - User found in database: lequochoaiduc04@gmail.com | DB Role: 0 | Mapped Authority: ROLE_USER
Sun Jul 05 14:17:23 ICT 2026 - Authentication set in SecurityContext for user: lequochoaiduc04@gmail.com
Sun Jul 05 14:17:23 ICT 2026 - === doFilterInternal END ===
Sun Jul 05 14:17:23 ICT 2026 - User found in database: lequochoaiduc04@gmail.com | DB Role: 0 | Mapped Authority: ROLE_USER
Sun Jul 05 14:17:23 ICT 2026 - Authentication set in SecurityContext for user: lequochoaiduc04@gmail.com
Sun Jul 05 14:17:23 ICT 2026 - === doFilterInternal END ===
Sun Jul 05 14:17:23 ICT 2026 - === doFilterInternal START ===
Sun Jul 05 14:17:23 ICT 2026 - Request URI: /api/streaks/dd9af4b6-c947-4a7c-a01b-b09d3dd76b2a/update
Sun Jul 05 14:17:23 ICT 2026 - Token found. Length: 1414
Sun Jul 05 14:17:23 ICT 2026 - Token validated successfully. Subject: dd9af4b6-c947-4a7c-a01b-b09d3dd76b2a
Sun Jul 05 14:17:23 ICT 2026 - User found in database: lequochoaiduc04@gmail.com | DB Role: 0 | Mapped Authority: ROLE_USER
Sun Jul 05 14:17:23 ICT 2026 - Authentication set in SecurityContext for user: lequochoaiduc04@gmail.com
Sun Jul 05 14:17:23 ICT 2026 - === doFilterInternal END ===
Sun Jul 05 14:17:24 ICT 2026 - User found in database: lequochoaiduc04@gmail.com | DB Role: 0 | Mapped Authority: ROLE_USER
Sun Jul 05 14:17:24 ICT 2026 - Authentication set in SecurityContext for user: lequochoaiduc04@gmail.com
Sun Jul 05 14:17:24 ICT 2026 - === doFilterInternal END ===
Sun Jul 05 14:17:24 ICT 2026 - === doFilterInternal START ===
Sun Jul 05 14:17:24 ICT 2026 - Request URI: /api/chat/unread-count/dd9af4b6-c947-4a7c-a01b-b09d3dd76b2a
Sun Jul 05 14:17:24 ICT 2026 - Token found. Length: 1414
Sun Jul 05 14:17:24 ICT 2026 - Token validated successfully. Subject: dd9af4b6-c947-4a7c-a01b-b09d3dd76b2a
Sun Jul 05 14:17:24 ICT 2026 - === doFilterInternal START ===
Sun Jul 05 14:17:24 ICT 2026 - Request URI: /api/chat/messages/ced0082a-f008-4882-9e42-74ea816feb7e
Sun Jul 05 14:17:24 ICT 2026 - === doFilterInternal START ===
Sun Jul 05 14:17:24 ICT 2026 - Request URI: /api/chat/mark-as-read
Sun Jul 05 14:17:24 ICT 2026 - Token found. Length: 1414
Sun Jul 05 14:17:24 ICT 2026 - Token found. Length: 1414
Sun Jul 05 14:17:24 ICT 2026 - Token validated successfully. Subject: dd9af4b6-c947-4a7c-a01b-b09d3dd76b2a
Sun Jul 05 14:17:24 ICT 2026 - Token validated successfully. Subject: dd9af4b6-c947-4a7c-a01b-b09d3dd76b2a
Sun Jul 05 14:17:24 ICT 2026 - User found in database: lequochoaiduc04@gmail.com | DB Role: 0 | Mapped Authority: ROLE_USER
Sun Jul 05 14:17:24 ICT 2026 - Authentication set in SecurityContext for user: lequochoaiduc04@gmail.com
Sun Jul 05 14:17:24 ICT 2026 - === doFilterInternal END ===
Sun Jul 05 14:17:24 ICT 2026 - User found in database: lequochoaiduc04@gmail.com | DB Role: 0 | Mapped Authority: ROLE_USER
Sun Jul 05 14:17:24 ICT 2026 - Authentication set in SecurityContext for user: lequochoaiduc04@gmail.com
Sun Jul 05 14:17:24 ICT 2026 - === doFilterInternal END ===
Sun Jul 05 14:17:24 ICT 2026 - User found in database: lequochoaiduc04@gmail.com | DB Role: 0 | Mapped Authority: ROLE_USER
Sun Jul 05 14:17:24 ICT 2026 - Authentication set in SecurityContext for user: lequochoaiduc04@gmail.com
Sun Jul 05 14:17:24 ICT 2026 - === doFilterInternal END ===
Sun Jul 05 14:17:24 ICT 2026 - === doFilterInternal START ===
Sun Jul 05 14:17:24 ICT 2026 - Request URI: /api/chat/unread-count/dd9af4b6-c947-4a7c-a01b-b09d3dd76b2a
Sun Jul 05 14:17:24 ICT 2026 - Token found. Length: 1414
Sun Jul 05 14:17:24 ICT 2026 - Token validated successfully. Subject: dd9af4b6-c947-4a7c-a01b-b09d3dd76b2a
Sun Jul 05 14:17:24 ICT 2026 - === doFilterInternal START ===
Sun Jul 05 14:17:24 ICT 2026 - Request URI: /api/chat/messages/19103537-5d9e-4e4c-9c62-ef870548c044
Sun Jul 05 14:17:24 ICT 2026 - === doFilterInternal START ===
Sun Jul 05 14:17:24 ICT 2026 - Request URI: /api/chat/mark-as-read
Sun Jul 05 14:17:24 ICT 2026 - Token found. Length: 1414
Sun Jul 05 14:17:24 ICT 2026 - Token found. Length: 1414
Sun Jul 05 14:17:24 ICT 2026 - Token validated successfully. Subject: dd9af4b6-c947-4a7c-a01b-b09d3dd76b2a
Sun Jul 05 14:17:24 ICT 2026 - Token validated successfully. Subject: dd9af4b6-c947-4a7c-a01b-b09d3dd76b2a
Sun Jul 05 14:17:24 ICT 2026 - User found in database: lequochoaiduc04@gmail.com | DB Role: 0 | Mapped Authority: ROLE_USER
Sun Jul 05 14:17:24 ICT 2026 - Authentication set in SecurityContext for user: lequochoaiduc04@gmail.com
Sun Jul 05 14:17:24 ICT 2026 - === doFilterInternal END ===
Sun Jul 05 14:17:24 ICT 2026 - User found in database: lequochoaiduc04@gmail.com | DB Role: 0 | Mapped Authority: ROLE_USER
Sun Jul 05 14:17:24 ICT 2026 - Authentication set in SecurityContext for user: lequochoaiduc04@gmail.com
Sun Jul 05 14:17:24 ICT 2026 - === doFilterInternal END ===
Sun Jul 05 14:17:24 ICT 2026 - User found in database: lequochoaiduc04@gmail.com | DB Role: 0 | Mapped Authority: ROLE_USER
Sun Jul 05 14:17:24 ICT 2026 - Authentication set in SecurityContext for user: lequochoaiduc04@gmail.com
Sun Jul 05 14:17:24 ICT 2026 - === doFilterInternal END ===
Sun Jul 05 14:17:24 ICT 2026 - === doFilterInternal START ===
Sun Jul 05 14:17:24 ICT 2026 - Request URI: /api/chat/messages/ced0082a-f008-4882-9e42-74ea816feb7e
Sun Jul 05 14:17:24 ICT 2026 - === doFilterInternal START ===
Sun Jul 05 14:17:24 ICT 2026 - Request URI: /api/chat/mark-as-read
Sun Jul 05 14:17:24 ICT 2026 - Token found. Length: 1414
Sun Jul 05 14:17:24 ICT 2026 - Token found. Length: 1414
Sun Jul 05 14:17:24 ICT 2026 - Token validated successfully. Subject: dd9af4b6-c947-4a7c-a01b-b09d3dd76b2a
Sun Jul 05 14:17:24 ICT 2026 - Token validated successfully. Subject: dd9af4b6-c947-4a7c-a01b-b09d3dd76b2a
Sun Jul 05 14:17:24 ICT 2026 - === doFilterInternal START ===
Sun Jul 05 14:17:24 ICT 2026 - Request URI: /api/chat/unread-count/dd9af4b6-c947-4a7c-a01b-b09d3dd76b2a
Sun Jul 05 14:17:24 ICT 2026 - Token found. Length: 1414
Sun Jul 05 14:17:24 ICT 2026 - Token validated successfully. Subject: dd9af4b6-c947-4a7c-a01b-b09d3dd76b2a
Sun Jul 05 14:17:24 ICT 2026 - User found in database: lequochoaiduc04@gmail.com | DB Role: 0 | Mapped Authority: ROLE_USER
Sun Jul 05 14:17:24 ICT 2026 - Authentication set in SecurityContext for user: lequochoaiduc04@gmail.com
Sun Jul 05 14:17:24 ICT 2026 - === doFilterInternal END ===
Sun Jul 05 14:17:24 ICT 2026 - User found in database: lequochoaiduc04@gmail.com | DB Role: 0 | Mapped Authority: ROLE_USER
Sun Jul 05 14:17:24 ICT 2026 - Authentication set in SecurityContext for user: lequochoaiduc04@gmail.com
Sun Jul 05 14:17:24 ICT 2026 - === doFilterInternal END ===
Sun Jul 05 14:17:24 ICT 2026 - User found in database: lequochoaiduc04@gmail.com | DB Role: 0 | Mapped Authority: ROLE_USER
Sun Jul 05 14:17:24 ICT 2026 - Authentication set in SecurityContext for user: lequochoaiduc04@gmail.com
Sun Jul 05 14:17:24 ICT 2026 - === doFilterInternal END ===
Sun Jul 05 14:17:25 ICT 2026 - === doFilterInternal START ===
Sun Jul 05 14:17:25 ICT 2026 - Request URI: /api/chat/messages/19103537-5d9e-4e4c-9c62-ef870548c044
Sun Jul 05 14:17:25 ICT 2026 - === doFilterInternal START ===
Sun Jul 05 14:17:25 ICT 2026 - Request URI: /api/chat/unread-count/dd9af4b6-c947-4a7c-a01b-b09d3dd76b2a
Sun Jul 05 14:17:25 ICT 2026 - === doFilterInternal START ===
Sun Jul 05 14:17:25 ICT 2026 - Request URI: /api/chat/mark-as-read
Sun Jul 05 14:17:25 ICT 2026 - Token found. Length: 1414
Sun Jul 05 14:17:25 ICT 2026 - Token found. Length: 1414
Sun Jul 05 14:17:25 ICT 2026 - Token found. Length: 1414
Sun Jul 05 14:17:25 ICT 2026 - Token validated successfully. Subject: dd9af4b6-c947-4a7c-a01b-b09d3dd76b2a
Sun Jul 05 14:17:25 ICT 2026 - Token validated successfully. Subject: dd9af4b6-c947-4a7c-a01b-b09d3dd76b2a
Sun Jul 05 14:17:25 ICT 2026 - Token validated successfully. Subject: dd9af4b6-c947-4a7c-a01b-b09d3dd76b2a
Sun Jul 05 14:17:25 ICT 2026 - === doFilterInternal START ===
Sun Jul 05 14:17:25 ICT 2026 - Request URI: /api/chat/messages/ced0082a-f008-4882-9e42-74ea816feb7e
Sun Jul 05 14:17:25 ICT 2026 - === doFilterInternal START ===
Sun Jul 05 14:17:25 ICT 2026 - Request URI: /api/chat/mark-as-read
Sun Jul 05 14:17:25 ICT 2026 - Token found. Length: 1414
Sun Jul 05 14:17:25 ICT 2026 - Token found. Length: 1414
Sun Jul 05 14:17:25 ICT 2026 - Token validated successfully. Subject: dd9af4b6-c947-4a7c-a01b-b09d3dd76b2a
Sun Jul 05 14:17:25 ICT 2026 - Token validated successfully. Subject: dd9af4b6-c947-4a7c-a01b-b09d3dd76b2a
Sun Jul 05 14:17:25 ICT 2026 - User found in database: lequochoaiduc04@gmail.com | DB Role: 0 | Mapped Authority: ROLE_USER
Sun Jul 05 14:17:25 ICT 2026 - User found in database: lequochoaiduc04@gmail.com | DB Role: 0 | Mapped Authority: ROLE_USER
Sun Jul 05 14:17:25 ICT 2026 - User found in database: lequochoaiduc04@gmail.com | DB Role: 0 | Mapped Authority: ROLE_USER
Sun Jul 05 14:17:25 ICT 2026 - Authentication set in SecurityContext for user: lequochoaiduc04@gmail.com
Sun Jul 05 14:17:25 ICT 2026 - === doFilterInternal END ===
Sun Jul 05 14:17:25 ICT 2026 - User found in database: lequochoaiduc04@gmail.com | DB Role: 0 | Mapped Authority: ROLE_USER
Sun Jul 05 14:17:25 ICT 2026 - Authentication set in SecurityContext for user: lequochoaiduc04@gmail.com
Sun Jul 05 14:17:25 ICT 2026 - === doFilterInternal END ===
Sun Jul 05 14:17:25 ICT 2026 - Authentication set in SecurityContext for user: lequochoaiduc04@gmail.com
Sun Jul 05 14:17:25 ICT 2026 - === doFilterInternal END ===
Sun Jul 05 14:17:25 ICT 2026 - Authentication set in SecurityContext for user: lequochoaiduc04@gmail.com
Sun Jul 05 14:17:25 ICT 2026 - === doFilterInternal END ===
Sun Jul 05 14:17:25 ICT 2026 - User found in database: lequochoaiduc04@gmail.com | DB Role: 0 | Mapped Authority: ROLE_USER
Sun Jul 05 14:17:25 ICT 2026 - Authentication set in SecurityContext for user: lequochoaiduc04@gmail.com
Sun Jul 05 14:17:25 ICT 2026 - === doFilterInternal END ===
Sun Jul 05 14:17:25 ICT 2026 - === doFilterInternal START ===
Sun Jul 05 14:17:25 ICT 2026 - Request URI: /api/chat/mark-as-read
Sun Jul 05 14:17:25 ICT 2026 - Token found. Length: 1414
Sun Jul 05 14:17:25 ICT 2026 - Token validated successfully. Subject: dd9af4b6-c947-4a7c-a01b-b09d3dd76b2a
Sun Jul 05 14:17:25 ICT 2026 - === doFilterInternal START ===
Sun Jul 05 14:17:25 ICT 2026 - Request URI: /api/chat/messages/19103537-5d9e-4e4c-9c62-ef870548c044
Sun Jul 05 14:17:25 ICT 2026 - Token found. Length: 1414
Sun Jul 05 14:17:25 ICT 2026 - Token validated successfully. Subject: dd9af4b6-c947-4a7c-a01b-b09d3dd76b2a
Sun Jul 05 14:17:25 ICT 2026 - === doFilterInternal START ===
Sun Jul 05 14:17:25 ICT 2026 - Request URI: /api/chat/unread-count/dd9af4b6-c947-4a7c-a01b-b09d3dd76b2a
Sun Jul 05 14:17:25 ICT 2026 - Token found. Length: 1414
Sun Jul 05 14:17:25 ICT 2026 - Token validated successfully. Subject: dd9af4b6-c947-4a7c-a01b-b09d3dd76b2a
Sun Jul 05 14:17:25 ICT 2026 - User found in database: lequochoaiduc04@gmail.com | DB Role: 0 | Mapped Authority: ROLE_USER
Sun Jul 05 14:17:25 ICT 2026 - Authentication set in SecurityContext for user: lequochoaiduc04@gmail.com
Sun Jul 05 14:17:25 ICT 2026 - === doFilterInternal END ===
Sun Jul 05 14:17:25 ICT 2026 - User found in database: lequochoaiduc04@gmail.com | DB Role: 0 | Mapped Authority: ROLE_USER
Sun Jul 05 14:17:25 ICT 2026 - Authentication set in SecurityContext for user: lequochoaiduc04@gmail.com
Sun Jul 05 14:17:25 ICT 2026 - === doFilterInternal END ===
Sun Jul 05 14:17:25 ICT 2026 - User found in database: lequochoaiduc04@gmail.com | DB Role: 0 | Mapped Authority: ROLE_USER
Sun Jul 05 14:17:25 ICT 2026 - Authentication set in SecurityContext for user: lequochoaiduc04@gmail.com
Sun Jul 05 14:17:25 ICT 2026 - === doFilterInternal END ===
Sun Jul 05 14:17:25 ICT 2026 - === doFilterInternal START ===
Sun Jul 05 14:17:25 ICT 2026 - Request URI: /api/chat/messages/ced0082a-f008-4882-9e42-74ea816feb7e
Sun Jul 05 14:17:25 ICT 2026 - === doFilterInternal START ===
Sun Jul 05 14:17:25 ICT 2026 - Request URI: /api/chat/mark-as-read
Sun Jul 05 14:17:25 ICT 2026 - Token found. Length: 1414
Sun Jul 05 14:17:25 ICT 2026 - Token found. Length: 1414
Sun Jul 05 14:17:25 ICT 2026 - Token validated successfully. Subject: dd9af4b6-c947-4a7c-a01b-b09d3dd76b2a
Sun Jul 05 14:17:25 ICT 2026 - Token validated successfully. Subject: dd9af4b6-c947-4a7c-a01b-b09d3dd76b2a
Sun Jul 05 14:17:26 ICT 2026 - User found in database: lequochoaiduc04@gmail.com | DB Role: 0 | Mapped Authority: ROLE_USER
Sun Jul 05 14:17:26 ICT 2026 - User found in database: lequochoaiduc04@gmail.com | DB Role: 0 | Mapped Authority: ROLE_USER
Sun Jul 05 14:17:26 ICT 2026 - Authentication set in SecurityContext for user: lequochoaiduc04@gmail.com
Sun Jul 05 14:17:26 ICT 2026 - === doFilterInternal END ===
Sun Jul 05 14:17:26 ICT 2026 - Authentication set in SecurityContext for user: lequochoaiduc04@gmail.com
Sun Jul 05 14:17:26 ICT 2026 - === doFilterInternal END ===
Sun Jul 05 14:17:26 ICT 2026 - === doFilterInternal START ===
Sun Jul 05 14:17:26 ICT 2026 - Request URI: /api/chat/messages/19103537-5d9e-4e4c-9c62-ef870548c044
Sun Jul 05 14:17:26 ICT 2026 - === doFilterInternal START ===
Sun Jul 05 14:17:26 ICT 2026 - Request URI: /api/chat/mark-as-read
Sun Jul 05 14:17:26 ICT 2026 - Token found. Length: 1414
Sun Jul 05 14:17:26 ICT 2026 - Token found. Length: 1414
Sun Jul 05 14:17:26 ICT 2026 - Token validated successfully. Subject: dd9af4b6-c947-4a7c-a01b-b09d3dd76b2a
Sun Jul 05 14:17:26 ICT 2026 - Token validated successfully. Subject: dd9af4b6-c947-4a7c-a01b-b09d3dd76b2a
Sun Jul 05 14:17:26 ICT 2026 - User found in database: lequochoaiduc04@gmail.com | DB Role: 0 | Mapped Authority: ROLE_USER
Sun Jul 05 14:17:26 ICT 2026 - User found in database: lequochoaiduc04@gmail.com | DB Role: 0 | Mapped Authority: ROLE_USER
Sun Jul 05 14:17:26 ICT 2026 - Authentication set in SecurityContext for user: lequochoaiduc04@gmail.com
Sun Jul 05 14:17:26 ICT 2026 - === doFilterInternal END ===
Sun Jul 05 14:17:26 ICT 2026 - Authentication set in SecurityContext for user: lequochoaiduc04@gmail.com
Sun Jul 05 14:17:26 ICT 2026 - === doFilterInternal END ===
Sun Jul 05 14:17:26 ICT 2026 - === doFilterInternal START ===
Sun Jul 05 14:17:26 ICT 2026 - Request URI: /api/chat/unread-count/dd9af4b6-c947-4a7c-a01b-b09d3dd76b2a
Sun Jul 05 14:17:26 ICT 2026 - Token found. Length: 1414
Sun Jul 05 14:17:26 ICT 2026 - Token validated successfully. Subject: dd9af4b6-c947-4a7c-a01b-b09d3dd76b2a
Sun Jul 05 14:17:26 ICT 2026 - === doFilterInternal START ===
Sun Jul 05 14:17:26 ICT 2026 - Request URI: /api/chat/messages/ced0082a-f008-4882-9e42-74ea816feb7e
Sun Jul 05 14:17:26 ICT 2026 - === doFilterInternal START ===
Sun Jul 05 14:17:26 ICT 2026 - Request URI: /api/chat/mark-as-read
Sun Jul 05 14:17:26 ICT 2026 - Token found. Length: 1414
Sun Jul 05 14:17:26 ICT 2026 - Token found. Length: 1414
Sun Jul 05 14:17:26 ICT 2026 - Token validated successfully. Subject: dd9af4b6-c947-4a7c-a01b-b09d3dd76b2a
Sun Jul 05 14:17:26 ICT 2026 - Token validated successfully. Subject: dd9af4b6-c947-4a7c-a01b-b09d3dd76b2a
Sun Jul 05 14:17:26 ICT 2026 - User found in database: lequochoaiduc04@gmail.com | DB Role: 0 | Mapped Authority: ROLE_USER
Sun Jul 05 14:17:26 ICT 2026 - Authentication set in SecurityContext for user: lequochoaiduc04@gmail.com
Sun Jul 05 14:17:26 ICT 2026 - === doFilterInternal END ===
Sun Jul 05 14:17:26 ICT 2026 - User found in database: lequochoaiduc04@gmail.com | DB Role: 0 | Mapped Authority: ROLE_USER
Sun Jul 05 14:17:26 ICT 2026 - User found in database: lequochoaiduc04@gmail.com | DB Role: 0 | Mapped Authority: ROLE_USER
Sun Jul 05 14:17:26 ICT 2026 - Authentication set in SecurityContext for user: lequochoaiduc04@gmail.com
Sun Jul 05 14:17:26 ICT 2026 - === doFilterInternal END ===
Sun Jul 05 14:17:26 ICT 2026 - Authentication set in SecurityContext for user: lequochoaiduc04@gmail.com
Sun Jul 05 14:17:26 ICT 2026 - === doFilterInternal END ===
Sun Jul 05 14:17:26 ICT 2026 - === doFilterInternal START ===
Sun Jul 05 14:17:26 ICT 2026 - Request URI: /api/chat/messages/19103537-5d9e-4e4c-9c62-ef870548c044
Sun Jul 05 14:17:26 ICT 2026 - === doFilterInternal START ===
Sun Jul 05 14:17:26 ICT 2026 - Request URI: /api/chat/mark-as-read
Sun Jul 05 14:17:26 ICT 2026 - Token found. Length: 1414
Sun Jul 05 14:17:26 ICT 2026 - Token found. Length: 1414
Sun Jul 05 14:17:26 ICT 2026 - Token validated successfully. Subject: dd9af4b6-c947-4a7c-a01b-b09d3dd76b2a
Sun Jul 05 14:17:26 ICT 2026 - Token validated successfully. Subject: dd9af4b6-c947-4a7c-a01b-b09d3dd76b2a
Sun Jul 05 14:17:26 ICT 2026 - User found in database: lequochoaiduc04@gmail.com | DB Role: 0 | Mapped Authority: ROLE_USER
Sun Jul 05 14:17:26 ICT 2026 - User found in database: lequochoaiduc04@gmail.com | DB Role: 0 | Mapped Authority: ROLE_USER
Sun Jul 05 14:17:26 ICT 2026 - Authentication set in SecurityContext for user: lequochoaiduc04@gmail.com
Sun Jul 05 14:17:26 ICT 2026 - === doFilterInternal END ===
Sun Jul 05 14:17:26 ICT 2026 - Authentication set in SecurityContext for user: lequochoaiduc04@gmail.com
Sun Jul 05 14:17:26 ICT 2026 - === doFilterInternal END ===
Sun Jul 05 14:17:27 ICT 2026 - === doFilterInternal START ===
Sun Jul 05 14:17:27 ICT 2026 - Request URI: /api/chat/unread-count/dd9af4b6-c947-4a7c-a01b-b09d3dd76b2a
Sun Jul 05 14:17:27 ICT 2026 - Token found. Length: 1414
Sun Jul 05 14:17:27 ICT 2026 - Token validated successfully. Subject: dd9af4b6-c947-4a7c-a01b-b09d3dd76b2a
Sun Jul 05 14:17:27 ICT 2026 - === doFilterInternal START ===
Sun Jul 05 14:17:27 ICT 2026 - Request URI: /api/chat/messages/ced0082a-f008-4882-9e42-74ea816feb7e
Sun Jul 05 14:17:27 ICT 2026 - === doFilterInternal START ===
Sun Jul 05 14:17:27 ICT 2026 - Request URI: /api/chat/mark-as-read
Sun Jul 05 14:17:27 ICT 2026 - Token found. Length: 1414
Sun Jul 05 14:17:27 ICT 2026 - Token found. Length: 1414
Sun Jul 05 14:17:27 ICT 2026 - Token validated successfully. Subject: dd9af4b6-c947-4a7c-a01b-b09d3dd76b2a
Sun Jul 05 14:17:27 ICT 2026 - Token validated successfully. Subject: dd9af4b6-c947-4a7c-a01b-b09d3dd76b2a
Sun Jul 05 14:17:27 ICT 2026 - === doFilterInternal START ===
Sun Jul 05 14:17:27 ICT 2026 - Request URI: /api/chat/conversations/dd9af4b6-c947-4a7c-a01b-b09d3dd76b2a
Sun Jul 05 14:17:27 ICT 2026 - Token found. Length: 1414
Sun Jul 05 14:17:27 ICT 2026 - Token validated successfully. Subject: dd9af4b6-c947-4a7c-a01b-b09d3dd76b2a
Sun Jul 05 14:17:27 ICT 2026 - User found in database: lequochoaiduc04@gmail.com | DB Role: 0 | Mapped Authority: ROLE_USER
Sun Jul 05 14:17:27 ICT 2026 - User found in database: lequochoaiduc04@gmail.com | DB Role: 0 | Mapped Authority: ROLE_USER
Sun Jul 05 14:17:27 ICT 2026 - User found in database: lequochoaiduc04@gmail.com | DB Role: 0 | Mapped Authority: ROLE_USER
Sun Jul 05 14:17:27 ICT 2026 - Authentication set in SecurityContext for user: lequochoaiduc04@gmail.com
Sun Jul 05 14:17:27 ICT 2026 - === doFilterInternal END ===
Sun Jul 05 14:17:27 ICT 2026 - Authentication set in SecurityContext for user: lequochoaiduc04@gmail.com
Sun Jul 05 14:17:27 ICT 2026 - === doFilterInternal END ===
Sun Jul 05 14:17:27 ICT 2026 - Authentication set in SecurityContext for user: lequochoaiduc04@gmail.com
Sun Jul 05 14:17:27 ICT 2026 - === doFilterInternal END ===
Sun Jul 05 14:17:27 ICT 2026 - User found in database: lequochoaiduc04@gmail.com | DB Role: 0 | Mapped Authority: ROLE_USER
Sun Jul 05 14:17:27 ICT 2026 - Authentication set in SecurityContext for user: lequochoaiduc04@gmail.com
Sun Jul 05 14:17:27 ICT 2026 - === doFilterInternal END ===
Sun Jul 05 14:17:27 ICT 2026 - === doFilterInternal START ===
Sun Jul 05 14:17:27 ICT 2026 - Request URI: /api/chat/unread-count/dd9af4b6-c947-4a7c-a01b-b09d3dd76b2a
Sun Jul 05 14:17:27 ICT 2026 - Token found. Length: 1414
Sun Jul 05 14:17:27 ICT 2026 - Token validated successfully. Subject: dd9af4b6-c947-4a7c-a01b-b09d3dd76b2a
Sun Jul 05 14:17:27 ICT 2026 - === doFilterInternal START ===
Sun Jul 05 14:17:27 ICT 2026 - Request URI: /api/chat/messages/19103537-5d9e-4e4c-9c62-ef870548c044
Sun Jul 05 14:17:27 ICT 2026 - === doFilterInternal START ===
Sun Jul 05 14:17:27 ICT 2026 - Request URI: /api/chat/mark-as-read
Sun Jul 05 14:17:27 ICT 2026 - Token found. Length: 1414
Sun Jul 05 14:17:27 ICT 2026 - Token found. Length: 1414
Sun Jul 05 14:17:27 ICT 2026 - Token validated successfully. Subject: dd9af4b6-c947-4a7c-a01b-b09d3dd76b2a
Sun Jul 05 14:17:27 ICT 2026 - Token validated successfully. Subject: dd9af4b6-c947-4a7c-a01b-b09d3dd76b2a
Sun Jul 05 14:17:27 ICT 2026 - User found in database: lequochoaiduc04@gmail.com | DB Role: 0 | Mapped Authority: ROLE_USER
Sun Jul 05 14:17:27 ICT 2026 - Authentication set in SecurityContext for user: lequochoaiduc04@gmail.com
Sun Jul 05 14:17:27 ICT 2026 - === doFilterInternal END ===
Sun Jul 05 14:17:27 ICT 2026 - User found in database: lequochoaiduc04@gmail.com | DB Role: 0 | Mapped Authority: ROLE_USER
Sun Jul 05 14:17:27 ICT 2026 - User found in database: lequochoaiduc04@gmail.com | DB Role: 0 | Mapped Authority: ROLE_USER
Sun Jul 05 14:17:27 ICT 2026 - Authentication set in SecurityContext for user: lequochoaiduc04@gmail.com
Sun Jul 05 14:17:27 ICT 2026 - === doFilterInternal END ===
Sun Jul 05 14:17:27 ICT 2026 - Authentication set in SecurityContext for user: lequochoaiduc04@gmail.com
Sun Jul 05 14:17:27 ICT 2026 - === doFilterInternal END ===
Sun Jul 05 14:17:27 ICT 2026 - === doFilterInternal START ===
Sun Jul 05 14:17:27 ICT 2026 - Request URI: /api/chat/messages/ced0082a-f008-4882-9e42-74ea816feb7e
Sun Jul 05 14:17:27 ICT 2026 - Token found. Length: 1414
Sun Jul 05 14:17:27 ICT 2026 - Token validated successfully. Subject: dd9af4b6-c947-4a7c-a01b-b09d3dd76b2a
Sun Jul 05 14:17:27 ICT 2026 - === doFilterInternal START ===
Sun Jul 05 14:17:27 ICT 2026 - Request URI: /api/chat/unread-count/dd9af4b6-c947-4a7c-a01b-b09d3dd76b2a
Sun Jul 05 14:17:27 ICT 2026 - === doFilterInternal START ===
Sun Jul 05 14:17:27 ICT 2026 - Request URI: /api/chat/messages/19103537-5d9e-4e4c-9c62-ef870548c044
Sun Jul 05 14:17:27 ICT 2026 - Token found. Length: 1414
Sun Jul 05 14:17:27 ICT 2026 - Token found. Length: 1414
Sun Jul 05 14:17:27 ICT 2026 - Token validated successfully. Subject: dd9af4b6-c947-4a7c-a01b-b09d3dd76b2a
Sun Jul 05 14:17:27 ICT 2026 - Token validated successfully. Subject: dd9af4b6-c947-4a7c-a01b-b09d3dd76b2a
Sun Jul 05 14:17:27 ICT 2026 - User found in database: lequochoaiduc04@gmail.com | DB Role: 0 | Mapped Authority: ROLE_USER
Sun Jul 05 14:17:27 ICT 2026 - Authentication set in SecurityContext for user: lequochoaiduc04@gmail.com
Sun Jul 05 14:17:27 ICT 2026 - === doFilterInternal END ===
Sun Jul 05 14:17:28 ICT 2026 - User found in database: lequochoaiduc04@gmail.com | DB Role: 0 | Mapped Authority: ROLE_USER
Sun Jul 05 14:17:28 ICT 2026 - Authentication set in SecurityContext for user: lequochoaiduc04@gmail.com
Sun Jul 05 14:17:28 ICT 2026 - === doFilterInternal END ===
Sun Jul 05 14:17:28 ICT 2026 - === doFilterInternal START ===
Sun Jul 05 14:17:28 ICT 2026 - Request URI: /api/chat/messages/ced0082a-f008-4882-9e42-74ea816feb7e
Sun Jul 05 14:17:28 ICT 2026 - === doFilterInternal START ===
Sun Jul 05 14:17:28 ICT 2026 - Request URI: /api/chat/mark-as-read
Sun Jul 05 14:17:28 ICT 2026 - Token found. Length: 1414
Sun Jul 05 14:17:28 ICT 2026 - Token found. Length: 1414
Sun Jul 05 14:17:28 ICT 2026 - Token validated successfully. Subject: dd9af4b6-c947-4a7c-a01b-b09d3dd76b2a
Sun Jul 05 14:17:28 ICT 2026 - Token validated successfully. Subject: dd9af4b6-c947-4a7c-a01b-b09d3dd76b2a
Sun Jul 05 14:17:28 ICT 2026 - User found in database: lequochoaiduc04@gmail.com | DB Role: 0 | Mapped Authority: ROLE_USER
Sun Jul 05 14:17:28 ICT 2026 - Authentication set in SecurityContext for user: lequochoaiduc04@gmail.com
Sun Jul 05 14:17:28 ICT 2026 - === doFilterInternal END ===
Sun Jul 05 14:17:28 ICT 2026 - User found in database: lequochoaiduc04@gmail.com | DB Role: 0 | Mapped Authority: ROLE_USER
Sun Jul 05 14:17:28 ICT 2026 - User found in database: lequochoaiduc04@gmail.com | DB Role: 0 | Mapped Authority: ROLE_USER
Sun Jul 05 14:17:28 ICT 2026 - Authentication set in SecurityContext for user: lequochoaiduc04@gmail.com
Sun Jul 05 14:17:28 ICT 2026 - === doFilterInternal END ===
Sun Jul 05 14:17:28 ICT 2026 - Authentication set in SecurityContext for user: lequochoaiduc04@gmail.com
Sun Jul 05 14:17:28 ICT 2026 - === doFilterInternal END ===
Sun Jul 05 14:17:28 ICT 2026 - === doFilterInternal START ===
Sun Jul 05 14:17:28 ICT 2026 - Request URI: /api/chat/unread-count/b1f3d0f5-efee-46fa-9fdd-4ab81d4bd466
Sun Jul 05 14:17:28 ICT 2026 - Token found. Length: 1374
Sun Jul 05 14:17:28 ICT 2026 - Token validated successfully. Subject: b1f3d0f5-efee-46fa-9fdd-4ab81d4bd466
Sun Jul 05 14:17:28 ICT 2026 - User found in database: hoaiduclequoc@gmail.com | DB Role: 2 | Mapped Authority: ROLE_ADMIN
Sun Jul 05 14:17:28 ICT 2026 - Authentication set in SecurityContext for user: hoaiduclequoc@gmail.com
Sun Jul 05 14:17:28 ICT 2026 - === doFilterInternal END ===
Sun Jul 05 14:17:28 ICT 2026 - === doFilterInternal START ===
Sun Jul 05 14:17:28 ICT 2026 - Request URI: /api/chat/unread-count/dd9af4b6-c947-4a7c-a01b-b09d3dd76b2a
Sun Jul 05 14:17:28 ICT 2026 - Token found. Length: 1414
Sun Jul 05 14:17:28 ICT 2026 - Token validated successfully. Subject: dd9af4b6-c947-4a7c-a01b-b09d3dd76b2a
Sun Jul 05 14:17:28 ICT 2026 - User found in database: lequochoaiduc04@gmail.com | DB Role: 0 | Mapped Authority: ROLE_USER
Sun Jul 05 14:17:28 ICT 2026 - Authentication set in SecurityContext for user: lequochoaiduc04@gmail.com
Sun Jul 05 14:17:28 ICT 2026 - === doFilterInternal END ===
Sun Jul 05 14:17:28 ICT 2026 - === doFilterInternal START ===
Sun Jul 05 14:17:28 ICT 2026 - Request URI: /api/chat/unread-count/dd9af4b6-c947-4a7c-a01b-b09d3dd76b2a
Sun Jul 05 14:17:28 ICT 2026 - Token found. Length: 1414
Sun Jul 05 14:17:28 ICT 2026 - Token validated successfully. Subject: dd9af4b6-c947-4a7c-a01b-b09d3dd76b2a
Sun Jul 05 14:17:29 ICT 2026 - User found in database: lequochoaiduc04@gmail.com | DB Role: 0 | Mapped Authority: ROLE_USER
Sun Jul 05 14:17:29 ICT 2026 - Authentication set in SecurityContext for user: lequochoaiduc04@gmail.com
Sun Jul 05 14:17:29 ICT 2026 - === doFilterInternal END ===
Sun Jul 05 14:17:29 ICT 2026 - === doFilterInternal START ===
Sun Jul 05 14:17:29 ICT 2026 - Request URI: /api/chat/unread-count/dd9af4b6-c947-4a7c-a01b-b09d3dd76b2a
Sun Jul 05 14:17:29 ICT 2026 - Token found. Length: 1414
Sun Jul 05 14:17:29 ICT 2026 - Token validated successfully. Subject: dd9af4b6-c947-4a7c-a01b-b09d3dd76b2a
Sun Jul 05 14:17:29 ICT 2026 - User found in database: lequochoaiduc04@gmail.com | DB Role: 0 | Mapped Authority: ROLE_USER
Sun Jul 05 14:17:29 ICT 2026 - Authentication set in SecurityContext for user: lequochoaiduc04@gmail.com
Sun Jul 05 14:17:29 ICT 2026 - === doFilterInternal END ===
Sun Jul 05 14:17:29 ICT 2026 - === doFilterInternal START ===
Sun Jul 05 14:17:29 ICT 2026 - Request URI: /api/chat/unread-count/dd9af4b6-c947-4a7c-a01b-b09d3dd76b2a
Sun Jul 05 14:17:29 ICT 2026 - Token found. Length: 1414
Sun Jul 05 14:17:29 ICT 2026 - Token validated successfully. Subject: dd9af4b6-c947-4a7c-a01b-b09d3dd76b2a
Sun Jul 05 14:17:29 ICT 2026 - User found in database: lequochoaiduc04@gmail.com | DB Role: 0 | Mapped Authority: ROLE_USER
Sun Jul 05 14:17:29 ICT 2026 - Authentication set in SecurityContext for user: lequochoaiduc04@gmail.com
Sun Jul 05 14:17:29 ICT 2026 - === doFilterInternal END ===
Sun Jul 05 14:17:29 ICT 2026 - === doFilterInternal START ===
Sun Jul 05 14:17:29 ICT 2026 - Request URI: /api/chat/unread-count/dd9af4b6-c947-4a7c-a01b-b09d3dd76b2a
Sun Jul 05 14:17:29 ICT 2026 - Token found. Length: 1414
Sun Jul 05 14:17:29 ICT 2026 - Token validated successfully. Subject: dd9af4b6-c947-4a7c-a01b-b09d3dd76b2a
Sun Jul 05 14:17:29 ICT 2026 - User found in database: lequochoaiduc04@gmail.com | DB Role: 0 | Mapped Authority: ROLE_USER
Sun Jul 05 14:17:29 ICT 2026 - Authentication set in SecurityContext for user: lequochoaiduc04@gmail.com
Sun Jul 05 14:17:29 ICT 2026 - === doFilterInternal END ===
Sun Jul 05 14:17:33 ICT 2026 - === doFilterInternal START ===
Sun Jul 05 14:17:33 ICT 2026 - Request URI: /api/chat/messages/ced0082a-f008-4882-9e42-74ea816feb7e
Sun Jul 05 14:17:33 ICT 2026 - === doFilterInternal START ===
Sun Jul 05 14:17:33 ICT 2026 - Request URI: /api/chat/mark-as-read
Sun Jul 05 14:17:33 ICT 2026 - Token found. Length: 1414
Sun Jul 05 14:17:33 ICT 2026 - Token found. Length: 1414
Sun Jul 05 14:17:33 ICT 2026 - Token validated successfully. Subject: dd9af4b6-c947-4a7c-a01b-b09d3dd76b2a
Sun Jul 05 14:17:33 ICT 2026 - Token validated successfully. Subject: dd9af4b6-c947-4a7c-a01b-b09d3dd76b2a
Sun Jul 05 14:17:33 ICT 2026 - User found in database: lequochoaiduc04@gmail.com | DB Role: 0 | Mapped Authority: ROLE_USER
Sun Jul 05 14:17:33 ICT 2026 - Authentication set in SecurityContext for user: lequochoaiduc04@gmail.com
Sun Jul 05 14:17:33 ICT 2026 - === doFilterInternal END ===
Sun Jul 05 14:17:33 ICT 2026 - User found in database: lequochoaiduc04@gmail.com | DB Role: 0 | Mapped Authority: ROLE_USER
Sun Jul 05 14:17:33 ICT 2026 - Authentication set in SecurityContext for user: lequochoaiduc04@gmail.com
Sun Jul 05 14:17:33 ICT 2026 - === doFilterInternal END ===
Sun Jul 05 14:17:33 ICT 2026 - === doFilterInternal START ===
Sun Jul 05 14:17:33 ICT 2026 - Request URI: /api/chat/unread-count/dd9af4b6-c947-4a7c-a01b-b09d3dd76b2a
Sun Jul 05 14:17:33 ICT 2026 - Token found. Length: 1414
Sun Jul 05 14:17:33 ICT 2026 - Token validated successfully. Subject: dd9af4b6-c947-4a7c-a01b-b09d3dd76b2a
Sun Jul 05 14:17:33 ICT 2026 - User found in database: lequochoaiduc04@gmail.com | DB Role: 0 | Mapped Authority: ROLE_USER
Sun Jul 05 14:17:33 ICT 2026 - Authentication set in SecurityContext for user: lequochoaiduc04@gmail.com
Sun Jul 05 14:17:33 ICT 2026 - === doFilterInternal END ===
Sun Jul 05 14:17:33 ICT 2026 - === doFilterInternal START ===
Sun Jul 05 14:17:33 ICT 2026 - Request URI: /api/chat/unread-count/dd9af4b6-c947-4a7c-a01b-b09d3dd76b2a
Sun Jul 05 14:17:33 ICT 2026 - Token found. Length: 1414
Sun Jul 05 14:17:33 ICT 2026 - Token validated successfully. Subject: dd9af4b6-c947-4a7c-a01b-b09d3dd76b2a
Sun Jul 05 14:17:33 ICT 2026 - User found in database: lequochoaiduc04@gmail.com | DB Role: 0 | Mapped Authority: ROLE_USER
Sun Jul 05 14:17:33 ICT 2026 - Authentication set in SecurityContext for user: lequochoaiduc04@gmail.com
Sun Jul 05 14:17:33 ICT 2026 - === doFilterInternal END ===
Sun Jul 05 14:17:34 ICT 2026 - === doFilterInternal START ===
Sun Jul 05 14:17:34 ICT 2026 - Request URI: /api/chat/messages
Sun Jul 05 14:17:34 ICT 2026 - Token found. Length: 1414
Sun Jul 05 14:17:34 ICT 2026 - Token validated successfully. Subject: dd9af4b6-c947-4a7c-a01b-b09d3dd76b2a
Sun Jul 05 14:17:35 ICT 2026 - User found in database: lequochoaiduc04@gmail.com | DB Role: 0 | Mapped Authority: ROLE_USER
Sun Jul 05 14:17:35 ICT 2026 - Authentication set in SecurityContext for user: lequochoaiduc04@gmail.com
Sun Jul 05 14:17:35 ICT 2026 - === doFilterInternal END ===
Sun Jul 05 14:17:37 ICT 2026 - === doFilterInternal START ===
Sun Jul 05 14:17:37 ICT 2026 - Request URI: /api/chat/conversations/dd9af4b6-c947-4a7c-a01b-b09d3dd76b2a
Sun Jul 05 14:17:37 ICT 2026 - Token found. Length: 1414
Sun Jul 05 14:17:37 ICT 2026 - Token validated successfully. Subject: dd9af4b6-c947-4a7c-a01b-b09d3dd76b2a
Sun Jul 05 14:17:37 ICT 2026 - User found in database: lequochoaiduc04@gmail.com | DB Role: 0 | Mapped Authority: ROLE_USER
Sun Jul 05 14:17:37 ICT 2026 - Authentication set in SecurityContext for user: lequochoaiduc04@gmail.com
Sun Jul 05 14:17:37 ICT 2026 - === doFilterInternal END ===
Sun Jul 05 14:17:37 ICT 2026 - === doFilterInternal START ===
Sun Jul 05 14:17:37 ICT 2026 - Request URI: /api/chat/messages/ced0082a-f008-4882-9e42-74ea816feb7e
Sun Jul 05 14:17:37 ICT 2026 - Token found. Length: 1414
Sun Jul 05 14:17:37 ICT 2026 - === doFilterInternal START ===
Sun Jul 05 14:17:37 ICT 2026 - Request URI: /api/chat/messages/19103537-5d9e-4e4c-9c62-ef870548c044
Sun Jul 05 14:17:37 ICT 2026 - Token found. Length: 1414
Sun Jul 05 14:17:37 ICT 2026 - Token validated successfully. Subject: dd9af4b6-c947-4a7c-a01b-b09d3dd76b2a
Sun Jul 05 14:17:37 ICT 2026 - Token validated successfully. Subject: dd9af4b6-c947-4a7c-a01b-b09d3dd76b2a
Sun Jul 05 14:17:37 ICT 2026 - User found in database: lequochoaiduc04@gmail.com | DB Role: 0 | Mapped Authority: ROLE_USER
Sun Jul 05 14:17:37 ICT 2026 - Authentication set in SecurityContext for user: lequochoaiduc04@gmail.com
Sun Jul 05 14:17:37 ICT 2026 - === doFilterInternal END ===
Sun Jul 05 14:17:37 ICT 2026 - User found in database: lequochoaiduc04@gmail.com | DB Role: 0 | Mapped Authority: ROLE_USER
Sun Jul 05 14:17:37 ICT 2026 - Authentication set in SecurityContext for user: lequochoaiduc04@gmail.com
Sun Jul 05 14:17:37 ICT 2026 - === doFilterInternal END ===
Sun Jul 05 14:17:38 ICT 2026 - === doFilterInternal START ===
Sun Jul 05 14:17:38 ICT 2026 - Request URI: /api/chat/messages/ced0082a-f008-4882-9e42-74ea816feb7e
Sun Jul 05 14:17:38 ICT 2026 - === doFilterInternal START ===
Sun Jul 05 14:17:38 ICT 2026 - Request URI: /api/chat/mark-as-read
Sun Jul 05 14:17:38 ICT 2026 - Token found. Length: 1414
Sun Jul 05 14:17:38 ICT 2026 - Token found. Length: 1414
Sun Jul 05 14:17:38 ICT 2026 - Token validated successfully. Subject: dd9af4b6-c947-4a7c-a01b-b09d3dd76b2a
Sun Jul 05 14:17:38 ICT 2026 - Token validated successfully. Subject: dd9af4b6-c947-4a7c-a01b-b09d3dd76b2a
Sun Jul 05 14:17:38 ICT 2026 - User found in database: lequochoaiduc04@gmail.com | DB Role: 0 | Mapped Authority: ROLE_USER
Sun Jul 05 14:17:38 ICT 2026 - Authentication set in SecurityContext for user: lequochoaiduc04@gmail.com
Sun Jul 05 14:17:38 ICT 2026 - === doFilterInternal END ===
Sun Jul 05 14:17:38 ICT 2026 - User found in database: lequochoaiduc04@gmail.com | DB Role: 0 | Mapped Authority: ROLE_USER
Sun Jul 05 14:17:38 ICT 2026 - Authentication set in SecurityContext for user: lequochoaiduc04@gmail.com
Sun Jul 05 14:17:38 ICT 2026 - === doFilterInternal END ===
Sun Jul 05 14:17:38 ICT 2026 - === doFilterInternal START ===
Sun Jul 05 14:17:38 ICT 2026 - Request URI: /api/chat/unread-count/b1f3d0f5-efee-46fa-9fdd-4ab81d4bd466
Sun Jul 05 14:17:38 ICT 2026 - Token found. Length: 1374
Sun Jul 05 14:17:38 ICT 2026 - Token validated successfully. Subject: b1f3d0f5-efee-46fa-9fdd-4ab81d4bd466
Sun Jul 05 14:17:38 ICT 2026 - === doFilterInternal START ===
Sun Jul 05 14:17:38 ICT 2026 - Request URI: /api/chat/unread-count/dd9af4b6-c947-4a7c-a01b-b09d3dd76b2a
Sun Jul 05 14:17:38 ICT 2026 - Token found. Length: 1414
Sun Jul 05 14:17:38 ICT 2026 - Token validated successfully. Subject: dd9af4b6-c947-4a7c-a01b-b09d3dd76b2a
Sun Jul 05 14:17:38 ICT 2026 - User found in database: hoaiduclequoc@gmail.com | DB Role: 2 | Mapped Authority: ROLE_ADMIN
Sun Jul 05 14:17:38 ICT 2026 - Authentication set in SecurityContext for user: hoaiduclequoc@gmail.com
Sun Jul 05 14:17:38 ICT 2026 - === doFilterInternal END ===
Sun Jul 05 14:17:38 ICT 2026 - User found in database: lequochoaiduc04@gmail.com | DB Role: 0 | Mapped Authority: ROLE_USER
Sun Jul 05 14:17:38 ICT 2026 - Authentication set in SecurityContext for user: lequochoaiduc04@gmail.com
Sun Jul 05 14:17:38 ICT 2026 - === doFilterInternal END ===
Sun Jul 05 14:17:38 ICT 2026 - === doFilterInternal START ===
Sun Jul 05 14:17:38 ICT 2026 - Request URI: /api/submissions/user/dd9af4b6-c947-4a7c-a01b-b09d3dd76b2a
Sun Jul 05 14:17:38 ICT 2026 - === doFilterInternal START ===
Sun Jul 05 14:17:38 ICT 2026 - Request URI: /api/quiz-attempts/user/dd9af4b6-c947-4a7c-a01b-b09d3dd76b2a
Sun Jul 05 14:17:38 ICT 2026 - Token found. Length: 1414
Sun Jul 05 14:17:38 ICT 2026 - Token found. Length: 1414
Sun Jul 05 14:17:38 ICT 2026 - Token validated successfully. Subject: dd9af4b6-c947-4a7c-a01b-b09d3dd76b2a
Sun Jul 05 14:17:38 ICT 2026 - Token validated successfully. Subject: dd9af4b6-c947-4a7c-a01b-b09d3dd76b2a
Sun Jul 05 14:17:38 ICT 2026 - === doFilterInternal START ===
Sun Jul 05 14:17:38 ICT 2026 - Request URI: /api/posts/class/8c162841-1d0f-4128-86d5-a6cb38eb874f
Sun Jul 05 14:17:38 ICT 2026 - === doFilterInternal START ===
Sun Jul 05 14:17:38 ICT 2026 - Request URI: /api/quizzes/class/8c162841-1d0f-4128-86d5-a6cb38eb874f
Sun Jul 05 14:17:38 ICT 2026 - === doFilterInternal START ===
Sun Jul 05 14:17:38 ICT 2026 - Request URI: /api/posts/class/bec12733-8902-4d6b-bebb-03c6a8643745
Sun Jul 05 14:17:38 ICT 2026 - === doFilterInternal START ===
Sun Jul 05 14:17:38 ICT 2026 - Request URI: /api/posts/class/cb2d7889-00ac-48fc-88f1-17645c9cac4f
Sun Jul 05 14:17:38 ICT 2026 - Token found. Length: 1414
Sun Jul 05 14:17:38 ICT 2026 - Token found. Length: 1414
Sun Jul 05 14:17:38 ICT 2026 - Token found. Length: 1414
Sun Jul 05 14:17:38 ICT 2026 - Token found. Length: 1414
Sun Jul 05 14:17:38 ICT 2026 - Token validated successfully. Subject: dd9af4b6-c947-4a7c-a01b-b09d3dd76b2a
Sun Jul 05 14:17:38 ICT 2026 - Token validated successfully. Subject: dd9af4b6-c947-4a7c-a01b-b09d3dd76b2a
Sun Jul 05 14:17:38 ICT 2026 - Token validated successfully. Subject: dd9af4b6-c947-4a7c-a01b-b09d3dd76b2a
Sun Jul 05 14:17:38 ICT 2026 - Token validated successfully. Subject: dd9af4b6-c947-4a7c-a01b-b09d3dd76b2a
Sun Jul 05 14:17:38 ICT 2026 - User found in database: lequochoaiduc04@gmail.com | DB Role: 0 | Mapped Authority: ROLE_USER
Sun Jul 05 14:17:38 ICT 2026 - Authentication set in SecurityContext for user: lequochoaiduc04@gmail.com
Sun Jul 05 14:17:38 ICT 2026 - === doFilterInternal END ===
Sun Jul 05 14:17:38 ICT 2026 - User found in database: lequochoaiduc04@gmail.com | DB Role: 0 | Mapped Authority: ROLE_USER
Sun Jul 05 14:17:38 ICT 2026 - Authentication set in SecurityContext for user: lequochoaiduc04@gmail.com
Sun Jul 05 14:17:38 ICT 2026 - === doFilterInternal END ===
Sun Jul 05 14:17:38 ICT 2026 - User found in database: lequochoaiduc04@gmail.com | DB Role: 0 | Mapped Authority: ROLE_USER
Sun Jul 05 14:17:38 ICT 2026 - Authentication set in SecurityContext for user: lequochoaiduc04@gmail.com
Sun Jul 05 14:17:38 ICT 2026 - === doFilterInternal END ===
Sun Jul 05 14:17:38 ICT 2026 - User found in database: lequochoaiduc04@gmail.com | DB Role: 0 | Mapped Authority: ROLE_USER
Sun Jul 05 14:17:38 ICT 2026 - User found in database: lequochoaiduc04@gmail.com | DB Role: 0 | Mapped Authority: ROLE_USER
Sun Jul 05 14:17:38 ICT 2026 - Authentication set in SecurityContext for user: lequochoaiduc04@gmail.com
Sun Jul 05 14:17:38 ICT 2026 - === doFilterInternal END ===
Sun Jul 05 14:17:38 ICT 2026 - Authentication set in SecurityContext for user: lequochoaiduc04@gmail.com
Sun Jul 05 14:17:38 ICT 2026 - === doFilterInternal END ===
Sun Jul 05 14:17:38 ICT 2026 - User found in database: lequochoaiduc04@gmail.com | DB Role: 0 | Mapped Authority: ROLE_USER
Sun Jul 05 14:17:38 ICT 2026 - Authentication set in SecurityContext for user: lequochoaiduc04@gmail.com
Sun Jul 05 14:17:38 ICT 2026 - === doFilterInternal END ===
Sun Jul 05 14:17:38 ICT 2026 - === doFilterInternal START ===
Sun Jul 05 14:17:38 ICT 2026 - Request URI: /api/quizzes/class/bec12733-8902-4d6b-bebb-03c6a8643745
Sun Jul 05 14:17:38 ICT 2026 - Token found. Length: 1414
Sun Jul 05 14:17:38 ICT 2026 - === doFilterInternal START ===
Sun Jul 05 14:17:38 ICT 2026 - Request URI: /api/quizzes/class/cb2d7889-00ac-48fc-88f1-17645c9cac4f
Sun Jul 05 14:17:38 ICT 2026 - Token found. Length: 1414
Sun Jul 05 14:17:38 ICT 2026 - Token validated successfully. Subject: dd9af4b6-c947-4a7c-a01b-b09d3dd76b2a
Sun Jul 05 14:17:38 ICT 2026 - Token validated successfully. Subject: dd9af4b6-c947-4a7c-a01b-b09d3dd76b2a
Sun Jul 05 14:17:38 ICT 2026 - User found in database: lequochoaiduc04@gmail.com | DB Role: 0 | Mapped Authority: ROLE_USER
Sun Jul 05 14:17:38 ICT 2026 - Authentication set in SecurityContext for user: lequochoaiduc04@gmail.com
Sun Jul 05 14:17:38 ICT 2026 - === doFilterInternal END ===
Sun Jul 05 14:17:38 ICT 2026 - User found in database: lequochoaiduc04@gmail.com | DB Role: 0 | Mapped Authority: ROLE_USER
Sun Jul 05 14:17:38 ICT 2026 - Authentication set in SecurityContext for user: lequochoaiduc04@gmail.com
Sun Jul 05 14:17:38 ICT 2026 - === doFilterInternal END ===
Sun Jul 05 14:17:38 ICT 2026 - === doFilterInternal START ===
Sun Jul 05 14:17:38 ICT 2026 - Request URI: /api/quizzes/class/8c162841-1d0f-4128-86d5-a6cb38eb874f
Sun Jul 05 14:17:38 ICT 2026 - Token found. Length: 1414
Sun Jul 05 14:17:38 ICT 2026 - Token validated successfully. Subject: dd9af4b6-c947-4a7c-a01b-b09d3dd76b2a
Sun Jul 05 14:17:39 ICT 2026 - === doFilterInternal START ===
Sun Jul 05 14:17:39 ICT 2026 - Request URI: /api/submissions/user/dd9af4b6-c947-4a7c-a01b-b09d3dd76b2a
Sun Jul 05 14:17:39 ICT 2026 - Token found. Length: 1414
Sun Jul 05 14:17:39 ICT 2026 - Token validated successfully. Subject: dd9af4b6-c947-4a7c-a01b-b09d3dd76b2a
Sun Jul 05 14:17:39 ICT 2026 - User found in database: lequochoaiduc04@gmail.com | DB Role: 0 | Mapped Authority: ROLE_USER
Sun Jul 05 14:17:39 ICT 2026 - Authentication set in SecurityContext for user: lequochoaiduc04@gmail.com
Sun Jul 05 14:17:39 ICT 2026 - === doFilterInternal END ===
Sun Jul 05 14:17:39 ICT 2026 - === doFilterInternal START ===
Sun Jul 05 14:17:39 ICT 2026 - Request URI: /api/quiz-attempts/user/dd9af4b6-c947-4a7c-a01b-b09d3dd76b2a
Sun Jul 05 14:17:39 ICT 2026 - Token found. Length: 1414
Sun Jul 05 14:17:39 ICT 2026 - === doFilterInternal START ===
Sun Jul 05 14:17:39 ICT 2026 - Request URI: /api/posts/class/cb2d7889-00ac-48fc-88f1-17645c9cac4f
Sun Jul 05 14:17:39 ICT 2026 - Token validated successfully. Subject: dd9af4b6-c947-4a7c-a01b-b09d3dd76b2a
Sun Jul 05 14:17:39 ICT 2026 - Token found. Length: 1414
Sun Jul 05 14:17:39 ICT 2026 - Token validated successfully. Subject: dd9af4b6-c947-4a7c-a01b-b09d3dd76b2a
Sun Jul 05 14:17:39 ICT 2026 - === doFilterInternal START ===
Sun Jul 05 14:17:39 ICT 2026 - Request URI: /api/posts/class/8c162841-1d0f-4128-86d5-a6cb38eb874f
Sun Jul 05 14:17:39 ICT 2026 - Token found. Length: 1414
Sun Jul 05 14:17:39 ICT 2026 - Token validated successfully. Subject: dd9af4b6-c947-4a7c-a01b-b09d3dd76b2a
Sun Jul 05 14:17:39 ICT 2026 - User found in database: lequochoaiduc04@gmail.com | DB Role: 0 | Mapped Authority: ROLE_USER
Sun Jul 05 14:17:39 ICT 2026 - Authentication set in SecurityContext for user: lequochoaiduc04@gmail.com
Sun Jul 05 14:17:39 ICT 2026 - === doFilterInternal END ===
Sun Jul 05 14:17:39 ICT 2026 - === doFilterInternal START ===
Sun Jul 05 14:17:39 ICT 2026 - Request URI: /api/posts/class/bec12733-8902-4d6b-bebb-03c6a8643745
Sun Jul 05 14:17:39 ICT 2026 - Token found. Length: 1414
Sun Jul 05 14:17:39 ICT 2026 - Token validated successfully. Subject: dd9af4b6-c947-4a7c-a01b-b09d3dd76b2a
Sun Jul 05 14:17:39 ICT 2026 - User found in database: lequochoaiduc04@gmail.com | DB Role: 0 | Mapped Authority: ROLE_USER
Sun Jul 05 14:17:39 ICT 2026 - Authentication set in SecurityContext for user: lequochoaiduc04@gmail.com
Sun Jul 05 14:17:39 ICT 2026 - === doFilterInternal END ===
Sun Jul 05 14:17:39 ICT 2026 - User found in database: lequochoaiduc04@gmail.com | DB Role: 0 | Mapped Authority: ROLE_USER
Sun Jul 05 14:17:39 ICT 2026 - Authentication set in SecurityContext for user: lequochoaiduc04@gmail.com
Sun Jul 05 14:17:39 ICT 2026 - === doFilterInternal END ===
Sun Jul 05 14:17:39 ICT 2026 - User found in database: lequochoaiduc04@gmail.com | DB Role: 0 | Mapped Authority: ROLE_USER
Sun Jul 05 14:17:39 ICT 2026 - Authentication set in SecurityContext for user: lequochoaiduc04@gmail.com
Sun Jul 05 14:17:39 ICT 2026 - === doFilterInternal END ===
Sun Jul 05 14:17:39 ICT 2026 - User found in database: lequochoaiduc04@gmail.com | DB Role: 0 | Mapped Authority: ROLE_USER
Sun Jul 05 14:17:39 ICT 2026 - Authentication set in SecurityContext for user: lequochoaiduc04@gmail.com
Sun Jul 05 14:17:39 ICT 2026 - === doFilterInternal END ===
Sun Jul 05 14:17:39 ICT 2026 - === doFilterInternal START ===
Sun Jul 05 14:17:39 ICT 2026 - Request URI: /api/quizzes/class/cb2d7889-00ac-48fc-88f1-17645c9cac4f
Sun Jul 05 14:17:39 ICT 2026 - Token found. Length: 1414
Sun Jul 05 14:17:39 ICT 2026 - Token validated successfully. Subject: dd9af4b6-c947-4a7c-a01b-b09d3dd76b2a
Sun Jul 05 14:17:39 ICT 2026 - User found in database: lequochoaiduc04@gmail.com | DB Role: 0 | Mapped Authority: ROLE_USER
Sun Jul 05 14:17:39 ICT 2026 - Authentication set in SecurityContext for user: lequochoaiduc04@gmail.com
Sun Jul 05 14:17:39 ICT 2026 - === doFilterInternal END ===
Sun Jul 05 14:17:39 ICT 2026 - === doFilterInternal START ===
Sun Jul 05 14:17:39 ICT 2026 - Request URI: /api/quizzes/class/bec12733-8902-4d6b-bebb-03c6a8643745
Sun Jul 05 14:17:39 ICT 2026 - Token found. Length: 1414
Sun Jul 05 14:17:39 ICT 2026 - Token validated successfully. Subject: dd9af4b6-c947-4a7c-a01b-b09d3dd76b2a
Sun Jul 05 14:17:39 ICT 2026 - User found in database: lequochoaiduc04@gmail.com | DB Role: 0 | Mapped Authority: ROLE_USER
Sun Jul 05 14:17:39 ICT 2026 - Authentication set in SecurityContext for user: lequochoaiduc04@gmail.com
Sun Jul 05 14:17:39 ICT 2026 - === doFilterInternal END ===
Sun Jul 05 14:17:43 ICT 2026 - === doFilterInternal START ===
Sun Jul 05 14:17:43 ICT 2026 - Request URI: /api/chat/unread-count/dd9af4b6-c947-4a7c-a01b-b09d3dd76b2a
Sun Jul 05 14:17:43 ICT 2026 - Token found. Length: 1414
Sun Jul 05 14:17:43 ICT 2026 - Token validated successfully. Subject: dd9af4b6-c947-4a7c-a01b-b09d3dd76b2a
Sun Jul 05 14:17:43 ICT 2026 - User found in database: lequochoaiduc04@gmail.com | DB Role: 0 | Mapped Authority: ROLE_USER
Sun Jul 05 14:17:43 ICT 2026 - Authentication set in SecurityContext for user: lequochoaiduc04@gmail.com
Sun Jul 05 14:17:43 ICT 2026 - === doFilterInternal END ===
Sun Jul 05 14:17:44 ICT 2026 - === doFilterInternal START ===
Sun Jul 05 14:17:44 ICT 2026 - Request URI: /api/chat/conversations/dd9af4b6-c947-4a7c-a01b-b09d3dd76b2a
Sun Jul 05 14:17:44 ICT 2026 - Token found. Length: 1414
Sun Jul 05 14:17:44 ICT 2026 - Token validated successfully. Subject: dd9af4b6-c947-4a7c-a01b-b09d3dd76b2a
Sun Jul 05 14:17:44 ICT 2026 - User found in database: lequochoaiduc04@gmail.com | DB Role: 0 | Mapped Authority: ROLE_USER
Sun Jul 05 14:17:44 ICT 2026 - Authentication set in SecurityContext for user: lequochoaiduc04@gmail.com
Sun Jul 05 14:17:44 ICT 2026 - === doFilterInternal END ===
Sun Jul 05 14:17:45 ICT 2026 - === doFilterInternal START ===
Sun Jul 05 14:17:45 ICT 2026 - Request URI: /api/chat/conversations/dd9af4b6-c947-4a7c-a01b-b09d3dd76b2a
Sun Jul 05 14:17:45 ICT 2026 - Token found. Length: 1414
Sun Jul 05 14:17:45 ICT 2026 - Token validated successfully. Subject: dd9af4b6-c947-4a7c-a01b-b09d3dd76b2a
Sun Jul 05 14:17:45 ICT 2026 - === doFilterInternal START ===
Sun Jul 05 14:17:45 ICT 2026 - Request URI: /api/chat/messages/19103537-5d9e-4e4c-9c62-ef870548c044
Sun Jul 05 14:17:45 ICT 2026 - === doFilterInternal START ===
Sun Jul 05 14:17:45 ICT 2026 - Request URI: /api/chat/messages/ced0082a-f008-4882-9e42-74ea816feb7e
Sun Jul 05 14:17:45 ICT 2026 - Token found. Length: 1414
Sun Jul 05 14:17:45 ICT 2026 - Token found. Length: 1414
Sun Jul 05 14:17:45 ICT 2026 - Token validated successfully. Subject: dd9af4b6-c947-4a7c-a01b-b09d3dd76b2a
Sun Jul 05 14:17:45 ICT 2026 - Token validated successfully. Subject: dd9af4b6-c947-4a7c-a01b-b09d3dd76b2a
Sun Jul 05 14:17:45 ICT 2026 - User found in database: lequochoaiduc04@gmail.com | DB Role: 0 | Mapped Authority: ROLE_USER
Sun Jul 05 14:17:45 ICT 2026 - Authentication set in SecurityContext for user: lequochoaiduc04@gmail.com
Sun Jul 05 14:17:45 ICT 2026 - === doFilterInternal END ===
Sun Jul 05 14:17:45 ICT 2026 - User found in database: lequochoaiduc04@gmail.com | DB Role: 0 | Mapped Authority: ROLE_USER
Sun Jul 05 14:17:45 ICT 2026 - User found in database: lequochoaiduc04@gmail.com | DB Role: 0 | Mapped Authority: ROLE_USER
Sun Jul 05 14:17:45 ICT 2026 - Authentication set in SecurityContext for user: lequochoaiduc04@gmail.com
Sun Jul 05 14:17:45 ICT 2026 - === doFilterInternal END ===
Sun Jul 05 14:17:45 ICT 2026 - Authentication set in SecurityContext for user: lequochoaiduc04@gmail.com
Sun Jul 05 14:17:45 ICT 2026 - === doFilterInternal END ===
Sun Jul 05 14:17:45 ICT 2026 - === doFilterInternal START ===
Sun Jul 05 14:17:45 ICT 2026 - Request URI: /api/chat/messages/ced0082a-f008-4882-9e42-74ea816feb7e
Sun Jul 05 14:17:45 ICT 2026 - === doFilterInternal START ===
Sun Jul 05 14:17:45 ICT 2026 - Request URI: /api/chat/messages/19103537-5d9e-4e4c-9c62-ef870548c044
Sun Jul 05 14:17:45 ICT 2026 - Token found. Length: 1414
Sun Jul 05 14:17:45 ICT 2026 - Token found. Length: 1414
Sun Jul 05 14:17:45 ICT 2026 - Token validated successfully. Subject: dd9af4b6-c947-4a7c-a01b-b09d3dd76b2a
Sun Jul 05 14:17:45 ICT 2026 - Token validated successfully. Subject: dd9af4b6-c947-4a7c-a01b-b09d3dd76b2a
Sun Jul 05 14:17:45 ICT 2026 - User found in database: lequochoaiduc04@gmail.com | DB Role: 0 | Mapped Authority: ROLE_USER
Sun Jul 05 14:17:45 ICT 2026 - Authentication set in SecurityContext for user: lequochoaiduc04@gmail.com
Sun Jul 05 14:17:45 ICT 2026 - === doFilterInternal END ===
Sun Jul 05 14:17:45 ICT 2026 - User found in database: lequochoaiduc04@gmail.com | DB Role: 0 | Mapped Authority: ROLE_USER
Sun Jul 05 14:17:45 ICT 2026 - Authentication set in SecurityContext for user: lequochoaiduc04@gmail.com
Sun Jul 05 14:17:45 ICT 2026 - === doFilterInternal END ===
Sun Jul 05 14:17:46 ICT 2026 - === doFilterInternal START ===
Sun Jul 05 14:17:46 ICT 2026 - Request URI: /api/chat/messages/ced0082a-f008-4882-9e42-74ea816feb7e
Sun Jul 05 14:17:46 ICT 2026 - Token found. Length: 1414
Sun Jul 05 14:17:46 ICT 2026 - === doFilterInternal START ===
Sun Jul 05 14:17:46 ICT 2026 - Request URI: /api/chat/mark-as-read
Sun Jul 05 14:17:46 ICT 2026 - Token validated successfully. Subject: dd9af4b6-c947-4a7c-a01b-b09d3dd76b2a
Sun Jul 05 14:17:46 ICT 2026 - Token found. Length: 1414
Sun Jul 05 14:17:46 ICT 2026 - Token validated successfully. Subject: dd9af4b6-c947-4a7c-a01b-b09d3dd76b2a
Sun Jul 05 14:17:46 ICT 2026 - User found in database: lequochoaiduc04@gmail.com | DB Role: 0 | Mapped Authority: ROLE_USER
Sun Jul 05 14:17:46 ICT 2026 - User found in database: lequochoaiduc04@gmail.com | DB Role: 0 | Mapped Authority: ROLE_USER
Sun Jul 05 14:17:46 ICT 2026 - Authentication set in SecurityContext for user: lequochoaiduc04@gmail.com
Sun Jul 05 14:17:46 ICT 2026 - === doFilterInternal END ===
Sun Jul 05 14:17:46 ICT 2026 - Authentication set in SecurityContext for user: lequochoaiduc04@gmail.com
Sun Jul 05 14:17:46 ICT 2026 - === doFilterInternal END ===
Sun Jul 05 14:17:46 ICT 2026 - === doFilterInternal START ===
Sun Jul 05 14:17:46 ICT 2026 - Request URI: /api/chat/unread-count/dd9af4b6-c947-4a7c-a01b-b09d3dd76b2a
Sun Jul 05 14:17:46 ICT 2026 - Token found. Length: 1414
Sun Jul 05 14:17:46 ICT 2026 - Token validated successfully. Subject: dd9af4b6-c947-4a7c-a01b-b09d3dd76b2a
Sun Jul 05 14:17:46 ICT 2026 - User found in database: lequochoaiduc04@gmail.com | DB Role: 0 | Mapped Authority: ROLE_USER
Sun Jul 05 14:17:46 ICT 2026 - Authentication set in SecurityContext for user: lequochoaiduc04@gmail.com
Sun Jul 05 14:17:46 ICT 2026 - === doFilterInternal END ===
Sun Jul 05 14:17:47 ICT 2026 - === doFilterInternal START ===
Sun Jul 05 14:17:47 ICT 2026 - Request URI: /api/submissions/user/dd9af4b6-c947-4a7c-a01b-b09d3dd76b2a
Sun Jul 05 14:17:47 ICT 2026 - Token found. Length: 1414
Sun Jul 05 14:17:47 ICT 2026 - Token validated successfully. Subject: dd9af4b6-c947-4a7c-a01b-b09d3dd76b2a
Sun Jul 05 14:17:47 ICT 2026 - === doFilterInternal START ===
Sun Jul 05 14:17:47 ICT 2026 - Request URI: /api/posts/class/bec12733-8902-4d6b-bebb-03c6a8643745
Sun Jul 05 14:17:47 ICT 2026 - === doFilterInternal START ===
Sun Jul 05 14:17:47 ICT 2026 - Request URI: /api/posts/class/8c162841-1d0f-4128-86d5-a6cb38eb874f
Sun Jul 05 14:17:47 ICT 2026 - === doFilterInternal START ===
Sun Jul 05 14:17:47 ICT 2026 - Request URI: /api/quiz-attempts/user/dd9af4b6-c947-4a7c-a01b-b09d3dd76b2a
Sun Jul 05 14:17:47 ICT 2026 - Token found. Length: 1414
Sun Jul 05 14:17:47 ICT 2026 - === doFilterInternal START ===
Sun Jul 05 14:17:47 ICT 2026 - Request URI: /api/quizzes/class/8c162841-1d0f-4128-86d5-a6cb38eb874f
Sun Jul 05 14:17:47 ICT 2026 - === doFilterInternal START ===
Sun Jul 05 14:17:47 ICT 2026 - Request URI: /api/posts/class/cb2d7889-00ac-48fc-88f1-17645c9cac4f
Sun Jul 05 14:17:47 ICT 2026 - Token found. Length: 1414
Sun Jul 05 14:17:47 ICT 2026 - Token found. Length: 1414
Sun Jul 05 14:17:47 ICT 2026 - Token found. Length: 1414
Sun Jul 05 14:17:47 ICT 2026 - Token found. Length: 1414
Sun Jul 05 14:17:47 ICT 2026 - Token validated successfully. Subject: dd9af4b6-c947-4a7c-a01b-b09d3dd76b2a
Sun Jul 05 14:17:47 ICT 2026 - Token validated successfully. Subject: dd9af4b6-c947-4a7c-a01b-b09d3dd76b2a
Sun Jul 05 14:17:47 ICT 2026 - Token validated successfully. Subject: dd9af4b6-c947-4a7c-a01b-b09d3dd76b2a
Sun Jul 05 14:17:47 ICT 2026 - Token validated successfully. Subject: dd9af4b6-c947-4a7c-a01b-b09d3dd76b2a
Sun Jul 05 14:17:47 ICT 2026 - Token validated successfully. Subject: dd9af4b6-c947-4a7c-a01b-b09d3dd76b2a
Sun Jul 05 14:17:48 ICT 2026 - User found in database: lequochoaiduc04@gmail.com | DB Role: 0 | Mapped Authority: ROLE_USER
Sun Jul 05 14:17:48 ICT 2026 - Authentication set in SecurityContext for user: lequochoaiduc04@gmail.com
Sun Jul 05 14:17:48 ICT 2026 - === doFilterInternal END ===
Sun Jul 05 14:17:48 ICT 2026 - User found in database: lequochoaiduc04@gmail.com | DB Role: 0 | Mapped Authority: ROLE_USER
Sun Jul 05 14:17:48 ICT 2026 - Authentication set in SecurityContext for user: lequochoaiduc04@gmail.com
Sun Jul 05 14:17:48 ICT 2026 - === doFilterInternal END ===
Sun Jul 05 14:17:48 ICT 2026 - User found in database: lequochoaiduc04@gmail.com | DB Role: 0 | Mapped Authority: ROLE_USER
Sun Jul 05 14:17:48 ICT 2026 - Authentication set in SecurityContext for user: lequochoaiduc04@gmail.com
Sun Jul 05 14:17:48 ICT 2026 - === doFilterInternal END ===
Sun Jul 05 14:17:48 ICT 2026 - User found in database: lequochoaiduc04@gmail.com | DB Role: 0 | Mapped Authority: ROLE_USER
Sun Jul 05 14:17:48 ICT 2026 - Authentication set in SecurityContext for user: lequochoaiduc04@gmail.com
Sun Jul 05 14:17:48 ICT 2026 - === doFilterInternal END ===
Sun Jul 05 14:17:48 ICT 2026 - User found in database: lequochoaiduc04@gmail.com | DB Role: 0 | Mapped Authority: ROLE_USER
Sun Jul 05 14:17:48 ICT 2026 - User found in database: lequochoaiduc04@gmail.com | DB Role: 0 | Mapped Authority: ROLE_USER
Sun Jul 05 14:17:48 ICT 2026 - Authentication set in SecurityContext for user: lequochoaiduc04@gmail.com
Sun Jul 05 14:17:48 ICT 2026 - === doFilterInternal END ===
Sun Jul 05 14:17:48 ICT 2026 - Authentication set in SecurityContext for user: lequochoaiduc04@gmail.com
Sun Jul 05 14:17:48 ICT 2026 - === doFilterInternal END ===
Sun Jul 05 14:17:48 ICT 2026 - === doFilterInternal START ===
Sun Jul 05 14:17:48 ICT 2026 - Request URI: /api/quizzes/class/bec12733-8902-4d6b-bebb-03c6a8643745
Sun Jul 05 14:17:48 ICT 2026 - Token found. Length: 1414
Sun Jul 05 14:17:48 ICT 2026 - Token validated successfully. Subject: dd9af4b6-c947-4a7c-a01b-b09d3dd76b2a
Sun Jul 05 14:17:48 ICT 2026 - === doFilterInternal START ===
Sun Jul 05 14:17:48 ICT 2026 - Request URI: /api/quizzes/class/cb2d7889-00ac-48fc-88f1-17645c9cac4f
Sun Jul 05 14:17:48 ICT 2026 - Token found. Length: 1414
Sun Jul 05 14:17:48 ICT 2026 - Token validated successfully. Subject: dd9af4b6-c947-4a7c-a01b-b09d3dd76b2a
Sun Jul 05 14:17:48 ICT 2026 - User found in database: lequochoaiduc04@gmail.com | DB Role: 0 | Mapped Authority: ROLE_USER
Sun Jul 05 14:17:48 ICT 2026 - Authentication set in SecurityContext for user: lequochoaiduc04@gmail.com
Sun Jul 05 14:17:48 ICT 2026 - === doFilterInternal END ===
Sun Jul 05 14:17:48 ICT 2026 - === doFilterInternal START ===
Sun Jul 05 14:17:48 ICT 2026 - Request URI: /api/chat/unread-count/b1f3d0f5-efee-46fa-9fdd-4ab81d4bd466
Sun Jul 05 14:17:48 ICT 2026 - Token found. Length: 1374
Sun Jul 05 14:17:48 ICT 2026 - Token validated successfully. Subject: b1f3d0f5-efee-46fa-9fdd-4ab81d4bd466
Sun Jul 05 14:17:48 ICT 2026 - User found in database: lequochoaiduc04@gmail.com | DB Role: 0 | Mapped Authority: ROLE_USER
Sun Jul 05 14:17:48 ICT 2026 - Authentication set in SecurityContext for user: lequochoaiduc04@gmail.com
Sun Jul 05 14:17:48 ICT 2026 - === doFilterInternal END ===
Sun Jul 05 14:17:48 ICT 2026 - === doFilterInternal START ===
Sun Jul 05 14:17:48 ICT 2026 - Request URI: /api/quizzes/class/8c162841-1d0f-4128-86d5-a6cb38eb874f
Sun Jul 05 14:17:48 ICT 2026 - Token found. Length: 1414
Sun Jul 05 14:17:48 ICT 2026 - Token validated successfully. Subject: dd9af4b6-c947-4a7c-a01b-b09d3dd76b2a
Sun Jul 05 14:17:48 ICT 2026 - User found in database: hoaiduclequoc@gmail.com | DB Role: 2 | Mapped Authority: ROLE_ADMIN
Sun Jul 05 14:17:48 ICT 2026 - Authentication set in SecurityContext for user: hoaiduclequoc@gmail.com
Sun Jul 05 14:17:48 ICT 2026 - === doFilterInternal END ===
Sun Jul 05 14:17:48 ICT 2026 - === doFilterInternal START ===
Sun Jul 05 14:17:48 ICT 2026 - Request URI: /api/submissions/user/dd9af4b6-c947-4a7c-a01b-b09d3dd76b2a
Sun Jul 05 14:17:48 ICT 2026 - Token found. Length: 1414
Sun Jul 05 14:17:48 ICT 2026 - Token validated successfully. Subject: dd9af4b6-c947-4a7c-a01b-b09d3dd76b2a
Sun Jul 05 14:17:48 ICT 2026 - === doFilterInternal START ===
Sun Jul 05 14:17:48 ICT 2026 - Request URI: /api/quiz-attempts/user/dd9af4b6-c947-4a7c-a01b-b09d3dd76b2a
Sun Jul 05 14:17:48 ICT 2026 - Token found. Length: 1414
Sun Jul 05 14:17:48 ICT 2026 - Token validated successfully. Subject: dd9af4b6-c947-4a7c-a01b-b09d3dd76b2a
Sun Jul 05 14:17:48 ICT 2026 - === doFilterInternal START ===
Sun Jul 05 14:17:48 ICT 2026 - Request URI: /api/posts/class/bec12733-8902-4d6b-bebb-03c6a8643745
Sun Jul 05 14:17:48 ICT 2026 - Token found. Length: 1414
Sun Jul 05 14:17:48 ICT 2026 - Token validated successfully. Subject: dd9af4b6-c947-4a7c-a01b-b09d3dd76b2a
Sun Jul 05 14:17:48 ICT 2026 - User found in database: lequochoaiduc04@gmail.com | DB Role: 0 | Mapped Authority: ROLE_USER
Sun Jul 05 14:17:48 ICT 2026 - Authentication set in SecurityContext for user: lequochoaiduc04@gmail.com
Sun Jul 05 14:17:48 ICT 2026 - === doFilterInternal END ===
Sun Jul 05 14:17:48 ICT 2026 - User found in database: lequochoaiduc04@gmail.com | DB Role: 0 | Mapped Authority: ROLE_USER
Sun Jul 05 14:17:48 ICT 2026 - Authentication set in SecurityContext for user: lequochoaiduc04@gmail.com
Sun Jul 05 14:17:48 ICT 2026 - === doFilterInternal END ===
Sun Jul 05 14:17:48 ICT 2026 - User found in database: lequochoaiduc04@gmail.com | DB Role: 0 | Mapped Authority: ROLE_USER
Sun Jul 05 14:17:48 ICT 2026 - Authentication set in SecurityContext for user: lequochoaiduc04@gmail.com
Sun Jul 05 14:17:48 ICT 2026 - === doFilterInternal END ===
Sun Jul 05 14:17:48 ICT 2026 - === doFilterInternal START ===
Sun Jul 05 14:17:48 ICT 2026 - Request URI: /api/posts/class/8c162841-1d0f-4128-86d5-a6cb38eb874f
Sun Jul 05 14:17:48 ICT 2026 - Token found. Length: 1414
Sun Jul 05 14:17:48 ICT 2026 - Token validated successfully. Subject: dd9af4b6-c947-4a7c-a01b-b09d3dd76b2a
Sun Jul 05 14:17:48 ICT 2026 - User found in database: lequochoaiduc04@gmail.com | DB Role: 0 | Mapped Authority: ROLE_USER
Sun Jul 05 14:17:48 ICT 2026 - Authentication set in SecurityContext for user: lequochoaiduc04@gmail.com
Sun Jul 05 14:17:48 ICT 2026 - === doFilterInternal END ===
Sun Jul 05 14:17:48 ICT 2026 - === doFilterInternal START ===
Sun Jul 05 14:17:48 ICT 2026 - Request URI: /api/posts/class/cb2d7889-00ac-48fc-88f1-17645c9cac4f
Sun Jul 05 14:17:48 ICT 2026 - Token found. Length: 1414
Sun Jul 05 14:17:48 ICT 2026 - Token validated successfully. Subject: dd9af4b6-c947-4a7c-a01b-b09d3dd76b2a
Sun Jul 05 14:17:48 ICT 2026 - === doFilterInternal START ===
Sun Jul 05 14:17:48 ICT 2026 - Request URI: /api/quizzes/class/cb2d7889-00ac-48fc-88f1-17645c9cac4f
Sun Jul 05 14:17:48 ICT 2026 - Token found. Length: 1414
Sun Jul 05 14:17:48 ICT 2026 - Token validated successfully. Subject: dd9af4b6-c947-4a7c-a01b-b09d3dd76b2a
Sun Jul 05 14:17:48 ICT 2026 - User found in database: lequochoaiduc04@gmail.com | DB Role: 0 | Mapped Authority: ROLE_USER
Sun Jul 05 14:17:48 ICT 2026 - Authentication set in SecurityContext for user: lequochoaiduc04@gmail.com
Sun Jul 05 14:17:48 ICT 2026 - === doFilterInternal END ===
Sun Jul 05 14:17:48 ICT 2026 - User found in database: lequochoaiduc04@gmail.com | DB Role: 0 | Mapped Authority: ROLE_USER
Sun Jul 05 14:17:48 ICT 2026 - Authentication set in SecurityContext for user: lequochoaiduc04@gmail.com
Sun Jul 05 14:17:48 ICT 2026 - === doFilterInternal END ===
Sun Jul 05 14:17:48 ICT 2026 - === doFilterInternal START ===
Sun Jul 05 14:17:48 ICT 2026 - Request URI: /api/quizzes/class/bec12733-8902-4d6b-bebb-03c6a8643745
Sun Jul 05 14:17:48 ICT 2026 - Token found. Length: 1414
Sun Jul 05 14:17:48 ICT 2026 - Token validated successfully. Subject: dd9af4b6-c947-4a7c-a01b-b09d3dd76b2a
Sun Jul 05 14:17:48 ICT 2026 - User found in database: lequochoaiduc04@gmail.com | DB Role: 0 | Mapped Authority: ROLE_USER
Sun Jul 05 14:17:48 ICT 2026 - Authentication set in SecurityContext for user: lequochoaiduc04@gmail.com
Sun Jul 05 14:17:48 ICT 2026 - === doFilterInternal END ===
Sun Jul 05 14:17:48 ICT 2026 - User found in database: lequochoaiduc04@gmail.com | DB Role: 0 | Mapped Authority: ROLE_USER
Sun Jul 05 14:17:48 ICT 2026 - Authentication set in SecurityContext for user: lequochoaiduc04@gmail.com
Sun Jul 05 14:17:48 ICT 2026 - === doFilterInternal END ===
Sun Jul 05 14:17:52 ICT 2026 - === doFilterInternal START ===
Sun Jul 05 14:17:52 ICT 2026 - Request URI: /api/streaks/b1f3d0f5-efee-46fa-9fdd-4ab81d4bd466
Sun Jul 05 14:17:52 ICT 2026 - Token found. Length: 1374
Sun Jul 05 14:17:52 ICT 2026 - Token validated successfully. Subject: b1f3d0f5-efee-46fa-9fdd-4ab81d4bd466
Sun Jul 05 14:17:52 ICT 2026 - User found in database: hoaiduclequoc@gmail.com | DB Role: 2 | Mapped Authority: ROLE_ADMIN
Sun Jul 05 14:17:52 ICT 2026 - Authentication set in SecurityContext for user: hoaiduclequoc@gmail.com
Sun Jul 05 14:17:52 ICT 2026 - === doFilterInternal END ===
Sun Jul 05 14:17:53 ICT 2026 - === doFilterInternal START ===
Sun Jul 05 14:17:53 ICT 2026 - Request URI: /api/streaks/dd9af4b6-c947-4a7c-a01b-b09d3dd76b2a
Sun Jul 05 14:17:53 ICT 2026 - Token found. Length: 1414
Sun Jul 05 14:17:53 ICT 2026 - Token validated successfully. Subject: dd9af4b6-c947-4a7c-a01b-b09d3dd76b2a
Sun Jul 05 14:17:53 ICT 2026 - User found in database: lequochoaiduc04@gmail.com | DB Role: 0 | Mapped Authority: ROLE_USER
Sun Jul 05 14:17:53 ICT 2026 - Authentication set in SecurityContext for user: lequochoaiduc04@gmail.com
Sun Jul 05 14:17:53 ICT 2026 - === doFilterInternal END ===
Sun Jul 05 14:17:53 ICT 2026 - === doFilterInternal START ===
Sun Jul 05 14:17:53 ICT 2026 - Request URI: /api/streaks/b1f3d0f5-efee-46fa-9fdd-4ab81d4bd466
Sun Jul 05 14:17:53 ICT 2026 - Token found. Length: 1374
Sun Jul 05 14:17:53 ICT 2026 - Token validated successfully. Subject: b1f3d0f5-efee-46fa-9fdd-4ab81d4bd466
Sun Jul 05 14:17:53 ICT 2026 - User found in database: hoaiduclequoc@gmail.com | DB Role: 2 | Mapped Authority: ROLE_ADMIN
Sun Jul 05 14:17:53 ICT 2026 - Authentication set in SecurityContext for user: hoaiduclequoc@gmail.com
Sun Jul 05 14:17:53 ICT 2026 - === doFilterInternal END ===
Sun Jul 05 14:17:53 ICT 2026 - === doFilterInternal START ===
Sun Jul 05 14:17:53 ICT 2026 - Request URI: /api/streaks/dd9af4b6-c947-4a7c-a01b-b09d3dd76b2a
Sun Jul 05 14:17:53 ICT 2026 - Token found. Length: 1414
Sun Jul 05 14:17:53 ICT 2026 - Token validated successfully. Subject: dd9af4b6-c947-4a7c-a01b-b09d3dd76b2a
Sun Jul 05 14:17:54 ICT 2026 - User found in database: lequochoaiduc04@gmail.com | DB Role: 0 | Mapped Authority: ROLE_USER
Sun Jul 05 14:17:54 ICT 2026 - Authentication set in SecurityContext for user: lequochoaiduc04@gmail.com
Sun Jul 05 14:17:54 ICT 2026 - === doFilterInternal END ===
Sun Jul 05 14:18:04 ICT 2026 - === doFilterInternal START ===
Sun Jul 05 14:18:04 ICT 2026 - Request URI: /api/streaks/b1f3d0f5-efee-46fa-9fdd-4ab81d4bd466/update
Sun Jul 05 14:18:04 ICT 2026 - === doFilterInternal START ===
Sun Jul 05 14:18:04 ICT 2026 - Request URI: /api/chat/unread-count/dd9af4b6-c947-4a7c-a01b-b09d3dd76b2a
Sun Jul 05 14:18:04 ICT 2026 - === doFilterInternal START ===
Sun Jul 05 14:18:04 ICT 2026 - Request URI: /api/streaks/dd9af4b6-c947-4a7c-a01b-b09d3dd76b2a/update
Sun Jul 05 14:18:04 ICT 2026 - Token found. Length: 1414
Sun Jul 05 14:18:04 ICT 2026 - === doFilterInternal START ===
Sun Jul 05 14:18:04 ICT 2026 - Request URI: /api/chat/unread-count/b1f3d0f5-efee-46fa-9fdd-4ab81d4bd466
Sun Jul 05 14:18:04 ICT 2026 - Token found. Length: 1374
Sun Jul 05 14:18:04 ICT 2026 - Token found. Length: 1374
Sun Jul 05 14:18:04 ICT 2026 - Token found. Length: 1414
Sun Jul 05 14:18:04 ICT 2026 - Token validated successfully. Subject: dd9af4b6-c947-4a7c-a01b-b09d3dd76b2a
Sun Jul 05 14:18:04 ICT 2026 - Token validated successfully. Subject: b1f3d0f5-efee-46fa-9fdd-4ab81d4bd466
Sun Jul 05 14:18:04 ICT 2026 - Token validated successfully. Subject: b1f3d0f5-efee-46fa-9fdd-4ab81d4bd466
Sun Jul 05 14:18:04 ICT 2026 - Token validated successfully. Subject: dd9af4b6-c947-4a7c-a01b-b09d3dd76b2a
Sun Jul 05 14:18:04 ICT 2026 - User found in database: lequochoaiduc04@gmail.com | DB Role: 0 | Mapped Authority: ROLE_USER
Sun Jul 05 14:18:04 ICT 2026 - Authentication set in SecurityContext for user: lequochoaiduc04@gmail.com
Sun Jul 05 14:18:04 ICT 2026 - === doFilterInternal END ===
Sun Jul 05 14:18:04 ICT 2026 - User found in database: hoaiduclequoc@gmail.com | DB Role: 2 | Mapped Authority: ROLE_ADMIN
Sun Jul 05 14:18:04 ICT 2026 - Authentication set in SecurityContext for user: hoaiduclequoc@gmail.com
Sun Jul 05 14:18:04 ICT 2026 - === doFilterInternal END ===
Sun Jul 05 14:18:04 ICT 2026 - User found in database: lequochoaiduc04@gmail.com | DB Role: 0 | Mapped Authority: ROLE_USER
Sun Jul 05 14:18:04 ICT 2026 - Authentication set in SecurityContext for user: lequochoaiduc04@gmail.com
Sun Jul 05 14:18:04 ICT 2026 - === doFilterInternal END ===
Sun Jul 05 14:18:04 ICT 2026 - User found in database: hoaiduclequoc@gmail.com | DB Role: 2 | Mapped Authority: ROLE_ADMIN
Sun Jul 05 14:18:04 ICT 2026 - Authentication set in SecurityContext for user: hoaiduclequoc@gmail.com
Sun Jul 05 14:18:04 ICT 2026 - === doFilterInternal END ===
Sun Jul 05 14:18:14 ICT 2026 - === doFilterInternal START ===
Sun Jul 05 14:18:14 ICT 2026 - Request URI: /api/chat/unread-count/b1f3d0f5-efee-46fa-9fdd-4ab81d4bd466
Sun Jul 05 14:18:14 ICT 2026 - Token found. Length: 1374
Sun Jul 05 14:18:14 ICT 2026 - === doFilterInternal START ===
Sun Jul 05 14:18:14 ICT 2026 - Request URI: /api/chat/unread-count/dd9af4b6-c947-4a7c-a01b-b09d3dd76b2a
Sun Jul 05 14:18:14 ICT 2026 - Token found. Length: 1414
Sun Jul 05 14:18:14 ICT 2026 - Token validated successfully. Subject: b1f3d0f5-efee-46fa-9fdd-4ab81d4bd466
Sun Jul 05 14:18:14 ICT 2026 - Token validated successfully. Subject: dd9af4b6-c947-4a7c-a01b-b09d3dd76b2a
Sun Jul 05 14:18:14 ICT 2026 - User found in database: hoaiduclequoc@gmail.com | DB Role: 2 | Mapped Authority: ROLE_ADMIN
Sun Jul 05 14:18:14 ICT 2026 - Authentication set in SecurityContext for user: hoaiduclequoc@gmail.com
Sun Jul 05 14:18:14 ICT 2026 - === doFilterInternal END ===
Sun Jul 05 14:18:14 ICT 2026 - User found in database: lequochoaiduc04@gmail.com | DB Role: 0 | Mapped Authority: ROLE_USER
Sun Jul 05 14:18:14 ICT 2026 - Authentication set in SecurityContext for user: lequochoaiduc04@gmail.com
Sun Jul 05 14:18:14 ICT 2026 - === doFilterInternal END ===
Sun Jul 05 14:18:24 ICT 2026 - === doFilterInternal START ===
Sun Jul 05 14:18:24 ICT 2026 - Request URI: /api/chat/unread-count/b1f3d0f5-efee-46fa-9fdd-4ab81d4bd466
Sun Jul 05 14:18:24 ICT 2026 - === doFilterInternal START ===
Sun Jul 05 14:18:24 ICT 2026 - Request URI: /api/chat/unread-count/dd9af4b6-c947-4a7c-a01b-b09d3dd76b2a
Sun Jul 05 14:18:24 ICT 2026 - Token found. Length: 1374
Sun Jul 05 14:18:24 ICT 2026 - Token found. Length: 1414
Sun Jul 05 14:18:24 ICT 2026 - Token validated successfully. Subject: dd9af4b6-c947-4a7c-a01b-b09d3dd76b2a
Sun Jul 05 14:18:24 ICT 2026 - Token validated successfully. Subject: b1f3d0f5-efee-46fa-9fdd-4ab81d4bd466
Sun Jul 05 14:18:24 ICT 2026 - User found in database: hoaiduclequoc@gmail.com | DB Role: 2 | Mapped Authority: ROLE_ADMIN
Sun Jul 05 14:18:24 ICT 2026 - Authentication set in SecurityContext for user: hoaiduclequoc@gmail.com
Sun Jul 05 14:18:24 ICT 2026 - === doFilterInternal END ===
Sun Jul 05 14:18:24 ICT 2026 - User found in database: lequochoaiduc04@gmail.com | DB Role: 0 | Mapped Authority: ROLE_USER
Sun Jul 05 14:18:24 ICT 2026 - Authentication set in SecurityContext for user: lequochoaiduc04@gmail.com
Sun Jul 05 14:18:24 ICT 2026 - === doFilterInternal END ===
Sun Jul 05 14:18:34 ICT 2026 - === doFilterInternal START ===
Sun Jul 05 14:18:34 ICT 2026 - Request URI: /api/chat/unread-count/b1f3d0f5-efee-46fa-9fdd-4ab81d4bd466
Sun Jul 05 14:18:34 ICT 2026 - === doFilterInternal START ===
Sun Jul 05 14:18:34 ICT 2026 - Request URI: /api/chat/unread-count/dd9af4b6-c947-4a7c-a01b-b09d3dd76b2a
Sun Jul 05 14:18:34 ICT 2026 - Token found. Length: 1374
Sun Jul 05 14:18:34 ICT 2026 - Token found. Length: 1414
Sun Jul 05 14:18:34 ICT 2026 - Token validated successfully. Subject: b1f3d0f5-efee-46fa-9fdd-4ab81d4bd466
Sun Jul 05 14:18:34 ICT 2026 - Token validated successfully. Subject: dd9af4b6-c947-4a7c-a01b-b09d3dd76b2a
Sun Jul 05 14:18:34 ICT 2026 - User found in database: hoaiduclequoc@gmail.com | DB Role: 2 | Mapped Authority: ROLE_ADMIN
Sun Jul 05 14:18:34 ICT 2026 - Authentication set in SecurityContext for user: hoaiduclequoc@gmail.com
Sun Jul 05 14:18:34 ICT 2026 - === doFilterInternal END ===
Sun Jul 05 14:18:34 ICT 2026 - User found in database: lequochoaiduc04@gmail.com | DB Role: 0 | Mapped Authority: ROLE_USER
Sun Jul 05 14:18:34 ICT 2026 - Authentication set in SecurityContext for user: lequochoaiduc04@gmail.com
Sun Jul 05 14:18:34 ICT 2026 - === doFilterInternal END ===
Sun Jul 05 14:18:44 ICT 2026 - === doFilterInternal START ===
Sun Jul 05 14:18:44 ICT 2026 - Request URI: /api/chat/unread-count/b1f3d0f5-efee-46fa-9fdd-4ab81d4bd466
Sun Jul 05 14:18:44 ICT 2026 - === doFilterInternal START ===
Sun Jul 05 14:18:44 ICT 2026 - Request URI: /api/chat/unread-count/dd9af4b6-c947-4a7c-a01b-b09d3dd76b2a
Sun Jul 05 14:18:44 ICT 2026 - Token found. Length: 1374
Sun Jul 05 14:18:44 ICT 2026 - Token found. Length: 1414
Sun Jul 05 14:18:44 ICT 2026 - Token validated successfully. Subject: dd9af4b6-c947-4a7c-a01b-b09d3dd76b2a
Sun Jul 05 14:18:44 ICT 2026 - Token validated successfully. Subject: b1f3d0f5-efee-46fa-9fdd-4ab81d4bd466
Sun Jul 05 14:18:44 ICT 2026 - User found in database: lequochoaiduc04@gmail.com | DB Role: 0 | Mapped Authority: ROLE_USER
Sun Jul 05 14:18:44 ICT 2026 - User found in database: hoaiduclequoc@gmail.com | DB Role: 2 | Mapped Authority: ROLE_ADMIN
Sun Jul 05 14:18:44 ICT 2026 - Authentication set in SecurityContext for user: lequochoaiduc04@gmail.com
Sun Jul 05 14:18:44 ICT 2026 - === doFilterInternal END ===
Sun Jul 05 14:18:44 ICT 2026 - Authentication set in SecurityContext for user: hoaiduclequoc@gmail.com
Sun Jul 05 14:18:44 ICT 2026 - === doFilterInternal END ===
Sun Jul 05 14:18:54 ICT 2026 - === doFilterInternal START ===
Sun Jul 05 14:18:54 ICT 2026 - Request URI: /api/chat/unread-count/b1f3d0f5-efee-46fa-9fdd-4ab81d4bd466
Sun Jul 05 14:18:54 ICT 2026 - === doFilterInternal START ===
Sun Jul 05 14:18:54 ICT 2026 - Request URI: /api/chat/unread-count/dd9af4b6-c947-4a7c-a01b-b09d3dd76b2a
Sun Jul 05 14:18:54 ICT 2026 - Token found. Length: 1374
Sun Jul 05 14:18:54 ICT 2026 - Token found. Length: 1414
Sun Jul 05 14:18:54 ICT 2026 - Token validated successfully. Subject: b1f3d0f5-efee-46fa-9fdd-4ab81d4bd466
Sun Jul 05 14:18:54 ICT 2026 - Token validated successfully. Subject: dd9af4b6-c947-4a7c-a01b-b09d3dd76b2a
Sun Jul 05 14:18:54 ICT 2026 - User found in database: hoaiduclequoc@gmail.com | DB Role: 2 | Mapped Authority: ROLE_ADMIN
Sun Jul 05 14:18:54 ICT 2026 - Authentication set in SecurityContext for user: hoaiduclequoc@gmail.com
Sun Jul 05 14:18:54 ICT 2026 - === doFilterInternal END ===
Sun Jul 05 14:18:54 ICT 2026 - User found in database: lequochoaiduc04@gmail.com | DB Role: 0 | Mapped Authority: ROLE_USER
Sun Jul 05 14:18:54 ICT 2026 - Authentication set in SecurityContext for user: lequochoaiduc04@gmail.com
Sun Jul 05 14:18:54 ICT 2026 - === doFilterInternal END ===
Sun Jul 05 14:19:28 ICT 2026 - === doFilterInternal START ===
Sun Jul 05 14:19:28 ICT 2026 - Request URI: /api/chat/unread-count/dd9af4b6-c947-4a7c-a01b-b09d3dd76b2a
Sun Jul 05 14:19:28 ICT 2026 - Token found. Length: 1414
Sun Jul 05 14:19:28 ICT 2026 - Token validated successfully. Subject: dd9af4b6-c947-4a7c-a01b-b09d3dd76b2a
Sun Jul 05 14:19:28 ICT 2026 - === doFilterInternal START ===
Sun Jul 05 14:19:28 ICT 2026 - Request URI: /api/streaks/dd9af4b6-c947-4a7c-a01b-b09d3dd76b2a
Sun Jul 05 14:19:28 ICT 2026 - Token found. Length: 1414
Sun Jul 05 14:19:28 ICT 2026 - Token validated successfully. Subject: dd9af4b6-c947-4a7c-a01b-b09d3dd76b2a
Sun Jul 05 14:19:29 ICT 2026 - User found in database: lequochoaiduc04@gmail.com | DB Role: 0 | Mapped Authority: ROLE_USER
Sun Jul 05 14:19:29 ICT 2026 - Authentication set in SecurityContext for user: lequochoaiduc04@gmail.com
Sun Jul 05 14:19:29 ICT 2026 - === doFilterInternal END ===
Sun Jul 05 14:19:29 ICT 2026 - User found in database: lequochoaiduc04@gmail.com | DB Role: 0 | Mapped Authority: ROLE_USER
Sun Jul 05 14:19:29 ICT 2026 - Authentication set in SecurityContext for user: lequochoaiduc04@gmail.com
Sun Jul 05 14:19:29 ICT 2026 - === doFilterInternal END ===
Sun Jul 05 14:19:29 ICT 2026 - === doFilterInternal START ===
Sun Jul 05 14:19:29 ICT 2026 - Request URI: /api/chat/unread-count/b1f3d0f5-efee-46fa-9fdd-4ab81d4bd466
Sun Jul 05 14:19:29 ICT 2026 - Token found. Length: 1374
Sun Jul 05 14:19:29 ICT 2026 - Token validated successfully. Subject: b1f3d0f5-efee-46fa-9fdd-4ab81d4bd466
Sun Jul 05 14:19:29 ICT 2026 - User found in database: hoaiduclequoc@gmail.com | DB Role: 2 | Mapped Authority: ROLE_ADMIN
Sun Jul 05 14:19:29 ICT 2026 - Authentication set in SecurityContext for user: hoaiduclequoc@gmail.com
Sun Jul 05 14:19:29 ICT 2026 - === doFilterInternal END ===
Sun Jul 05 14:19:30 ICT 2026 - === doFilterInternal START ===
Sun Jul 05 14:19:30 ICT 2026 - Request URI: /api/streaks/b1f3d0f5-efee-46fa-9fdd-4ab81d4bd466
Sun Jul 05 14:19:30 ICT 2026 - Token found. Length: 1374
Sun Jul 05 14:19:30 ICT 2026 - Token validated successfully. Subject: b1f3d0f5-efee-46fa-9fdd-4ab81d4bd466
Sun Jul 05 14:19:30 ICT 2026 - User found in database: hoaiduclequoc@gmail.com | DB Role: 2 | Mapped Authority: ROLE_ADMIN
Sun Jul 05 14:19:30 ICT 2026 - Authentication set in SecurityContext for user: hoaiduclequoc@gmail.com
Sun Jul 05 14:19:30 ICT 2026 - === doFilterInternal END ===
Sun Jul 05 14:19:39 ICT 2026 - === doFilterInternal START ===
Sun Jul 05 14:19:39 ICT 2026 - Request URI: /api/streaks/dd9af4b6-c947-4a7c-a01b-b09d3dd76b2a/update
Sun Jul 05 14:19:39 ICT 2026 - === doFilterInternal START ===
Sun Jul 05 14:19:39 ICT 2026 - Request URI: /api/chat/unread-count/dd9af4b6-c947-4a7c-a01b-b09d3dd76b2a
Sun Jul 05 14:19:39 ICT 2026 - Token found. Length: 1414
Sun Jul 05 14:19:39 ICT 2026 - Token found. Length: 1414
Sun Jul 05 14:19:39 ICT 2026 - Token validated successfully. Subject: dd9af4b6-c947-4a7c-a01b-b09d3dd76b2a
Sun Jul 05 14:19:39 ICT 2026 - Token validated successfully. Subject: dd9af4b6-c947-4a7c-a01b-b09d3dd76b2a
Sun Jul 05 14:19:39 ICT 2026 - User found in database: lequochoaiduc04@gmail.com | DB Role: 0 | Mapped Authority: ROLE_USER
Sun Jul 05 14:19:39 ICT 2026 - Authentication set in SecurityContext for user: lequochoaiduc04@gmail.com
Sun Jul 05 14:19:39 ICT 2026 - === doFilterInternal END ===
Sun Jul 05 14:19:39 ICT 2026 - User found in database: lequochoaiduc04@gmail.com | DB Role: 0 | Mapped Authority: ROLE_USER
Sun Jul 05 14:19:39 ICT 2026 - Authentication set in SecurityContext for user: lequochoaiduc04@gmail.com
Sun Jul 05 14:19:39 ICT 2026 - === doFilterInternal END ===
Sun Jul 05 14:19:41 ICT 2026 - === doFilterInternal START ===
Sun Jul 05 14:19:41 ICT 2026 - Request URI: /api/streaks/b1f3d0f5-efee-46fa-9fdd-4ab81d4bd466/update
Sun Jul 05 14:19:41 ICT 2026 - Token found. Length: 1374
Sun Jul 05 14:19:41 ICT 2026 - === doFilterInternal START ===
Sun Jul 05 14:19:41 ICT 2026 - Request URI: /api/chat/unread-count/b1f3d0f5-efee-46fa-9fdd-4ab81d4bd466
Sun Jul 05 14:19:41 ICT 2026 - Token found. Length: 1374
Sun Jul 05 14:19:41 ICT 2026 - Token validated successfully. Subject: b1f3d0f5-efee-46fa-9fdd-4ab81d4bd466
Sun Jul 05 14:19:41 ICT 2026 - Token validated successfully. Subject: b1f3d0f5-efee-46fa-9fdd-4ab81d4bd466
Sun Jul 05 14:19:41 ICT 2026 - User found in database: hoaiduclequoc@gmail.com | DB Role: 2 | Mapped Authority: ROLE_ADMIN
Sun Jul 05 14:19:41 ICT 2026 - User found in database: hoaiduclequoc@gmail.com | DB Role: 2 | Mapped Authority: ROLE_ADMIN
Sun Jul 05 14:19:41 ICT 2026 - Authentication set in SecurityContext for user: hoaiduclequoc@gmail.com
Sun Jul 05 14:19:41 ICT 2026 - === doFilterInternal END ===
Sun Jul 05 14:19:41 ICT 2026 - Authentication set in SecurityContext for user: hoaiduclequoc@gmail.com
Sun Jul 05 14:19:41 ICT 2026 - === doFilterInternal END ===
Sun Jul 05 14:19:49 ICT 2026 - === doFilterInternal START ===
Sun Jul 05 14:19:49 ICT 2026 - Request URI: /api/chat/unread-count/dd9af4b6-c947-4a7c-a01b-b09d3dd76b2a
Sun Jul 05 14:19:49 ICT 2026 - Token found. Length: 1414
Sun Jul 05 14:19:49 ICT 2026 - Token validated successfully. Subject: dd9af4b6-c947-4a7c-a01b-b09d3dd76b2a
Sun Jul 05 14:19:49 ICT 2026 - User found in database: lequochoaiduc04@gmail.com | DB Role: 0 | Mapped Authority: ROLE_USER
Sun Jul 05 14:19:49 ICT 2026 - Authentication set in SecurityContext for user: lequochoaiduc04@gmail.com
Sun Jul 05 14:19:49 ICT 2026 - === doFilterInternal END ===
Sun Jul 05 14:19:51 ICT 2026 - === doFilterInternal START ===
Sun Jul 05 14:19:51 ICT 2026 - Request URI: /api/chat/unread-count/b1f3d0f5-efee-46fa-9fdd-4ab81d4bd466
Sun Jul 05 14:19:51 ICT 2026 - Token found. Length: 1374
Sun Jul 05 14:19:51 ICT 2026 - Token validated successfully. Subject: b1f3d0f5-efee-46fa-9fdd-4ab81d4bd466
Sun Jul 05 14:19:51 ICT 2026 - User found in database: hoaiduclequoc@gmail.com | DB Role: 2 | Mapped Authority: ROLE_ADMIN
Sun Jul 05 14:19:51 ICT 2026 - Authentication set in SecurityContext for user: hoaiduclequoc@gmail.com
Sun Jul 05 14:19:51 ICT 2026 - === doFilterInternal END ===
Sun Jul 05 14:19:59 ICT 2026 - === doFilterInternal START ===
Sun Jul 05 14:19:59 ICT 2026 - Request URI: /api/chat/unread-count/dd9af4b6-c947-4a7c-a01b-b09d3dd76b2a
Sun Jul 05 14:19:59 ICT 2026 - Token found. Length: 1414
Sun Jul 05 14:19:59 ICT 2026 - Token validated successfully. Subject: dd9af4b6-c947-4a7c-a01b-b09d3dd76b2a
Sun Jul 05 14:19:59 ICT 2026 - User found in database: lequochoaiduc04@gmail.com | DB Role: 0 | Mapped Authority: ROLE_USER
Sun Jul 05 14:19:59 ICT 2026 - Authentication set in SecurityContext for user: lequochoaiduc04@gmail.com
Sun Jul 05 14:19:59 ICT 2026 - === doFilterInternal END ===
Sun Jul 05 14:20:01 ICT 2026 - === doFilterInternal START ===
Sun Jul 05 14:20:01 ICT 2026 - Request URI: /api/chat/unread-count/b1f3d0f5-efee-46fa-9fdd-4ab81d4bd466
Sun Jul 05 14:20:01 ICT 2026 - Token found. Length: 1374
Sun Jul 05 14:20:01 ICT 2026 - Token validated successfully. Subject: b1f3d0f5-efee-46fa-9fdd-4ab81d4bd466
Sun Jul 05 14:20:01 ICT 2026 - User found in database: hoaiduclequoc@gmail.com | DB Role: 2 | Mapped Authority: ROLE_ADMIN
Sun Jul 05 14:20:01 ICT 2026 - Authentication set in SecurityContext for user: hoaiduclequoc@gmail.com
Sun Jul 05 14:20:01 ICT 2026 - === doFilterInternal END ===
Sun Jul 05 14:20:07 ICT 2026 - === doFilterInternal START ===
Sun Jul 05 14:20:07 ICT 2026 - Request URI: /api/streaks/dd9af4b6-c947-4a7c-a01b-b09d3dd76b2a
Sun Jul 05 14:20:07 ICT 2026 - Token found. Length: 1414
Sun Jul 05 14:20:07 ICT 2026 - Token validated successfully. Subject: dd9af4b6-c947-4a7c-a01b-b09d3dd76b2a
Sun Jul 05 14:20:07 ICT 2026 - User found in database: lequochoaiduc04@gmail.com | DB Role: 0 | Mapped Authority: ROLE_USER
Sun Jul 05 14:20:07 ICT 2026 - Authentication set in SecurityContext for user: lequochoaiduc04@gmail.com
Sun Jul 05 14:20:07 ICT 2026 - === doFilterInternal END ===
Sun Jul 05 14:20:11 ICT 2026 - === doFilterInternal START ===
Sun Jul 05 14:20:11 ICT 2026 - Request URI: /api/chat/unread-count/b1f3d0f5-efee-46fa-9fdd-4ab81d4bd466
Sun Jul 05 14:20:11 ICT 2026 - Token found. Length: 1374
Sun Jul 05 14:20:11 ICT 2026 - Token validated successfully. Subject: b1f3d0f5-efee-46fa-9fdd-4ab81d4bd466
Sun Jul 05 14:20:11 ICT 2026 - User found in database: hoaiduclequoc@gmail.com | DB Role: 2 | Mapped Authority: ROLE_ADMIN
Sun Jul 05 14:20:11 ICT 2026 - Authentication set in SecurityContext for user: hoaiduclequoc@gmail.com
Sun Jul 05 14:20:11 ICT 2026 - === doFilterInternal END ===
Sun Jul 05 14:20:18 ICT 2026 - === doFilterInternal START ===
Sun Jul 05 14:20:18 ICT 2026 - Request URI: /api/chat/unread-count/dd9af4b6-c947-4a7c-a01b-b09d3dd76b2a
Sun Jul 05 14:20:18 ICT 2026 - === doFilterInternal START ===
Sun Jul 05 14:20:18 ICT 2026 - Request URI: /api/streaks/dd9af4b6-c947-4a7c-a01b-b09d3dd76b2a/update
Sun Jul 05 14:20:18 ICT 2026 - Token found. Length: 1414
Sun Jul 05 14:20:18 ICT 2026 - Token found. Length: 1414
Sun Jul 05 14:20:18 ICT 2026 - Token validated successfully. Subject: dd9af4b6-c947-4a7c-a01b-b09d3dd76b2a
Sun Jul 05 14:20:18 ICT 2026 - Token validated successfully. Subject: dd9af4b6-c947-4a7c-a01b-b09d3dd76b2a
Sun Jul 05 14:20:18 ICT 2026 - User found in database: lequochoaiduc04@gmail.com | DB Role: 0 | Mapped Authority: ROLE_USER
Sun Jul 05 14:20:18 ICT 2026 - Authentication set in SecurityContext for user: lequochoaiduc04@gmail.com
Sun Jul 05 14:20:18 ICT 2026 - === doFilterInternal END ===
Sun Jul 05 14:20:18 ICT 2026 - User found in database: lequochoaiduc04@gmail.com | DB Role: 0 | Mapped Authority: ROLE_USER
Sun Jul 05 14:20:18 ICT 2026 - Authentication set in SecurityContext for user: lequochoaiduc04@gmail.com
Sun Jul 05 14:20:18 ICT 2026 - === doFilterInternal END ===
Sun Jul 05 14:20:21 ICT 2026 - === doFilterInternal START ===
Sun Jul 05 14:20:21 ICT 2026 - Request URI: /api/chat/unread-count/b1f3d0f5-efee-46fa-9fdd-4ab81d4bd466
Sun Jul 05 14:20:21 ICT 2026 - Token found. Length: 1374
Sun Jul 05 14:20:21 ICT 2026 - Token validated successfully. Subject: b1f3d0f5-efee-46fa-9fdd-4ab81d4bd466
Sun Jul 05 14:20:21 ICT 2026 - User found in database: hoaiduclequoc@gmail.com | DB Role: 2 | Mapped Authority: ROLE_ADMIN
Sun Jul 05 14:20:21 ICT 2026 - Authentication set in SecurityContext for user: hoaiduclequoc@gmail.com
Sun Jul 05 14:20:21 ICT 2026 - === doFilterInternal END ===
Sun Jul 05 14:20:28 ICT 2026 - === doFilterInternal START ===
Sun Jul 05 14:20:28 ICT 2026 - Request URI: /api/chat/unread-count/dd9af4b6-c947-4a7c-a01b-b09d3dd76b2a
Sun Jul 05 14:20:28 ICT 2026 - Token found. Length: 1414
Sun Jul 05 14:20:28 ICT 2026 - Token validated successfully. Subject: dd9af4b6-c947-4a7c-a01b-b09d3dd76b2a
Sun Jul 05 14:20:28 ICT 2026 - User found in database: lequochoaiduc04@gmail.com | DB Role: 0 | Mapped Authority: ROLE_USER
Sun Jul 05 14:20:28 ICT 2026 - Authentication set in SecurityContext for user: lequochoaiduc04@gmail.com
Sun Jul 05 14:20:28 ICT 2026 - === doFilterInternal END ===
Sun Jul 05 14:20:31 ICT 2026 - === doFilterInternal START ===
Sun Jul 05 14:20:31 ICT 2026 - Request URI: /api/chat/unread-count/b1f3d0f5-efee-46fa-9fdd-4ab81d4bd466
Sun Jul 05 14:20:31 ICT 2026 - Token found. Length: 1374
Sun Jul 05 14:20:31 ICT 2026 - Token validated successfully. Subject: b1f3d0f5-efee-46fa-9fdd-4ab81d4bd466
Sun Jul 05 14:20:31 ICT 2026 - User found in database: hoaiduclequoc@gmail.com | DB Role: 2 | Mapped Authority: ROLE_ADMIN
Sun Jul 05 14:20:31 ICT 2026 - Authentication set in SecurityContext for user: hoaiduclequoc@gmail.com
Sun Jul 05 14:20:31 ICT 2026 - === doFilterInternal END ===
Sun Jul 05 14:20:38 ICT 2026 - === doFilterInternal START ===
Sun Jul 05 14:20:38 ICT 2026 - Request URI: /api/chat/unread-count/dd9af4b6-c947-4a7c-a01b-b09d3dd76b2a
Sun Jul 05 14:20:38 ICT 2026 - Token found. Length: 1414
Sun Jul 05 14:20:38 ICT 2026 - Token validated successfully. Subject: dd9af4b6-c947-4a7c-a01b-b09d3dd76b2a
Sun Jul 05 14:20:38 ICT 2026 - User found in database: lequochoaiduc04@gmail.com | DB Role: 0 | Mapped Authority: ROLE_USER
Sun Jul 05 14:20:38 ICT 2026 - Authentication set in SecurityContext for user: lequochoaiduc04@gmail.com
Sun Jul 05 14:20:38 ICT 2026 - === doFilterInternal END ===
Sun Jul 05 14:20:46 ICT 2026 - === doFilterInternal START ===
Sun Jul 05 14:20:46 ICT 2026 - Request URI: /api/chat/unread-count/b1f3d0f5-efee-46fa-9fdd-4ab81d4bd466
Sun Jul 05 14:20:46 ICT 2026 - Token found. Length: 1374
Sun Jul 05 14:20:46 ICT 2026 - === doFilterInternal START ===
Sun Jul 05 14:20:46 ICT 2026 - Request URI: /api/streaks/b1f3d0f5-efee-46fa-9fdd-4ab81d4bd466
Sun Jul 05 14:20:46 ICT 2026 - Token found. Length: 1374
Sun Jul 05 14:20:46 ICT 2026 - Token validated successfully. Subject: b1f3d0f5-efee-46fa-9fdd-4ab81d4bd466
Sun Jul 05 14:20:46 ICT 2026 - Token validated successfully. Subject: b1f3d0f5-efee-46fa-9fdd-4ab81d4bd466
Sun Jul 05 14:20:46 ICT 2026 - User found in database: hoaiduclequoc@gmail.com | DB Role: 2 | Mapped Authority: ROLE_ADMIN
Sun Jul 05 14:20:46 ICT 2026 - Authentication set in SecurityContext for user: hoaiduclequoc@gmail.com
Sun Jul 05 14:20:46 ICT 2026 - === doFilterInternal END ===
Sun Jul 05 14:20:46 ICT 2026 - User found in database: hoaiduclequoc@gmail.com | DB Role: 2 | Mapped Authority: ROLE_ADMIN
Sun Jul 05 14:20:46 ICT 2026 - Authentication set in SecurityContext for user: hoaiduclequoc@gmail.com
Sun Jul 05 14:20:46 ICT 2026 - === doFilterInternal END ===
Sun Jul 05 14:20:47 ICT 2026 - === doFilterInternal START ===
Sun Jul 05 14:20:47 ICT 2026 - Request URI: /api/admin/comments
Sun Jul 05 14:20:47 ICT 2026 - === doFilterInternal START ===
Sun Jul 05 14:20:47 ICT 2026 - Request URI: /api/admin/stats
Sun Jul 05 14:20:47 ICT 2026 - === doFilterInternal START ===
Sun Jul 05 14:20:47 ICT 2026 - Request URI: /api/admin/posts
Sun Jul 05 14:20:47 ICT 2026 - Token found. Length: 1374
Sun Jul 05 14:20:47 ICT 2026 - Token found. Length: 1374
Sun Jul 05 14:20:47 ICT 2026 - Token found. Length: 1374
Sun Jul 05 14:20:47 ICT 2026 - Token validated successfully. Subject: b1f3d0f5-efee-46fa-9fdd-4ab81d4bd466
Sun Jul 05 14:20:47 ICT 2026 - Token validated successfully. Subject: b1f3d0f5-efee-46fa-9fdd-4ab81d4bd466
Sun Jul 05 14:20:47 ICT 2026 - Token validated successfully. Subject: b1f3d0f5-efee-46fa-9fdd-4ab81d4bd466
Sun Jul 05 14:20:47 ICT 2026 - User found in database: hoaiduclequoc@gmail.com | DB Role: 2 | Mapped Authority: ROLE_ADMIN
Sun Jul 05 14:20:47 ICT 2026 - Authentication set in SecurityContext for user: hoaiduclequoc@gmail.com
Sun Jul 05 14:20:47 ICT 2026 - === doFilterInternal END ===
Sun Jul 05 14:20:47 ICT 2026 - User found in database: hoaiduclequoc@gmail.com | DB Role: 2 | Mapped Authority: ROLE_ADMIN
Sun Jul 05 14:20:47 ICT 2026 - User found in database: hoaiduclequoc@gmail.com | DB Role: 2 | Mapped Authority: ROLE_ADMIN
Sun Jul 05 14:20:47 ICT 2026 - Authentication set in SecurityContext for user: hoaiduclequoc@gmail.com
Sun Jul 05 14:20:47 ICT 2026 - === doFilterInternal END ===
Sun Jul 05 14:20:47 ICT 2026 - Authentication set in SecurityContext for user: hoaiduclequoc@gmail.com
Sun Jul 05 14:20:47 ICT 2026 - === doFilterInternal END ===
Sun Jul 05 14:20:48 ICT 2026 - === doFilterInternal START ===
Sun Jul 05 14:20:48 ICT 2026 - Request URI: /api/chat/unread-count/dd9af4b6-c947-4a7c-a01b-b09d3dd76b2a
Sun Jul 05 14:20:48 ICT 2026 - Token found. Length: 1414
Sun Jul 05 14:20:48 ICT 2026 - Token validated successfully. Subject: dd9af4b6-c947-4a7c-a01b-b09d3dd76b2a
Sun Jul 05 14:20:48 ICT 2026 - User found in database: lequochoaiduc04@gmail.com | DB Role: 0 | Mapped Authority: ROLE_USER
Sun Jul 05 14:20:48 ICT 2026 - Authentication set in SecurityContext for user: lequochoaiduc04@gmail.com
Sun Jul 05 14:20:48 ICT 2026 - === doFilterInternal END ===
Sun Jul 05 14:21:59 ICT 2026 - === doFilterInternal START ===
Sun Jul 05 14:21:59 ICT 2026 - Request URI: /api/chat/unread-count/b1f3d0f5-efee-46fa-9fdd-4ab81d4bd466
Sun Jul 05 14:21:59 ICT 2026 - Token found. Length: 1374
Sun Jul 05 14:21:59 ICT 2026 - Token validated successfully. Subject: b1f3d0f5-efee-46fa-9fdd-4ab81d4bd466
Sun Jul 05 14:22:00 ICT 2026 - User found in database: hoaiduclequoc@gmail.com | DB Role: 2 | Mapped Authority: ROLE_ADMIN
Sun Jul 05 14:22:00 ICT 2026 - Authentication set in SecurityContext for user: hoaiduclequoc@gmail.com
Sun Jul 05 14:22:00 ICT 2026 - === doFilterInternal END ===
Sun Jul 05 14:22:09 ICT 2026 - === doFilterInternal START ===
Sun Jul 05 14:22:09 ICT 2026 - Request URI: /api/chat/unread-count/b1f3d0f5-efee-46fa-9fdd-4ab81d4bd466
Sun Jul 05 14:22:09 ICT 2026 - Token found. Length: 1374
Sun Jul 05 14:22:09 ICT 2026 - Token validated successfully. Subject: b1f3d0f5-efee-46fa-9fdd-4ab81d4bd466
Sun Jul 05 14:22:09 ICT 2026 - User found in database: hoaiduclequoc@gmail.com | DB Role: 2 | Mapped Authority: ROLE_ADMIN
Sun Jul 05 14:22:09 ICT 2026 - Authentication set in SecurityContext for user: hoaiduclequoc@gmail.com
Sun Jul 05 14:22:09 ICT 2026 - === doFilterInternal END ===
Sun Jul 05 14:22:19 ICT 2026 - === doFilterInternal START ===
Sun Jul 05 14:22:19 ICT 2026 - Request URI: /api/chat/unread-count/b1f3d0f5-efee-46fa-9fdd-4ab81d4bd466
Sun Jul 05 14:22:19 ICT 2026 - Token found. Length: 1374
Sun Jul 05 14:22:19 ICT 2026 - Token validated successfully. Subject: b1f3d0f5-efee-46fa-9fdd-4ab81d4bd466
Sun Jul 05 14:22:19 ICT 2026 - User found in database: hoaiduclequoc@gmail.com | DB Role: 2 | Mapped Authority: ROLE_ADMIN
Sun Jul 05 14:22:19 ICT 2026 - Authentication set in SecurityContext for user: hoaiduclequoc@gmail.com
Sun Jul 05 14:22:19 ICT 2026 - === doFilterInternal END ===
Sun Jul 05 14:22:29 ICT 2026 - === doFilterInternal START ===
Sun Jul 05 14:22:29 ICT 2026 - Request URI: /api/chat/unread-count/b1f3d0f5-efee-46fa-9fdd-4ab81d4bd466
Sun Jul 05 14:22:29 ICT 2026 - === doFilterInternal START ===
Sun Jul 05 14:22:29 ICT 2026 - Request URI: /api/chat/unread-count/dd9af4b6-c947-4a7c-a01b-b09d3dd76b2a
Sun Jul 05 14:22:29 ICT 2026 - Token found. Length: 1374
Sun Jul 05 14:22:29 ICT 2026 - Token found. Length: 1414
Sun Jul 05 14:22:29 ICT 2026 - Token validated successfully. Subject: dd9af4b6-c947-4a7c-a01b-b09d3dd76b2a
Sun Jul 05 14:22:29 ICT 2026 - Token validated successfully. Subject: b1f3d0f5-efee-46fa-9fdd-4ab81d4bd466
Sun Jul 05 14:22:29 ICT 2026 - User found in database: hoaiduclequoc@gmail.com | DB Role: 2 | Mapped Authority: ROLE_ADMIN
Sun Jul 05 14:22:29 ICT 2026 - Authentication set in SecurityContext for user: hoaiduclequoc@gmail.com
Sun Jul 05 14:22:29 ICT 2026 - === doFilterInternal END ===
Sun Jul 05 14:22:29 ICT 2026 - User found in database: lequochoaiduc04@gmail.com | DB Role: 0 | Mapped Authority: ROLE_USER
Sun Jul 05 14:22:29 ICT 2026 - Authentication set in SecurityContext for user: lequochoaiduc04@gmail.com
Sun Jul 05 14:22:29 ICT 2026 - === doFilterInternal END ===
Sun Jul 05 14:22:39 ICT 2026 - === doFilterInternal START ===
Sun Jul 05 14:22:39 ICT 2026 - Request URI: /api/chat/unread-count/b1f3d0f5-efee-46fa-9fdd-4ab81d4bd466
Sun Jul 05 14:22:39 ICT 2026 - Token found. Length: 1374
Sun Jul 05 14:22:39 ICT 2026 - Token validated successfully. Subject: b1f3d0f5-efee-46fa-9fdd-4ab81d4bd466
Sun Jul 05 14:22:39 ICT 2026 - User found in database: hoaiduclequoc@gmail.com | DB Role: 2 | Mapped Authority: ROLE_ADMIN
Sun Jul 05 14:22:39 ICT 2026 - Authentication set in SecurityContext for user: hoaiduclequoc@gmail.com
Sun Jul 05 14:22:39 ICT 2026 - === doFilterInternal END ===
Sun Jul 05 14:23:21 ICT 2026 - === doFilterInternal START ===
Sun Jul 05 14:23:21 ICT 2026 - Request URI: /api/streaks/b1f3d0f5-efee-46fa-9fdd-4ab81d4bd466
Sun Jul 05 14:23:21 ICT 2026 - === doFilterInternal START ===
Sun Jul 05 14:23:21 ICT 2026 - Request URI: /api/chat/unread-count/b1f3d0f5-efee-46fa-9fdd-4ab81d4bd466
Sun Jul 05 14:23:21 ICT 2026 - Token found. Length: 1374
Sun Jul 05 14:23:21 ICT 2026 - Token found. Length: 1374
Sun Jul 05 14:23:21 ICT 2026 - Token validated successfully. Subject: b1f3d0f5-efee-46fa-9fdd-4ab81d4bd466
Sun Jul 05 14:23:21 ICT 2026 - Token validated successfully. Subject: b1f3d0f5-efee-46fa-9fdd-4ab81d4bd466
Sun Jul 05 14:23:21 ICT 2026 - User found in database: hoaiduclequoc@gmail.com | DB Role: 2 | Mapped Authority: ROLE_ADMIN
Sun Jul 05 14:23:21 ICT 2026 - Authentication set in SecurityContext for user: hoaiduclequoc@gmail.com
Sun Jul 05 14:23:21 ICT 2026 - === doFilterInternal END ===
Sun Jul 05 14:23:21 ICT 2026 - User found in database: hoaiduclequoc@gmail.com | DB Role: 2 | Mapped Authority: ROLE_ADMIN
Sun Jul 05 14:23:21 ICT 2026 - Authentication set in SecurityContext for user: hoaiduclequoc@gmail.com
Sun Jul 05 14:23:21 ICT 2026 - === doFilterInternal END ===
Sun Jul 05 14:23:23 ICT 2026 - === doFilterInternal START ===
Sun Jul 05 14:23:23 ICT 2026 - Request URI: /api/auth/login
Sun Jul 05 14:23:23 ICT 2026 - === doFilterInternal START ===
Sun Jul 05 14:23:23 ICT 2026 - Request URI: /api/chat/unread-count/b1f3d0f5-efee-46fa-9fdd-4ab81d4bd466
Sun Jul 05 14:23:23 ICT 2026 - Token found. Length: 1374
Sun Jul 05 14:23:23 ICT 2026 - Token found. Length: 1374
Sun Jul 05 14:23:23 ICT 2026 - Token validated successfully. Subject: b1f3d0f5-efee-46fa-9fdd-4ab81d4bd466
Sun Jul 05 14:23:23 ICT 2026 - Token validated successfully. Subject: b1f3d0f5-efee-46fa-9fdd-4ab81d4bd466
Sun Jul 05 14:23:23 ICT 2026 - User found in database: hoaiduclequoc@gmail.com | DB Role: 2 | Mapped Authority: ROLE_ADMIN
Sun Jul 05 14:23:23 ICT 2026 - User found in database: hoaiduclequoc@gmail.com | DB Role: 2 | Mapped Authority: ROLE_ADMIN
Sun Jul 05 14:23:23 ICT 2026 - Authentication set in SecurityContext for user: hoaiduclequoc@gmail.com
Sun Jul 05 14:23:23 ICT 2026 - === doFilterInternal END ===
Sun Jul 05 14:23:23 ICT 2026 - Authentication set in SecurityContext for user: hoaiduclequoc@gmail.com
Sun Jul 05 14:23:23 ICT 2026 - === doFilterInternal END ===
Sun Jul 05 14:23:23 ICT 2026 - === doFilterInternal START ===
Sun Jul 05 14:23:23 ICT 2026 - Request URI: /api/classes/user/b1f3d0f5-efee-46fa-9fdd-4ab81d4bd466
Sun Jul 05 14:23:23 ICT 2026 - Token found. Length: 1374
Sun Jul 05 14:23:23 ICT 2026 - Token validated successfully. Subject: b1f3d0f5-efee-46fa-9fdd-4ab81d4bd466
Sun Jul 05 14:23:23 ICT 2026 - === doFilterInternal START ===
Sun Jul 05 14:23:23 ICT 2026 - Request URI: /api/streaks/b1f3d0f5-efee-46fa-9fdd-4ab81d4bd466
Sun Jul 05 14:23:23 ICT 2026 - Token found. Length: 1374
Sun Jul 05 14:23:23 ICT 2026 - Token validated successfully. Subject: b1f3d0f5-efee-46fa-9fdd-4ab81d4bd466
Sun Jul 05 14:23:23 ICT 2026 - === doFilterInternal START ===
Sun Jul 05 14:23:23 ICT 2026 - Request URI: /api/admin/posts
Sun Jul 05 14:23:23 ICT 2026 - === doFilterInternal START ===
Sun Jul 05 14:23:23 ICT 2026 - Request URI: /api/admin/stats
Sun Jul 05 14:23:23 ICT 2026 - Token found. Length: 1374
Sun Jul 05 14:23:23 ICT 2026 - Token found. Length: 1374
Sun Jul 05 14:23:23 ICT 2026 - === doFilterInternal START ===
Sun Jul 05 14:23:23 ICT 2026 - Request URI: /api/admin/comments
Sun Jul 05 14:23:23 ICT 2026 - Token found. Length: 1374
Sun Jul 05 14:23:23 ICT 2026 - Token validated successfully. Subject: b1f3d0f5-efee-46fa-9fdd-4ab81d4bd466
Sun Jul 05 14:23:23 ICT 2026 - Token validated successfully. Subject: b1f3d0f5-efee-46fa-9fdd-4ab81d4bd466
Sun Jul 05 14:23:23 ICT 2026 - Token validated successfully. Subject: b1f3d0f5-efee-46fa-9fdd-4ab81d4bd466
Sun Jul 05 14:23:23 ICT 2026 - === doFilterInternal START ===
Sun Jul 05 14:23:23 ICT 2026 - Request URI: /api/admin/users
Sun Jul 05 14:23:23 ICT 2026 - Token found. Length: 1374
Sun Jul 05 14:23:23 ICT 2026 - Token validated successfully. Subject: b1f3d0f5-efee-46fa-9fdd-4ab81d4bd466
Sun Jul 05 14:23:23 ICT 2026 - User found in database: hoaiduclequoc@gmail.com | DB Role: 2 | Mapped Authority: ROLE_ADMIN
Sun Jul 05 14:23:23 ICT 2026 - Authentication set in SecurityContext for user: hoaiduclequoc@gmail.com
Sun Jul 05 14:23:23 ICT 2026 - === doFilterInternal END ===
Sun Jul 05 14:23:23 ICT 2026 - User found in database: hoaiduclequoc@gmail.com | DB Role: 2 | Mapped Authority: ROLE_ADMIN
Sun Jul 05 14:23:23 ICT 2026 - Authentication set in SecurityContext for user: hoaiduclequoc@gmail.com
Sun Jul 05 14:23:23 ICT 2026 - === doFilterInternal END ===
Sun Jul 05 14:23:23 ICT 2026 - User found in database: hoaiduclequoc@gmail.com | DB Role: 2 | Mapped Authority: ROLE_ADMIN
Sun Jul 05 14:23:23 ICT 2026 - Authentication set in SecurityContext for user: hoaiduclequoc@gmail.com
Sun Jul 05 14:23:23 ICT 2026 - === doFilterInternal END ===
Sun Jul 05 14:23:23 ICT 2026 - User found in database: hoaiduclequoc@gmail.com | DB Role: 2 | Mapped Authority: ROLE_ADMIN
Sun Jul 05 14:23:23 ICT 2026 - Authentication set in SecurityContext for user: hoaiduclequoc@gmail.com
Sun Jul 05 14:23:23 ICT 2026 - === doFilterInternal END ===
Sun Jul 05 14:23:23 ICT 2026 - User found in database: hoaiduclequoc@gmail.com | DB Role: 2 | Mapped Authority: ROLE_ADMIN
Sun Jul 05 14:23:23 ICT 2026 - User found in database: hoaiduclequoc@gmail.com | DB Role: 2 | Mapped Authority: ROLE_ADMIN
Sun Jul 05 14:23:23 ICT 2026 - Authentication set in SecurityContext for user: hoaiduclequoc@gmail.com
Sun Jul 05 14:23:23 ICT 2026 - === doFilterInternal END ===
Sun Jul 05 14:23:23 ICT 2026 - Authentication set in SecurityContext for user: hoaiduclequoc@gmail.com
Sun Jul 05 14:23:23 ICT 2026 - === doFilterInternal END ===
Sun Jul 05 14:23:24 ICT 2026 - === doFilterInternal START ===
Sun Jul 05 14:23:24 ICT 2026 - Request URI: /api/admin/classes
Sun Jul 05 14:23:24 ICT 2026 - Token found. Length: 1374
Sun Jul 05 14:23:24 ICT 2026 - Token validated successfully. Subject: b1f3d0f5-efee-46fa-9fdd-4ab81d4bd466
Sun Jul 05 14:23:24 ICT 2026 - === doFilterInternal START ===
Sun Jul 05 14:23:24 ICT 2026 - Request URI: /api/admin/users
Sun Jul 05 14:23:24 ICT 2026 - Token found. Length: 1374
Sun Jul 05 14:23:24 ICT 2026 - Token validated successfully. Subject: b1f3d0f5-efee-46fa-9fdd-4ab81d4bd466
Sun Jul 05 14:23:24 ICT 2026 - === doFilterInternal START ===
Sun Jul 05 14:23:24 ICT 2026 - Request URI: /api/streaks/b1f3d0f5-efee-46fa-9fdd-4ab81d4bd466
Sun Jul 05 14:23:24 ICT 2026 - Token found. Length: 1374
Sun Jul 05 14:23:24 ICT 2026 - Token validated successfully. Subject: b1f3d0f5-efee-46fa-9fdd-4ab81d4bd466
Sun Jul 05 14:23:24 ICT 2026 - User found in database: hoaiduclequoc@gmail.com | DB Role: 2 | Mapped Authority: ROLE_ADMIN
Sun Jul 05 14:23:24 ICT 2026 - Authentication set in SecurityContext for user: hoaiduclequoc@gmail.com
Sun Jul 05 14:23:24 ICT 2026 - === doFilterInternal END ===
Sun Jul 05 14:23:24 ICT 2026 - User found in database: hoaiduclequoc@gmail.com | DB Role: 2 | Mapped Authority: ROLE_ADMIN
Sun Jul 05 14:23:24 ICT 2026 - Authentication set in SecurityContext for user: hoaiduclequoc@gmail.com
Sun Jul 05 14:23:24 ICT 2026 - === doFilterInternal END ===
Sun Jul 05 14:23:24 ICT 2026 - === doFilterInternal START ===
Sun Jul 05 14:23:24 ICT 2026 - Request URI: /api/admin/stats
Sun Jul 05 14:23:24 ICT 2026 - Token found. Length: 1374
Sun Jul 05 14:23:24 ICT 2026 - Token validated successfully. Subject: b1f3d0f5-efee-46fa-9fdd-4ab81d4bd466
Sun Jul 05 14:23:24 ICT 2026 - User found in database: hoaiduclequoc@gmail.com | DB Role: 2 | Mapped Authority: ROLE_ADMIN
Sun Jul 05 14:23:24 ICT 2026 - Authentication set in SecurityContext for user: hoaiduclequoc@gmail.com
Sun Jul 05 14:23:24 ICT 2026 - === doFilterInternal END ===
Sun Jul 05 14:23:24 ICT 2026 - === doFilterInternal START ===
Sun Jul 05 14:23:24 ICT 2026 - Request URI: /api/admin/comments
Sun Jul 05 14:23:24 ICT 2026 - Token found. Length: 1374
Sun Jul 05 14:23:24 ICT 2026 - User found in database: hoaiduclequoc@gmail.com | DB Role: 2 | Mapped Authority: ROLE_ADMIN
Sun Jul 05 14:23:24 ICT 2026 - Authentication set in SecurityContext for user: hoaiduclequoc@gmail.com
Sun Jul 05 14:23:24 ICT 2026 - === doFilterInternal END ===
Sun Jul 05 14:23:24 ICT 2026 - Token validated successfully. Subject: b1f3d0f5-efee-46fa-9fdd-4ab81d4bd466
Sun Jul 05 14:23:24 ICT 2026 - User found in database: hoaiduclequoc@gmail.com | DB Role: 2 | Mapped Authority: ROLE_ADMIN
Sun Jul 05 14:23:24 ICT 2026 - Authentication set in SecurityContext for user: hoaiduclequoc@gmail.com
Sun Jul 05 14:23:24 ICT 2026 - === doFilterInternal END ===
Sun Jul 05 14:23:24 ICT 2026 - === doFilterInternal START ===
Sun Jul 05 14:23:24 ICT 2026 - Request URI: /api/admin/posts
Sun Jul 05 14:23:24 ICT 2026 - Token found. Length: 1374
Sun Jul 05 14:23:24 ICT 2026 - Token validated successfully. Subject: b1f3d0f5-efee-46fa-9fdd-4ab81d4bd466
Sun Jul 05 14:23:24 ICT 2026 - === doFilterInternal START ===
Sun Jul 05 14:23:24 ICT 2026 - Request URI: /api/admin/stats
Sun Jul 05 14:23:24 ICT 2026 - Token found. Length: 1374
Sun Jul 05 14:23:24 ICT 2026 - Token validated successfully. Subject: b1f3d0f5-efee-46fa-9fdd-4ab81d4bd466
Sun Jul 05 14:23:24 ICT 2026 - User found in database: hoaiduclequoc@gmail.com | DB Role: 2 | Mapped Authority: ROLE_ADMIN
Sun Jul 05 14:23:24 ICT 2026 - Authentication set in SecurityContext for user: hoaiduclequoc@gmail.com
Sun Jul 05 14:23:24 ICT 2026 - === doFilterInternal END ===
Sun Jul 05 14:23:24 ICT 2026 - User found in database: hoaiduclequoc@gmail.com | DB Role: 2 | Mapped Authority: ROLE_ADMIN
Sun Jul 05 14:23:24 ICT 2026 - Authentication set in SecurityContext for user: hoaiduclequoc@gmail.com
Sun Jul 05 14:23:24 ICT 2026 - === doFilterInternal END ===
Sun Jul 05 14:23:24 ICT 2026 - === doFilterInternal START ===
Sun Jul 05 14:23:24 ICT 2026 - Request URI: /api/admin/comments
Sun Jul 05 14:23:24 ICT 2026 - Token found. Length: 1374
Sun Jul 05 14:23:24 ICT 2026 - Token validated successfully. Subject: b1f3d0f5-efee-46fa-9fdd-4ab81d4bd466
Sun Jul 05 14:23:24 ICT 2026 - === doFilterInternal START ===
Sun Jul 05 14:23:24 ICT 2026 - Request URI: /api/admin/classes
Sun Jul 05 14:23:24 ICT 2026 - Token found. Length: 1374
Sun Jul 05 14:23:24 ICT 2026 - Token validated successfully. Subject: b1f3d0f5-efee-46fa-9fdd-4ab81d4bd466
Sun Jul 05 14:23:24 ICT 2026 - User found in database: hoaiduclequoc@gmail.com | DB Role: 2 | Mapped Authority: ROLE_ADMIN
Sun Jul 05 14:23:24 ICT 2026 - Authentication set in SecurityContext for user: hoaiduclequoc@gmail.com
Sun Jul 05 14:23:24 ICT 2026 - === doFilterInternal END ===
Sun Jul 05 14:23:24 ICT 2026 - User found in database: hoaiduclequoc@gmail.com | DB Role: 2 | Mapped Authority: ROLE_ADMIN
Sun Jul 05 14:23:24 ICT 2026 - Authentication set in SecurityContext for user: hoaiduclequoc@gmail.com
Sun Jul 05 14:23:24 ICT 2026 - === doFilterInternal END ===
Sun Jul 05 14:23:25 ICT 2026 - === doFilterInternal START ===
Sun Jul 05 14:23:25 ICT 2026 - Request URI: /api/admin/posts
Sun Jul 05 14:23:25 ICT 2026 - Token found. Length: 1374
Sun Jul 05 14:23:25 ICT 2026 - Token validated successfully. Subject: b1f3d0f5-efee-46fa-9fdd-4ab81d4bd466
Sun Jul 05 14:23:25 ICT 2026 - User found in database: hoaiduclequoc@gmail.com | DB Role: 2 | Mapped Authority: ROLE_ADMIN
Sun Jul 05 14:23:25 ICT 2026 - Authentication set in SecurityContext for user: hoaiduclequoc@gmail.com
Sun Jul 05 14:23:25 ICT 2026 - === doFilterInternal END ===
Sun Jul 05 14:23:26 ICT 2026 - === doFilterInternal START ===
Sun Jul 05 14:23:26 ICT 2026 - Request URI: /api/admin/banned-keywords
Sun Jul 05 14:23:26 ICT 2026 - Token found. Length: 1374
Sun Jul 05 14:23:26 ICT 2026 - Token validated successfully. Subject: b1f3d0f5-efee-46fa-9fdd-4ab81d4bd466
Sun Jul 05 14:23:26 ICT 2026 - User found in database: hoaiduclequoc@gmail.com | DB Role: 2 | Mapped Authority: ROLE_ADMIN
Sun Jul 05 14:23:26 ICT 2026 - Authentication set in SecurityContext for user: hoaiduclequoc@gmail.com
Sun Jul 05 14:23:26 ICT 2026 - === doFilterInternal END ===
Sun Jul 05 14:23:28 ICT 2026 - === doFilterInternal START ===
Sun Jul 05 14:23:28 ICT 2026 - Request URI: /api/chat/unread-count/dd9af4b6-c947-4a7c-a01b-b09d3dd76b2a
Sun Jul 05 14:23:28 ICT 2026 - === doFilterInternal START ===
Sun Jul 05 14:23:28 ICT 2026 - Request URI: /api/streaks/dd9af4b6-c947-4a7c-a01b-b09d3dd76b2a
Sun Jul 05 14:23:28 ICT 2026 - Token found. Length: 1414
Sun Jul 05 14:23:28 ICT 2026 - Token found. Length: 1414
Sun Jul 05 14:23:28 ICT 2026 - Token validated successfully. Subject: dd9af4b6-c947-4a7c-a01b-b09d3dd76b2a
Sun Jul 05 14:23:28 ICT 2026 - Token validated successfully. Subject: dd9af4b6-c947-4a7c-a01b-b09d3dd76b2a
Sun Jul 05 14:23:28 ICT 2026 - User found in database: lequochoaiduc04@gmail.com | DB Role: 0 | Mapped Authority: ROLE_USER
Sun Jul 05 14:23:28 ICT 2026 - User found in database: lequochoaiduc04@gmail.com | DB Role: 0 | Mapped Authority: ROLE_USER
Sun Jul 05 14:23:28 ICT 2026 - Authentication set in SecurityContext for user: lequochoaiduc04@gmail.com
Sun Jul 05 14:23:28 ICT 2026 - === doFilterInternal END ===
Sun Jul 05 14:23:28 ICT 2026 - Authentication set in SecurityContext for user: lequochoaiduc04@gmail.com
Sun Jul 05 14:23:28 ICT 2026 - === doFilterInternal END ===
Sun Jul 05 14:23:29 ICT 2026 - === doFilterInternal START ===
Sun Jul 05 14:23:29 ICT 2026 - Request URI: /api/chat/conversations/dd9af4b6-c947-4a7c-a01b-b09d3dd76b2a
Sun Jul 05 14:23:29 ICT 2026 - Token found. Length: 1414
Sun Jul 05 14:23:29 ICT 2026 - Token validated successfully. Subject: dd9af4b6-c947-4a7c-a01b-b09d3dd76b2a
Sun Jul 05 14:23:29 ICT 2026 - User found in database: lequochoaiduc04@gmail.com | DB Role: 0 | Mapped Authority: ROLE_USER
Sun Jul 05 14:23:29 ICT 2026 - Authentication set in SecurityContext for user: lequochoaiduc04@gmail.com
Sun Jul 05 14:23:29 ICT 2026 - === doFilterInternal END ===
Sun Jul 05 14:23:30 ICT 2026 - === doFilterInternal START ===
Sun Jul 05 14:23:30 ICT 2026 - Request URI: /api/chat/conversations/dd9af4b6-c947-4a7c-a01b-b09d3dd76b2a
Sun Jul 05 14:23:30 ICT 2026 - Token found. Length: 1414
Sun Jul 05 14:23:30 ICT 2026 - Token validated successfully. Subject: dd9af4b6-c947-4a7c-a01b-b09d3dd76b2a
Sun Jul 05 14:23:30 ICT 2026 - === doFilterInternal START ===
Sun Jul 05 14:23:30 ICT 2026 - Request URI: /api/chat/messages/ced0082a-f008-4882-9e42-74ea816feb7e
Sun Jul 05 14:23:30 ICT 2026 - === doFilterInternal START ===
Sun Jul 05 14:23:30 ICT 2026 - Request URI: /api/chat/messages/19103537-5d9e-4e4c-9c62-ef870548c044
Sun Jul 05 14:23:30 ICT 2026 - Token found. Length: 1414
Sun Jul 05 14:23:30 ICT 2026 - Token found. Length: 1414
Sun Jul 05 14:23:30 ICT 2026 - Token validated successfully. Subject: dd9af4b6-c947-4a7c-a01b-b09d3dd76b2a
Sun Jul 05 14:23:30 ICT 2026 - Token validated successfully. Subject: dd9af4b6-c947-4a7c-a01b-b09d3dd76b2a
Sun Jul 05 14:23:30 ICT 2026 - User found in database: lequochoaiduc04@gmail.com | DB Role: 0 | Mapped Authority: ROLE_USER
Sun Jul 05 14:23:30 ICT 2026 - Authentication set in SecurityContext for user: lequochoaiduc04@gmail.com
Sun Jul 05 14:23:30 ICT 2026 - === doFilterInternal END ===
Sun Jul 05 14:23:30 ICT 2026 - User found in database: lequochoaiduc04@gmail.com | DB Role: 0 | Mapped Authority: ROLE_USER
Sun Jul 05 14:23:30 ICT 2026 - Authentication set in SecurityContext for user: lequochoaiduc04@gmail.com
Sun Jul 05 14:23:30 ICT 2026 - === doFilterInternal END ===
Sun Jul 05 14:23:30 ICT 2026 - User found in database: lequochoaiduc04@gmail.com | DB Role: 0 | Mapped Authority: ROLE_USER
Sun Jul 05 14:23:30 ICT 2026 - Authentication set in SecurityContext for user: lequochoaiduc04@gmail.com
Sun Jul 05 14:23:30 ICT 2026 - === doFilterInternal END ===
Sun Jul 05 14:23:30 ICT 2026 - === doFilterInternal START ===
Sun Jul 05 14:23:30 ICT 2026 - Request URI: /api/chat/messages/ced0082a-f008-4882-9e42-74ea816feb7e
Sun Jul 05 14:23:30 ICT 2026 - === doFilterInternal START ===
Sun Jul 05 14:23:30 ICT 2026 - Request URI: /api/chat/messages/19103537-5d9e-4e4c-9c62-ef870548c044
Sun Jul 05 14:23:30 ICT 2026 - Token found. Length: 1414
Sun Jul 05 14:23:30 ICT 2026 - Token found. Length: 1414
Sun Jul 05 14:23:30 ICT 2026 - Token validated successfully. Subject: dd9af4b6-c947-4a7c-a01b-b09d3dd76b2a
Sun Jul 05 14:23:30 ICT 2026 - Token validated successfully. Subject: dd9af4b6-c947-4a7c-a01b-b09d3dd76b2a
Sun Jul 05 14:23:30 ICT 2026 - User found in database: lequochoaiduc04@gmail.com | DB Role: 0 | Mapped Authority: ROLE_USER
Sun Jul 05 14:23:30 ICT 2026 - Authentication set in SecurityContext for user: lequochoaiduc04@gmail.com
Sun Jul 05 14:23:30 ICT 2026 - === doFilterInternal END ===
Sun Jul 05 14:23:30 ICT 2026 - User found in database: lequochoaiduc04@gmail.com | DB Role: 0 | Mapped Authority: ROLE_USER
Sun Jul 05 14:23:30 ICT 2026 - Authentication set in SecurityContext for user: lequochoaiduc04@gmail.com
Sun Jul 05 14:23:30 ICT 2026 - === doFilterInternal END ===
Sun Jul 05 14:23:31 ICT 2026 - === doFilterInternal START ===
Sun Jul 05 14:23:31 ICT 2026 - Request URI: /api/chat/messages/ced0082a-f008-4882-9e42-74ea816feb7e
Sun Jul 05 14:23:31 ICT 2026 - Token found. Length: 1414
Sun Jul 05 14:23:31 ICT 2026 - === doFilterInternal START ===
Sun Jul 05 14:23:31 ICT 2026 - Request URI: /api/chat/mark-as-read
Sun Jul 05 14:23:31 ICT 2026 - Token validated successfully. Subject: dd9af4b6-c947-4a7c-a01b-b09d3dd76b2a
Sun Jul 05 14:23:31 ICT 2026 - Token found. Length: 1414
Sun Jul 05 14:23:31 ICT 2026 - Token validated successfully. Subject: dd9af4b6-c947-4a7c-a01b-b09d3dd76b2a
Sun Jul 05 14:23:31 ICT 2026 - User found in database: lequochoaiduc04@gmail.com | DB Role: 0 | Mapped Authority: ROLE_USER
Sun Jul 05 14:23:31 ICT 2026 - User found in database: lequochoaiduc04@gmail.com | DB Role: 0 | Mapped Authority: ROLE_USER
Sun Jul 05 14:23:31 ICT 2026 - Authentication set in SecurityContext for user: lequochoaiduc04@gmail.com
Sun Jul 05 14:23:31 ICT 2026 - === doFilterInternal END ===
Sun Jul 05 14:23:31 ICT 2026 - Authentication set in SecurityContext for user: lequochoaiduc04@gmail.com
Sun Jul 05 14:23:31 ICT 2026 - === doFilterInternal END ===
Sun Jul 05 14:23:31 ICT 2026 - === doFilterInternal START ===
Sun Jul 05 14:23:31 ICT 2026 - Request URI: /api/chat/unread-count/dd9af4b6-c947-4a7c-a01b-b09d3dd76b2a
Sun Jul 05 14:23:31 ICT 2026 - Token found. Length: 1414
Sun Jul 05 14:23:31 ICT 2026 - Token validated successfully. Subject: dd9af4b6-c947-4a7c-a01b-b09d3dd76b2a
Sun Jul 05 14:23:31 ICT 2026 - User found in database: lequochoaiduc04@gmail.com | DB Role: 0 | Mapped Authority: ROLE_USER
Sun Jul 05 14:23:31 ICT 2026 - Authentication set in SecurityContext for user: lequochoaiduc04@gmail.com
Sun Jul 05 14:23:31 ICT 2026 - === doFilterInternal END ===
Sun Jul 05 14:23:33 ICT 2026 - === doFilterInternal START ===
Sun Jul 05 14:23:33 ICT 2026 - Request URI: /api/streaks/b1f3d0f5-efee-46fa-9fdd-4ab81d4bd466/update
Sun Jul 05 14:23:33 ICT 2026 - Token found. Length: 1374
Sun Jul 05 14:23:33 ICT 2026 - Token validated successfully. Subject: b1f3d0f5-efee-46fa-9fdd-4ab81d4bd466
Sun Jul 05 14:23:33 ICT 2026 - User found in database: hoaiduclequoc@gmail.com | DB Role: 2 | Mapped Authority: ROLE_ADMIN
Sun Jul 05 14:23:33 ICT 2026 - Authentication set in SecurityContext for user: hoaiduclequoc@gmail.com
Sun Jul 05 14:23:33 ICT 2026 - === doFilterInternal END ===
Sun Jul 05 14:23:34 ICT 2026 - === doFilterInternal START ===
Sun Jul 05 14:23:34 ICT 2026 - Request URI: /api/chat/unread-count/b1f3d0f5-efee-46fa-9fdd-4ab81d4bd466
Sun Jul 05 14:23:34 ICT 2026 - Token found. Length: 1374
Sun Jul 05 14:23:34 ICT 2026 - Token validated successfully. Subject: b1f3d0f5-efee-46fa-9fdd-4ab81d4bd466
Sun Jul 05 14:23:34 ICT 2026 - User found in database: hoaiduclequoc@gmail.com | DB Role: 2 | Mapped Authority: ROLE_ADMIN
Sun Jul 05 14:23:34 ICT 2026 - Authentication set in SecurityContext for user: hoaiduclequoc@gmail.com
Sun Jul 05 14:23:34 ICT 2026 - === doFilterInternal END ===
Sun Jul 05 14:23:36 ICT 2026 - === doFilterInternal START ===
Sun Jul 05 14:23:36 ICT 2026 - Request URI: /api/chat/mark-as-read
Sun Jul 05 14:23:36 ICT 2026 - Token found. Length: 1414
Sun Jul 05 14:23:36 ICT 2026 - === doFilterInternal START ===
Sun Jul 05 14:23:36 ICT 2026 - Request URI: /api/chat/messages/ced0082a-f008-4882-9e42-74ea816feb7e
Sun Jul 05 14:23:36 ICT 2026 - Token found. Length: 1414
Sun Jul 05 14:23:36 ICT 2026 - Token validated successfully. Subject: dd9af4b6-c947-4a7c-a01b-b09d3dd76b2a
Sun Jul 05 14:23:36 ICT 2026 - Token validated successfully. Subject: dd9af4b6-c947-4a7c-a01b-b09d3dd76b2a
Sun Jul 05 14:23:36 ICT 2026 - User found in database: lequochoaiduc04@gmail.com | DB Role: 0 | Mapped Authority: ROLE_USER
Sun Jul 05 14:23:36 ICT 2026 - User found in database: lequochoaiduc04@gmail.com | DB Role: 0 | Mapped Authority: ROLE_USER
Sun Jul 05 14:23:36 ICT 2026 - Authentication set in SecurityContext for user: lequochoaiduc04@gmail.com
Sun Jul 05 14:23:36 ICT 2026 - === doFilterInternal END ===
Sun Jul 05 14:23:36 ICT 2026 - Authentication set in SecurityContext for user: lequochoaiduc04@gmail.com
Sun Jul 05 14:23:36 ICT 2026 - === doFilterInternal END ===
Sun Jul 05 14:23:36 ICT 2026 - === doFilterInternal START ===
Sun Jul 05 14:23:36 ICT 2026 - Request URI: /api/chat/unread-count/dd9af4b6-c947-4a7c-a01b-b09d3dd76b2a
Sun Jul 05 14:23:36 ICT 2026 - Token found. Length: 1414
Sun Jul 05 14:23:36 ICT 2026 - Token validated successfully. Subject: dd9af4b6-c947-4a7c-a01b-b09d3dd76b2a
Sun Jul 05 14:23:36 ICT 2026 - User found in database: lequochoaiduc04@gmail.com | DB Role: 0 | Mapped Authority: ROLE_USER
Sun Jul 05 14:23:36 ICT 2026 - Authentication set in SecurityContext for user: lequochoaiduc04@gmail.com
Sun Jul 05 14:23:36 ICT 2026 - === doFilterInternal END ===
Sun Jul 05 14:23:36 ICT 2026 - === doFilterInternal START ===
Sun Jul 05 14:23:36 ICT 2026 - Request URI: /api/chat/messages/19103537-5d9e-4e4c-9c62-ef870548c044
Sun Jul 05 14:23:36 ICT 2026 - === doFilterInternal START ===
Sun Jul 05 14:23:36 ICT 2026 - Request URI: /api/chat/mark-as-read
Sun Jul 05 14:23:36 ICT 2026 - Token found. Length: 1414
Sun Jul 05 14:23:36 ICT 2026 - Token found. Length: 1414
Sun Jul 05 14:23:36 ICT 2026 - Token validated successfully. Subject: dd9af4b6-c947-4a7c-a01b-b09d3dd76b2a
Sun Jul 05 14:23:36 ICT 2026 - Token validated successfully. Subject: dd9af4b6-c947-4a7c-a01b-b09d3dd76b2a
Sun Jul 05 14:23:37 ICT 2026 - User found in database: lequochoaiduc04@gmail.com | DB Role: 0 | Mapped Authority: ROLE_USER
Sun Jul 05 14:23:37 ICT 2026 - Authentication set in SecurityContext for user: lequochoaiduc04@gmail.com
Sun Jul 05 14:23:37 ICT 2026 - === doFilterInternal END ===
Sun Jul 05 14:23:37 ICT 2026 - User found in database: lequochoaiduc04@gmail.com | DB Role: 0 | Mapped Authority: ROLE_USER
Sun Jul 05 14:23:37 ICT 2026 - Authentication set in SecurityContext for user: lequochoaiduc04@gmail.com
Sun Jul 05 14:23:37 ICT 2026 - === doFilterInternal END ===
Sun Jul 05 14:23:37 ICT 2026 - === doFilterInternal START ===
Sun Jul 05 14:23:37 ICT 2026 - Request URI: /api/chat/unread-count/dd9af4b6-c947-4a7c-a01b-b09d3dd76b2a
Sun Jul 05 14:23:37 ICT 2026 - Token found. Length: 1414
Sun Jul 05 14:23:37 ICT 2026 - Token validated successfully. Subject: dd9af4b6-c947-4a7c-a01b-b09d3dd76b2a
Sun Jul 05 14:23:37 ICT 2026 - User found in database: lequochoaiduc04@gmail.com | DB Role: 0 | Mapped Authority: ROLE_USER
Sun Jul 05 14:23:37 ICT 2026 - Authentication set in SecurityContext for user: lequochoaiduc04@gmail.com
Sun Jul 05 14:23:37 ICT 2026 - === doFilterInternal END ===
Sun Jul 05 14:23:38 ICT 2026 - === doFilterInternal START ===
Sun Jul 05 14:23:38 ICT 2026 - Request URI: /api/chat/unread-count/dd9af4b6-c947-4a7c-a01b-b09d3dd76b2a
Sun Jul 05 14:23:38 ICT 2026 - === doFilterInternal START ===
Sun Jul 05 14:23:38 ICT 2026 - Request URI: /api/streaks/dd9af4b6-c947-4a7c-a01b-b09d3dd76b2a/update
Sun Jul 05 14:23:38 ICT 2026 - Token found. Length: 1414
Sun Jul 05 14:23:38 ICT 2026 - Token found. Length: 1414
Sun Jul 05 14:23:38 ICT 2026 - Token validated successfully. Subject: dd9af4b6-c947-4a7c-a01b-b09d3dd76b2a
Sun Jul 05 14:23:38 ICT 2026 - Token validated successfully. Subject: dd9af4b6-c947-4a7c-a01b-b09d3dd76b2a
Sun Jul 05 14:23:38 ICT 2026 - User found in database: lequochoaiduc04@gmail.com | DB Role: 0 | Mapped Authority: ROLE_USER
Sun Jul 05 14:23:38 ICT 2026 - Authentication set in SecurityContext for user: lequochoaiduc04@gmail.com
Sun Jul 05 14:23:38 ICT 2026 - === doFilterInternal END ===
Sun Jul 05 14:23:38 ICT 2026 - User found in database: lequochoaiduc04@gmail.com | DB Role: 0 | Mapped Authority: ROLE_USER
Sun Jul 05 14:23:38 ICT 2026 - Authentication set in SecurityContext for user: lequochoaiduc04@gmail.com
Sun Jul 05 14:23:38 ICT 2026 - === doFilterInternal END ===
Sun Jul 05 14:23:39 ICT 2026 - === doFilterInternal START ===
Sun Jul 05 14:23:39 ICT 2026 - Request URI: /api/chat/conversations/dd9af4b6-c947-4a7c-a01b-b09d3dd76b2a
Sun Jul 05 14:23:39 ICT 2026 - Token found. Length: 1414
Sun Jul 05 14:23:39 ICT 2026 - Token validated successfully. Subject: dd9af4b6-c947-4a7c-a01b-b09d3dd76b2a
Sun Jul 05 14:23:39 ICT 2026 - User found in database: lequochoaiduc04@gmail.com | DB Role: 0 | Mapped Authority: ROLE_USER
Sun Jul 05 14:23:39 ICT 2026 - Authentication set in SecurityContext for user: lequochoaiduc04@gmail.com
Sun Jul 05 14:23:39 ICT 2026 - === doFilterInternal END ===
Sun Jul 05 14:23:40 ICT 2026 - === doFilterInternal START ===
Sun Jul 05 14:23:40 ICT 2026 - Request URI: /api/chat/messages/19103537-5d9e-4e4c-9c62-ef870548c044
Sun Jul 05 14:23:40 ICT 2026 - === doFilterInternal START ===
Sun Jul 05 14:23:40 ICT 2026 - Request URI: /api/chat/messages/ced0082a-f008-4882-9e42-74ea816feb7e
Sun Jul 05 14:23:40 ICT 2026 - Token found. Length: 1414
Sun Jul 05 14:23:40 ICT 2026 - Token found. Length: 1414
Sun Jul 05 14:23:40 ICT 2026 - Token validated successfully. Subject: dd9af4b6-c947-4a7c-a01b-b09d3dd76b2a
Sun Jul 05 14:23:40 ICT 2026 - Token validated successfully. Subject: dd9af4b6-c947-4a7c-a01b-b09d3dd76b2a
Sun Jul 05 14:23:40 ICT 2026 - User found in database: lequochoaiduc04@gmail.com | DB Role: 0 | Mapped Authority: ROLE_USER
Sun Jul 05 14:23:40 ICT 2026 - User found in database: lequochoaiduc04@gmail.com | DB Role: 0 | Mapped Authority: ROLE_USER
Sun Jul 05 14:23:40 ICT 2026 - Authentication set in SecurityContext for user: lequochoaiduc04@gmail.com
Sun Jul 05 14:23:40 ICT 2026 - === doFilterInternal END ===
Sun Jul 05 14:23:40 ICT 2026 - Authentication set in SecurityContext for user: lequochoaiduc04@gmail.com
Sun Jul 05 14:23:40 ICT 2026 - === doFilterInternal END ===
Sun Jul 05 14:23:41 ICT 2026 - === doFilterInternal START ===
Sun Jul 05 14:23:41 ICT 2026 - Request URI: /api/chat/messages
Sun Jul 05 14:23:41 ICT 2026 - Token found. Length: 1414
Sun Jul 05 14:23:41 ICT 2026 - Token validated successfully. Subject: dd9af4b6-c947-4a7c-a01b-b09d3dd76b2a
Sun Jul 05 14:23:41 ICT 2026 - User found in database: lequochoaiduc04@gmail.com | DB Role: 0 | Mapped Authority: ROLE_USER
Sun Jul 05 14:23:41 ICT 2026 - Authentication set in SecurityContext for user: lequochoaiduc04@gmail.com
Sun Jul 05 14:23:41 ICT 2026 - === doFilterInternal END ===
Sun Jul 05 14:23:43 ICT 2026 - === doFilterInternal START ===
Sun Jul 05 14:23:43 ICT 2026 - Request URI: /api/chat/messages/19103537-5d9e-4e4c-9c62-ef870548c044
Sun Jul 05 14:23:43 ICT 2026 - Token found. Length: 1414
Sun Jul 05 14:23:43 ICT 2026 - === doFilterInternal START ===
Sun Jul 05 14:23:43 ICT 2026 - Request URI: /api/chat/mark-as-read
Sun Jul 05 14:23:43 ICT 2026 - Token found. Length: 1414
Sun Jul 05 14:23:43 ICT 2026 - Token validated successfully. Subject: dd9af4b6-c947-4a7c-a01b-b09d3dd76b2a
Sun Jul 05 14:23:43 ICT 2026 - Token validated successfully. Subject: dd9af4b6-c947-4a7c-a01b-b09d3dd76b2a
Sun Jul 05 14:23:43 ICT 2026 - User found in database: lequochoaiduc04@gmail.com | DB Role: 0 | Mapped Authority: ROLE_USER
Sun Jul 05 14:23:43 ICT 2026 - User found in database: lequochoaiduc04@gmail.com | DB Role: 0 | Mapped Authority: ROLE_USER
Sun Jul 05 14:23:43 ICT 2026 - Authentication set in SecurityContext for user: lequochoaiduc04@gmail.com
Sun Jul 05 14:23:43 ICT 2026 - === doFilterInternal END ===
Sun Jul 05 14:23:43 ICT 2026 - Authentication set in SecurityContext for user: lequochoaiduc04@gmail.com
Sun Jul 05 14:23:43 ICT 2026 - === doFilterInternal END ===
Sun Jul 05 14:23:43 ICT 2026 - === doFilterInternal START ===
Sun Jul 05 14:23:43 ICT 2026 - Request URI: /api/chat/unread-count/dd9af4b6-c947-4a7c-a01b-b09d3dd76b2a
Sun Jul 05 14:23:43 ICT 2026 - Token found. Length: 1414
Sun Jul 05 14:23:43 ICT 2026 - Token validated successfully. Subject: dd9af4b6-c947-4a7c-a01b-b09d3dd76b2a
Sun Jul 05 14:23:43 ICT 2026 - User found in database: lequochoaiduc04@gmail.com | DB Role: 0 | Mapped Authority: ROLE_USER
Sun Jul 05 14:23:43 ICT 2026 - Authentication set in SecurityContext for user: lequochoaiduc04@gmail.com
Sun Jul 05 14:23:43 ICT 2026 - === doFilterInternal END ===
Sun Jul 05 14:23:44 ICT 2026 - === doFilterInternal START ===
Sun Jul 05 14:23:44 ICT 2026 - Request URI: /api/chat/unread-count/b1f3d0f5-efee-46fa-9fdd-4ab81d4bd466
Sun Jul 05 14:23:44 ICT 2026 - Token found. Length: 1374
Sun Jul 05 14:23:44 ICT 2026 - Token validated successfully. Subject: b1f3d0f5-efee-46fa-9fdd-4ab81d4bd466
Sun Jul 05 14:23:44 ICT 2026 - User found in database: hoaiduclequoc@gmail.com | DB Role: 2 | Mapped Authority: ROLE_ADMIN
Sun Jul 05 14:23:44 ICT 2026 - Authentication set in SecurityContext for user: hoaiduclequoc@gmail.com
Sun Jul 05 14:23:44 ICT 2026 - === doFilterInternal END ===
Sun Jul 05 14:23:46 ICT 2026 - === doFilterInternal START ===
Sun Jul 05 14:23:46 ICT 2026 - Request URI: /api/chat/messages
Sun Jul 05 14:23:46 ICT 2026 - Token found. Length: 1414
Sun Jul 05 14:23:46 ICT 2026 - Token validated successfully. Subject: dd9af4b6-c947-4a7c-a01b-b09d3dd76b2a
Sun Jul 05 14:23:46 ICT 2026 - User found in database: lequochoaiduc04@gmail.com | DB Role: 0 | Mapped Authority: ROLE_USER
Sun Jul 05 14:23:46 ICT 2026 - Authentication set in SecurityContext for user: lequochoaiduc04@gmail.com
Sun Jul 05 14:23:46 ICT 2026 - === doFilterInternal END ===
Sun Jul 05 14:23:46 ICT 2026 - === doFilterInternal START ===
Sun Jul 05 14:23:46 ICT 2026 - Request URI: /api/chat/messages/19103537-5d9e-4e4c-9c62-ef870548c044
Sun Jul 05 14:23:46 ICT 2026 - === doFilterInternal START ===
Sun Jul 05 14:23:46 ICT 2026 - Request URI: /api/chat/mark-as-read
Sun Jul 05 14:23:46 ICT 2026 - Token found. Length: 1414
Sun Jul 05 14:23:46 ICT 2026 - Token found. Length: 1414
Sun Jul 05 14:23:46 ICT 2026 - Token validated successfully. Subject: dd9af4b6-c947-4a7c-a01b-b09d3dd76b2a
Sun Jul 05 14:23:46 ICT 2026 - Token validated successfully. Subject: dd9af4b6-c947-4a7c-a01b-b09d3dd76b2a
Sun Jul 05 14:23:47 ICT 2026 - User found in database: lequochoaiduc04@gmail.com | DB Role: 0 | Mapped Authority: ROLE_USER
Sun Jul 05 14:23:47 ICT 2026 - Authentication set in SecurityContext for user: lequochoaiduc04@gmail.com
Sun Jul 05 14:23:47 ICT 2026 - === doFilterInternal END ===
Sun Jul 05 14:23:47 ICT 2026 - User found in database: lequochoaiduc04@gmail.com | DB Role: 0 | Mapped Authority: ROLE_USER
Sun Jul 05 14:23:47 ICT 2026 - Authentication set in SecurityContext for user: lequochoaiduc04@gmail.com
Sun Jul 05 14:23:47 ICT 2026 - === doFilterInternal END ===
Sun Jul 05 14:23:48 ICT 2026 - === doFilterInternal START ===
Sun Jul 05 14:23:48 ICT 2026 - Request URI: /api/chat/unread-count/dd9af4b6-c947-4a7c-a01b-b09d3dd76b2a
Sun Jul 05 14:23:48 ICT 2026 - Token found. Length: 1414
Sun Jul 05 14:23:48 ICT 2026 - Token validated successfully. Subject: dd9af4b6-c947-4a7c-a01b-b09d3dd76b2a
Sun Jul 05 14:23:48 ICT 2026 - User found in database: lequochoaiduc04@gmail.com | DB Role: 0 | Mapped Authority: ROLE_USER
Sun Jul 05 14:23:48 ICT 2026 - Authentication set in SecurityContext for user: lequochoaiduc04@gmail.com
Sun Jul 05 14:23:48 ICT 2026 - === doFilterInternal END ===
Sun Jul 05 14:23:48 ICT 2026 - === doFilterInternal START ===
Sun Jul 05 14:23:48 ICT 2026 - Request URI: /api/chat/unread-count/dd9af4b6-c947-4a7c-a01b-b09d3dd76b2a
Sun Jul 05 14:23:48 ICT 2026 - Token found. Length: 1414
Sun Jul 05 14:23:48 ICT 2026 - Token validated successfully. Subject: dd9af4b6-c947-4a7c-a01b-b09d3dd76b2a
Sun Jul 05 14:23:48 ICT 2026 - User found in database: lequochoaiduc04@gmail.com | DB Role: 0 | Mapped Authority: ROLE_USER
Sun Jul 05 14:23:48 ICT 2026 - Authentication set in SecurityContext for user: lequochoaiduc04@gmail.com
Sun Jul 05 14:23:48 ICT 2026 - === doFilterInternal END ===
Sun Jul 05 14:23:49 ICT 2026 - === doFilterInternal START ===
Sun Jul 05 14:23:49 ICT 2026 - Request URI: /api/chat/conversations/dd9af4b6-c947-4a7c-a01b-b09d3dd76b2a
Sun Jul 05 14:23:49 ICT 2026 - Token found. Length: 1414
Sun Jul 05 14:23:49 ICT 2026 - Token validated successfully. Subject: dd9af4b6-c947-4a7c-a01b-b09d3dd76b2a
Sun Jul 05 14:23:49 ICT 2026 - User found in database: lequochoaiduc04@gmail.com | DB Role: 0 | Mapped Authority: ROLE_USER
Sun Jul 05 14:23:49 ICT 2026 - Authentication set in SecurityContext for user: lequochoaiduc04@gmail.com
Sun Jul 05 14:23:49 ICT 2026 - === doFilterInternal END ===
Sun Jul 05 14:23:50 ICT 2026 - === doFilterInternal START ===
Sun Jul 05 14:23:50 ICT 2026 - Request URI: /api/chat/messages/19103537-5d9e-4e4c-9c62-ef870548c044
Sun Jul 05 14:23:50 ICT 2026 - === doFilterInternal START ===
Sun Jul 05 14:23:50 ICT 2026 - Request URI: /api/chat/messages/ced0082a-f008-4882-9e42-74ea816feb7e
Sun Jul 05 14:23:50 ICT 2026 - Token found. Length: 1414
Sun Jul 05 14:23:50 ICT 2026 - Token found. Length: 1414
Sun Jul 05 14:23:50 ICT 2026 - Token validated successfully. Subject: dd9af4b6-c947-4a7c-a01b-b09d3dd76b2a
Sun Jul 05 14:23:50 ICT 2026 - Token validated successfully. Subject: dd9af4b6-c947-4a7c-a01b-b09d3dd76b2a
Sun Jul 05 14:23:50 ICT 2026 - User found in database: lequochoaiduc04@gmail.com | DB Role: 0 | Mapped Authority: ROLE_USER
Sun Jul 05 14:23:50 ICT 2026 - Authentication set in SecurityContext for user: lequochoaiduc04@gmail.com
Sun Jul 05 14:23:50 ICT 2026 - === doFilterInternal END ===
Sun Jul 05 14:23:50 ICT 2026 - User found in database: lequochoaiduc04@gmail.com | DB Role: 0 | Mapped Authority: ROLE_USER
Sun Jul 05 14:23:50 ICT 2026 - Authentication set in SecurityContext for user: lequochoaiduc04@gmail.com
Sun Jul 05 14:23:50 ICT 2026 - === doFilterInternal END ===
Sun Jul 05 14:23:51 ICT 2026 - === doFilterInternal START ===
Sun Jul 05 14:23:51 ICT 2026 - Request URI: /api/quiz-attempts/user/dd9af4b6-c947-4a7c-a01b-b09d3dd76b2a
Sun Jul 05 14:23:51 ICT 2026 - Token found. Length: 1414
Sun Jul 05 14:23:51 ICT 2026 - Token validated successfully. Subject: dd9af4b6-c947-4a7c-a01b-b09d3dd76b2a
Sun Jul 05 14:23:51 ICT 2026 - === doFilterInternal START ===
Sun Jul 05 14:23:51 ICT 2026 - === doFilterInternal START ===
Sun Jul 05 14:23:51 ICT 2026 - Request URI: /api/posts/class/bec12733-8902-4d6b-bebb-03c6a8643745
Sun Jul 05 14:23:51 ICT 2026 - === doFilterInternal START ===
Sun Jul 05 14:23:51 ICT 2026 - Request URI: /api/posts/class/8c162841-1d0f-4128-86d5-a6cb38eb874f
Sun Jul 05 14:23:51 ICT 2026 - Token found. Length: 1414
Sun Jul 05 14:23:51 ICT 2026 - === doFilterInternal START ===
Sun Jul 05 14:23:51 ICT 2026 - Request URI: /api/posts/class/cb2d7889-00ac-48fc-88f1-17645c9cac4f
Sun Jul 05 14:23:51 ICT 2026 - === doFilterInternal START ===
Sun Jul 05 14:23:51 ICT 2026 - Request URI: /api/quizzes/class/8c162841-1d0f-4128-86d5-a6cb38eb874f
Sun Jul 05 14:23:51 ICT 2026 - Request URI: /api/submissions/user/dd9af4b6-c947-4a7c-a01b-b09d3dd76b2a
Sun Jul 05 14:23:51 ICT 2026 - Token found. Length: 1414
Sun Jul 05 14:23:51 ICT 2026 - Token found. Length: 1414
Sun Jul 05 14:23:51 ICT 2026 - Token found. Length: 1414
Sun Jul 05 14:23:51 ICT 2026 - Token validated successfully. Subject: dd9af4b6-c947-4a7c-a01b-b09d3dd76b2a
Sun Jul 05 14:23:51 ICT 2026 - Token found. Length: 1414
Sun Jul 05 14:23:51 ICT 2026 - Token validated successfully. Subject: dd9af4b6-c947-4a7c-a01b-b09d3dd76b2a
Sun Jul 05 14:23:51 ICT 2026 - Token validated successfully. Subject: dd9af4b6-c947-4a7c-a01b-b09d3dd76b2a
Sun Jul 05 14:23:51 ICT 2026 - Token validated successfully. Subject: dd9af4b6-c947-4a7c-a01b-b09d3dd76b2a
Sun Jul 05 14:23:51 ICT 2026 - Token validated successfully. Subject: dd9af4b6-c947-4a7c-a01b-b09d3dd76b2a
Sun Jul 05 14:23:51 ICT 2026 - User found in database: lequochoaiduc04@gmail.com | DB Role: 0 | Mapped Authority: ROLE_USER
Sun Jul 05 14:23:51 ICT 2026 - Authentication set in SecurityContext for user: lequochoaiduc04@gmail.com
Sun Jul 05 14:23:51 ICT 2026 - === doFilterInternal END ===
Sun Jul 05 14:23:51 ICT 2026 - User found in database: lequochoaiduc04@gmail.com | DB Role: 0 | Mapped Authority: ROLE_USER
Sun Jul 05 14:23:51 ICT 2026 - Authentication set in SecurityContext for user: lequochoaiduc04@gmail.com
Sun Jul 05 14:23:51 ICT 2026 - === doFilterInternal END ===
Sun Jul 05 14:23:51 ICT 2026 - User found in database: lequochoaiduc04@gmail.com | DB Role: 0 | Mapped Authority: ROLE_USER
Sun Jul 05 14:23:51 ICT 2026 - Authentication set in SecurityContext for user: lequochoaiduc04@gmail.com
Sun Jul 05 14:23:51 ICT 2026 - === doFilterInternal END ===
Sun Jul 05 14:23:51 ICT 2026 - User found in database: lequochoaiduc04@gmail.com | DB Role: 0 | Mapped Authority: ROLE_USER
Sun Jul 05 14:23:51 ICT 2026 - User found in database: lequochoaiduc04@gmail.com | DB Role: 0 | Mapped Authority: ROLE_USER
Sun Jul 05 14:23:51 ICT 2026 - Authentication set in SecurityContext for user: lequochoaiduc04@gmail.com
Sun Jul 05 14:23:51 ICT 2026 - === doFilterInternal END ===
Sun Jul 05 14:23:51 ICT 2026 - User found in database: lequochoaiduc04@gmail.com | DB Role: 0 | Mapped Authority: ROLE_USER
Sun Jul 05 14:23:51 ICT 2026 - Authentication set in SecurityContext for user: lequochoaiduc04@gmail.com
Sun Jul 05 14:23:51 ICT 2026 - === doFilterInternal END ===
Sun Jul 05 14:23:51 ICT 2026 - Authentication set in SecurityContext for user: lequochoaiduc04@gmail.com
Sun Jul 05 14:23:51 ICT 2026 - === doFilterInternal END ===
Sun Jul 05 14:23:51 ICT 2026 - === doFilterInternal START ===
Sun Jul 05 14:23:51 ICT 2026 - Request URI: /api/quizzes/class/bec12733-8902-4d6b-bebb-03c6a8643745
Sun Jul 05 14:23:51 ICT 2026 - Token found. Length: 1414
Sun Jul 05 14:23:51 ICT 2026 - Token validated successfully. Subject: dd9af4b6-c947-4a7c-a01b-b09d3dd76b2a
Sun Jul 05 14:23:51 ICT 2026 - === doFilterInternal START ===
Sun Jul 05 14:23:51 ICT 2026 - Request URI: /api/quizzes/class/cb2d7889-00ac-48fc-88f1-17645c9cac4f
Sun Jul 05 14:23:51 ICT 2026 - Token found. Length: 1414
Sun Jul 05 14:23:51 ICT 2026 - Token validated successfully. Subject: dd9af4b6-c947-4a7c-a01b-b09d3dd76b2a
Sun Jul 05 14:23:51 ICT 2026 - User found in database: lequochoaiduc04@gmail.com | DB Role: 0 | Mapped Authority: ROLE_USER
Sun Jul 05 14:23:51 ICT 2026 - Authentication set in SecurityContext for user: lequochoaiduc04@gmail.com
Sun Jul 05 14:23:51 ICT 2026 - === doFilterInternal END ===
Sun Jul 05 14:23:52 ICT 2026 - User found in database: lequochoaiduc04@gmail.com | DB Role: 0 | Mapped Authority: ROLE_USER
Sun Jul 05 14:23:52 ICT 2026 - Authentication set in SecurityContext for user: lequochoaiduc04@gmail.com
Sun Jul 05 14:23:52 ICT 2026 - === doFilterInternal END ===
Sun Jul 05 14:23:52 ICT 2026 - === doFilterInternal START ===
Sun Jul 05 14:23:52 ICT 2026 - Request URI: /api/quizzes/class/8c162841-1d0f-4128-86d5-a6cb38eb874f
Sun Jul 05 14:23:52 ICT 2026 - Token found. Length: 1414
Sun Jul 05 14:23:52 ICT 2026 - Token validated successfully. Subject: dd9af4b6-c947-4a7c-a01b-b09d3dd76b2a
Sun Jul 05 14:23:52 ICT 2026 - === doFilterInternal START ===
Sun Jul 05 14:23:52 ICT 2026 - Request URI: /api/submissions/user/dd9af4b6-c947-4a7c-a01b-b09d3dd76b2a
Sun Jul 05 14:23:52 ICT 2026 - === doFilterInternal START ===
Sun Jul 05 14:23:52 ICT 2026 - Request URI: /api/quiz-attempts/user/dd9af4b6-c947-4a7c-a01b-b09d3dd76b2a
Sun Jul 05 14:23:52 ICT 2026 - Token found. Length: 1414
Sun Jul 05 14:23:52 ICT 2026 - Token found. Length: 1414
Sun Jul 05 14:23:52 ICT 2026 - === doFilterInternal START ===
Sun Jul 05 14:23:52 ICT 2026 - Request URI: /api/posts/class/8c162841-1d0f-4128-86d5-a6cb38eb874f
Sun Jul 05 14:23:52 ICT 2026 - Token found. Length: 1414
Sun Jul 05 14:23:52 ICT 2026 - Token validated successfully. Subject: dd9af4b6-c947-4a7c-a01b-b09d3dd76b2a
Sun Jul 05 14:23:52 ICT 2026 - Token validated successfully. Subject: dd9af4b6-c947-4a7c-a01b-b09d3dd76b2a
Sun Jul 05 14:23:52 ICT 2026 - Token validated successfully. Subject: dd9af4b6-c947-4a7c-a01b-b09d3dd76b2a
Sun Jul 05 14:23:52 ICT 2026 - User found in database: lequochoaiduc04@gmail.com | DB Role: 0 | Mapped Authority: ROLE_USER
Sun Jul 05 14:23:52 ICT 2026 - Authentication set in SecurityContext for user: lequochoaiduc04@gmail.com
Sun Jul 05 14:23:52 ICT 2026 - === doFilterInternal END ===
Sun Jul 05 14:23:52 ICT 2026 - === doFilterInternal START ===
Sun Jul 05 14:23:52 ICT 2026 - Request URI: /api/posts/class/cb2d7889-00ac-48fc-88f1-17645c9cac4f
Sun Jul 05 14:23:52 ICT 2026 - Token found. Length: 1414
Sun Jul 05 14:23:52 ICT 2026 - User found in database: lequochoaiduc04@gmail.com | DB Role: 0 | Mapped Authority: ROLE_USER
Sun Jul 05 14:23:52 ICT 2026 - Authentication set in SecurityContext for user: lequochoaiduc04@gmail.com
Sun Jul 05 14:23:52 ICT 2026 - === doFilterInternal END ===
Sun Jul 05 14:23:52 ICT 2026 - User found in database: lequochoaiduc04@gmail.com | DB Role: 0 | Mapped Authority: ROLE_USER
Sun Jul 05 14:23:52 ICT 2026 - Authentication set in SecurityContext for user: lequochoaiduc04@gmail.com
Sun Jul 05 14:23:52 ICT 2026 - === doFilterInternal END ===
Sun Jul 05 14:23:52 ICT 2026 - Token validated successfully. Subject: dd9af4b6-c947-4a7c-a01b-b09d3dd76b2a
Sun Jul 05 14:23:52 ICT 2026 - User found in database: lequochoaiduc04@gmail.com | DB Role: 0 | Mapped Authority: ROLE_USER
Sun Jul 05 14:23:52 ICT 2026 - Authentication set in SecurityContext for user: lequochoaiduc04@gmail.com
Sun Jul 05 14:23:52 ICT 2026 - === doFilterInternal END ===
Sun Jul 05 14:23:52 ICT 2026 - === doFilterInternal START ===
Sun Jul 05 14:23:52 ICT 2026 - Request URI: /api/posts/class/bec12733-8902-4d6b-bebb-03c6a8643745
Sun Jul 05 14:23:52 ICT 2026 - Token found. Length: 1414
Sun Jul 05 14:23:52 ICT 2026 - Token validated successfully. Subject: dd9af4b6-c947-4a7c-a01b-b09d3dd76b2a
Sun Jul 05 14:23:52 ICT 2026 - User found in database: lequochoaiduc04@gmail.com | DB Role: 0 | Mapped Authority: ROLE_USER
Sun Jul 05 14:23:52 ICT 2026 - Authentication set in SecurityContext for user: lequochoaiduc04@gmail.com
Sun Jul 05 14:23:52 ICT 2026 - === doFilterInternal END ===
Sun Jul 05 14:23:52 ICT 2026 - === doFilterInternal START ===
Sun Jul 05 14:23:52 ICT 2026 - Request URI: /api/quizzes/class/cb2d7889-00ac-48fc-88f1-17645c9cac4f
Sun Jul 05 14:23:52 ICT 2026 - Token found. Length: 1414
Sun Jul 05 14:23:52 ICT 2026 - User found in database: lequochoaiduc04@gmail.com | DB Role: 0 | Mapped Authority: ROLE_USER
Sun Jul 05 14:23:52 ICT 2026 - Authentication set in SecurityContext for user: lequochoaiduc04@gmail.com
Sun Jul 05 14:23:52 ICT 2026 - === doFilterInternal END ===
Sun Jul 05 14:23:52 ICT 2026 - Token validated successfully. Subject: dd9af4b6-c947-4a7c-a01b-b09d3dd76b2a
Sun Jul 05 14:23:52 ICT 2026 - === doFilterInternal START ===
Sun Jul 05 14:23:52 ICT 2026 - Request URI: /api/quizzes/class/bec12733-8902-4d6b-bebb-03c6a8643745
Sun Jul 05 14:23:52 ICT 2026 - Token found. Length: 1414
Sun Jul 05 14:23:52 ICT 2026 - Token validated successfully. Subject: dd9af4b6-c947-4a7c-a01b-b09d3dd76b2a
Sun Jul 05 14:23:52 ICT 2026 - User found in database: lequochoaiduc04@gmail.com | DB Role: 0 | Mapped Authority: ROLE_USER
Sun Jul 05 14:23:52 ICT 2026 - Authentication set in SecurityContext for user: lequochoaiduc04@gmail.com
Sun Jul 05 14:23:52 ICT 2026 - === doFilterInternal END ===
Sun Jul 05 14:23:52 ICT 2026 - User found in database: lequochoaiduc04@gmail.com | DB Role: 0 | Mapped Authority: ROLE_USER
Sun Jul 05 14:23:52 ICT 2026 - Authentication set in SecurityContext for user: lequochoaiduc04@gmail.com
Sun Jul 05 14:23:52 ICT 2026 - === doFilterInternal END ===
Sun Jul 05 14:23:54 ICT 2026 - === doFilterInternal START ===
Sun Jul 05 14:23:54 ICT 2026 - Request URI: /api/quiz-attempts/user/dd9af4b6-c947-4a7c-a01b-b09d3dd76b2a
Sun Jul 05 14:23:54 ICT 2026 - === doFilterInternal START ===
Sun Jul 05 14:23:54 ICT 2026 - Request URI: /api/quizzes/class/8c162841-1d0f-4128-86d5-a6cb38eb874f
Sun Jul 05 14:23:54 ICT 2026 - Token found. Length: 1414
Sun Jul 05 14:23:54 ICT 2026 - Token found. Length: 1414
Sun Jul 05 14:23:54 ICT 2026 - Token validated successfully. Subject: dd9af4b6-c947-4a7c-a01b-b09d3dd76b2a
Sun Jul 05 14:23:54 ICT 2026 - Token validated successfully. Subject: dd9af4b6-c947-4a7c-a01b-b09d3dd76b2a
Sun Jul 05 14:23:54 ICT 2026 - === doFilterInternal START ===
Sun Jul 05 14:23:54 ICT 2026 - Request URI: /api/chat/unread-count/b1f3d0f5-efee-46fa-9fdd-4ab81d4bd466
Sun Jul 05 14:23:54 ICT 2026 - Token found. Length: 1374
Sun Jul 05 14:23:54 ICT 2026 - Token validated successfully. Subject: b1f3d0f5-efee-46fa-9fdd-4ab81d4bd466
Sun Jul 05 14:23:54 ICT 2026 - User found in database: lequochoaiduc04@gmail.com | DB Role: 0 | Mapped Authority: ROLE_USER
Sun Jul 05 14:23:54 ICT 2026 - Authentication set in SecurityContext for user: lequochoaiduc04@gmail.com
Sun Jul 05 14:23:54 ICT 2026 - === doFilterInternal END ===
Sun Jul 05 14:23:54 ICT 2026 - User found in database: lequochoaiduc04@gmail.com | DB Role: 0 | Mapped Authority: ROLE_USER
Sun Jul 05 14:23:54 ICT 2026 - Authentication set in SecurityContext for user: lequochoaiduc04@gmail.com
Sun Jul 05 14:23:54 ICT 2026 - === doFilterInternal END ===
Sun Jul 05 14:23:54 ICT 2026 - User found in database: hoaiduclequoc@gmail.com | DB Role: 2 | Mapped Authority: ROLE_ADMIN
Sun Jul 05 14:23:54 ICT 2026 - Authentication set in SecurityContext for user: hoaiduclequoc@gmail.com
Sun Jul 05 14:23:54 ICT 2026 - === doFilterInternal END ===
Sun Jul 05 14:23:54 ICT 2026 - === doFilterInternal START ===
Sun Jul 05 14:23:54 ICT 2026 - Request URI: /api/quiz-attempts/user/dd9af4b6-c947-4a7c-a01b-b09d3dd76b2a
Sun Jul 05 14:23:54 ICT 2026 - Token found. Length: 1414
Sun Jul 05 14:23:54 ICT 2026 - Token validated successfully. Subject: dd9af4b6-c947-4a7c-a01b-b09d3dd76b2a
Sun Jul 05 14:23:54 ICT 2026 - === doFilterInternal START ===
Sun Jul 05 14:23:54 ICT 2026 - Request URI: /api/chat/conversations/dd9af4b6-c947-4a7c-a01b-b09d3dd76b2a
Sun Jul 05 14:23:54 ICT 2026 - Token found. Length: 1414
Sun Jul 05 14:23:54 ICT 2026 - Token validated successfully. Subject: dd9af4b6-c947-4a7c-a01b-b09d3dd76b2a
Sun Jul 05 14:23:54 ICT 2026 - User found in database: lequochoaiduc04@gmail.com | DB Role: 0 | Mapped Authority: ROLE_USER
Sun Jul 05 14:23:54 ICT 2026 - Authentication set in SecurityContext for user: lequochoaiduc04@gmail.com
Sun Jul 05 14:23:54 ICT 2026 - === doFilterInternal END ===
Sun Jul 05 14:23:54 ICT 2026 - User found in database: lequochoaiduc04@gmail.com | DB Role: 0 | Mapped Authority: ROLE_USER
Sun Jul 05 14:23:54 ICT 2026 - Authentication set in SecurityContext for user: lequochoaiduc04@gmail.com
Sun Jul 05 14:23:54 ICT 2026 - === doFilterInternal END ===
Sun Jul 05 14:23:55 ICT 2026 - === doFilterInternal START ===
Sun Jul 05 14:23:55 ICT 2026 - Request URI: /api/chat/conversations/dd9af4b6-c947-4a7c-a01b-b09d3dd76b2a
Sun Jul 05 14:23:55 ICT 2026 - Token found. Length: 1414
Sun Jul 05 14:23:55 ICT 2026 - Token validated successfully. Subject: dd9af4b6-c947-4a7c-a01b-b09d3dd76b2a
Sun Jul 05 14:23:55 ICT 2026 - === doFilterInternal START ===
Sun Jul 05 14:23:55 ICT 2026 - Request URI: /api/chat/messages/ced0082a-f008-4882-9e42-74ea816feb7e
Sun Jul 05 14:23:55 ICT 2026 - === doFilterInternal START ===
Sun Jul 05 14:23:55 ICT 2026 - Request URI: /api/chat/messages/19103537-5d9e-4e4c-9c62-ef870548c044
Sun Jul 05 14:23:55 ICT 2026 - Token found. Length: 1414
Sun Jul 05 14:23:55 ICT 2026 - Token found. Length: 1414
Sun Jul 05 14:23:55 ICT 2026 - Token validated successfully. Subject: dd9af4b6-c947-4a7c-a01b-b09d3dd76b2a
Sun Jul 05 14:23:55 ICT 2026 - Token validated successfully. Subject: dd9af4b6-c947-4a7c-a01b-b09d3dd76b2a
Sun Jul 05 14:23:55 ICT 2026 - User found in database: lequochoaiduc04@gmail.com | DB Role: 0 | Mapped Authority: ROLE_USER
Sun Jul 05 14:23:55 ICT 2026 - Authentication set in SecurityContext for user: lequochoaiduc04@gmail.com
Sun Jul 05 14:23:55 ICT 2026 - === doFilterInternal END ===
Sun Jul 05 14:23:55 ICT 2026 - User found in database: lequochoaiduc04@gmail.com | DB Role: 0 | Mapped Authority: ROLE_USER
Sun Jul 05 14:23:55 ICT 2026 - Authentication set in SecurityContext for user: lequochoaiduc04@gmail.com
Sun Jul 05 14:23:55 ICT 2026 - === doFilterInternal END ===
Sun Jul 05 14:23:55 ICT 2026 - User found in database: lequochoaiduc04@gmail.com | DB Role: 0 | Mapped Authority: ROLE_USER
Sun Jul 05 14:23:55 ICT 2026 - Authentication set in SecurityContext for user: lequochoaiduc04@gmail.com
Sun Jul 05 14:23:55 ICT 2026 - === doFilterInternal END ===
Sun Jul 05 14:23:55 ICT 2026 - === doFilterInternal START ===
Sun Jul 05 14:23:55 ICT 2026 - Request URI: /api/chat/messages/ced0082a-f008-4882-9e42-74ea816feb7e
Sun Jul 05 14:23:55 ICT 2026 - === doFilterInternal START ===
Sun Jul 05 14:23:55 ICT 2026 - Request URI: /api/chat/messages/19103537-5d9e-4e4c-9c62-ef870548c044
Sun Jul 05 14:23:55 ICT 2026 - Token found. Length: 1414
Sun Jul 05 14:23:55 ICT 2026 - Token found. Length: 1414
Sun Jul 05 14:23:55 ICT 2026 - Token validated successfully. Subject: dd9af4b6-c947-4a7c-a01b-b09d3dd76b2a
Sun Jul 05 14:23:55 ICT 2026 - Token validated successfully. Subject: dd9af4b6-c947-4a7c-a01b-b09d3dd76b2a
Sun Jul 05 14:23:55 ICT 2026 - User found in database: lequochoaiduc04@gmail.com | DB Role: 0 | Mapped Authority: ROLE_USER
Sun Jul 05 14:23:55 ICT 2026 - User found in database: lequochoaiduc04@gmail.com | DB Role: 0 | Mapped Authority: ROLE_USER
Sun Jul 05 14:23:55 ICT 2026 - Authentication set in SecurityContext for user: lequochoaiduc04@gmail.com
Sun Jul 05 14:23:55 ICT 2026 - === doFilterInternal END ===
Sun Jul 05 14:23:55 ICT 2026 - Authentication set in SecurityContext for user: lequochoaiduc04@gmail.com
Sun Jul 05 14:23:55 ICT 2026 - === doFilterInternal END ===
Sun Jul 05 14:23:55 ICT 2026 - === doFilterInternal START ===
Sun Jul 05 14:23:55 ICT 2026 - Request URI: /api/quizzes/class/8c162841-1d0f-4128-86d5-a6cb38eb874f
Sun Jul 05 14:23:55 ICT 2026 - === doFilterInternal START ===
Sun Jul 05 14:23:55 ICT 2026 - Request URI: /api/quiz-attempts/user/dd9af4b6-c947-4a7c-a01b-b09d3dd76b2a
Sun Jul 05 14:23:55 ICT 2026 - Token found. Length: 1414
Sun Jul 05 14:23:55 ICT 2026 - Token found. Length: 1414
Sun Jul 05 14:23:55 ICT 2026 - Token validated successfully. Subject: dd9af4b6-c947-4a7c-a01b-b09d3dd76b2a
Sun Jul 05 14:23:55 ICT 2026 - Token validated successfully. Subject: dd9af4b6-c947-4a7c-a01b-b09d3dd76b2a
Sun Jul 05 14:23:55 ICT 2026 - User found in database: lequochoaiduc04@gmail.com | DB Role: 0 | Mapped Authority: ROLE_USER
Sun Jul 05 14:23:55 ICT 2026 - Authentication set in SecurityContext for user: lequochoaiduc04@gmail.com
Sun Jul 05 14:23:55 ICT 2026 - === doFilterInternal END ===
Sun Jul 05 14:23:55 ICT 2026 - User found in database: lequochoaiduc04@gmail.com | DB Role: 0 | Mapped Authority: ROLE_USER
Sun Jul 05 14:23:55 ICT 2026 - Authentication set in SecurityContext for user: lequochoaiduc04@gmail.com
Sun Jul 05 14:23:55 ICT 2026 - === doFilterInternal END ===
Sun Jul 05 14:23:56 ICT 2026 - === doFilterInternal START ===
Sun Jul 05 14:23:56 ICT 2026 - Request URI: /api/quiz-attempts/user/dd9af4b6-c947-4a7c-a01b-b09d3dd76b2a
Sun Jul 05 14:23:56 ICT 2026 - Token found. Length: 1414
Sun Jul 05 14:23:56 ICT 2026 - Token validated successfully. Subject: dd9af4b6-c947-4a7c-a01b-b09d3dd76b2a
Sun Jul 05 14:23:56 ICT 2026 - User found in database: lequochoaiduc04@gmail.com | DB Role: 0 | Mapped Authority: ROLE_USER
Sun Jul 05 14:23:56 ICT 2026 - Authentication set in SecurityContext for user: lequochoaiduc04@gmail.com
Sun Jul 05 14:23:56 ICT 2026 - === doFilterInternal END ===
Sun Jul 05 14:23:56 ICT 2026 - === doFilterInternal START ===
Sun Jul 05 14:23:56 ICT 2026 - Request URI: /api/submissions/user/dd9af4b6-c947-4a7c-a01b-b09d3dd76b2a
Sun Jul 05 14:23:56 ICT 2026 - === doFilterInternal START ===
Sun Jul 05 14:23:56 ICT 2026 - Request URI: /api/quiz-attempts/user/dd9af4b6-c947-4a7c-a01b-b09d3dd76b2a
Sun Jul 05 14:23:56 ICT 2026 - === doFilterInternal START ===
Sun Jul 05 14:23:56 ICT 2026 - Request URI: /api/posts/class/8c162841-1d0f-4128-86d5-a6cb38eb874f
Sun Jul 05 14:23:56 ICT 2026 - Token found. Length: 1414
Sun Jul 05 14:23:56 ICT 2026 - Token found. Length: 1414
Sun Jul 05 14:23:56 ICT 2026 - Token found. Length: 1414
Sun Jul 05 14:23:56 ICT 2026 - === doFilterInternal START ===
Sun Jul 05 14:23:56 ICT 2026 - === doFilterInternal START ===
Sun Jul 05 14:23:56 ICT 2026 - Request URI: /api/posts/class/cb2d7889-00ac-48fc-88f1-17645c9cac4f
Sun Jul 05 14:23:56 ICT 2026 - === doFilterInternal START ===
Sun Jul 05 14:23:56 ICT 2026 - Request URI: /api/posts/class/bec12733-8902-4d6b-bebb-03c6a8643745
Sun Jul 05 14:23:56 ICT 2026 - Token found. Length: 1414
Sun Jul 05 14:23:56 ICT 2026 - Request URI: /api/quizzes/class/8c162841-1d0f-4128-86d5-a6cb38eb874f
Sun Jul 05 14:23:56 ICT 2026 - Token validated successfully. Subject: dd9af4b6-c947-4a7c-a01b-b09d3dd76b2a
Sun Jul 05 14:23:56 ICT 2026 - Token found. Length: 1414
Sun Jul 05 14:23:56 ICT 2026 - Token validated successfully. Subject: dd9af4b6-c947-4a7c-a01b-b09d3dd76b2a
Sun Jul 05 14:23:56 ICT 2026 - Token found. Length: 1414
Sun Jul 05 14:23:56 ICT 2026 - Token validated successfully. Subject: dd9af4b6-c947-4a7c-a01b-b09d3dd76b2a
Sun Jul 05 14:23:56 ICT 2026 - Token validated successfully. Subject: dd9af4b6-c947-4a7c-a01b-b09d3dd76b2a
Sun Jul 05 14:23:56 ICT 2026 - Token validated successfully. Subject: dd9af4b6-c947-4a7c-a01b-b09d3dd76b2a
Sun Jul 05 14:23:56 ICT 2026 - Token validated successfully. Subject: dd9af4b6-c947-4a7c-a01b-b09d3dd76b2a
Sun Jul 05 14:23:56 ICT 2026 - User found in database: lequochoaiduc04@gmail.com | DB Role: 0 | Mapped Authority: ROLE_USER
Sun Jul 05 14:23:56 ICT 2026 - Authentication set in SecurityContext for user: lequochoaiduc04@gmail.com
Sun Jul 05 14:23:56 ICT 2026 - === doFilterInternal END ===
Sun Jul 05 14:23:56 ICT 2026 - User found in database: lequochoaiduc04@gmail.com | DB Role: 0 | Mapped Authority: ROLE_USER
Sun Jul 05 14:23:56 ICT 2026 - Authentication set in SecurityContext for user: lequochoaiduc04@gmail.com
Sun Jul 05 14:23:56 ICT 2026 - === doFilterInternal END ===
Sun Jul 05 14:23:56 ICT 2026 - User found in database: lequochoaiduc04@gmail.com | DB Role: 0 | Mapped Authority: ROLE_USER
Sun Jul 05 14:23:56 ICT 2026 - User found in database: lequochoaiduc04@gmail.com | DB Role: 0 | Mapped Authority: ROLE_USER
Sun Jul 05 14:23:56 ICT 2026 - Authentication set in SecurityContext for user: lequochoaiduc04@gmail.com
Sun Jul 05 14:23:56 ICT 2026 - === doFilterInternal END ===
Sun Jul 05 14:23:56 ICT 2026 - User found in database: lequochoaiduc04@gmail.com | DB Role: 0 | Mapped Authority: ROLE_USER
Sun Jul 05 14:23:56 ICT 2026 - Authentication set in SecurityContext for user: lequochoaiduc04@gmail.com
Sun Jul 05 14:23:56 ICT 2026 - === doFilterInternal END ===
Sun Jul 05 14:23:56 ICT 2026 - Authentication set in SecurityContext for user: lequochoaiduc04@gmail.com
Sun Jul 05 14:23:56 ICT 2026 - === doFilterInternal END ===
Sun Jul 05 14:23:56 ICT 2026 - User found in database: lequochoaiduc04@gmail.com | DB Role: 0 | Mapped Authority: ROLE_USER
Sun Jul 05 14:23:56 ICT 2026 - Authentication set in SecurityContext for user: lequochoaiduc04@gmail.com
Sun Jul 05 14:23:56 ICT 2026 - === doFilterInternal END ===
Sun Jul 05 14:23:56 ICT 2026 - === doFilterInternal START ===
Sun Jul 05 14:23:56 ICT 2026 - Request URI: /api/quizzes/class/bec12733-8902-4d6b-bebb-03c6a8643745
Sun Jul 05 14:23:56 ICT 2026 - Token found. Length: 1414
Sun Jul 05 14:23:56 ICT 2026 - Token validated successfully. Subject: dd9af4b6-c947-4a7c-a01b-b09d3dd76b2a
Sun Jul 05 14:23:56 ICT 2026 - === doFilterInternal START ===
Sun Jul 05 14:23:56 ICT 2026 - Request URI: /api/quizzes/class/cb2d7889-00ac-48fc-88f1-17645c9cac4f
Sun Jul 05 14:23:56 ICT 2026 - Token found. Length: 1414
Sun Jul 05 14:23:56 ICT 2026 - Token validated successfully. Subject: dd9af4b6-c947-4a7c-a01b-b09d3dd76b2a
Sun Jul 05 14:23:56 ICT 2026 - User found in database: lequochoaiduc04@gmail.com | DB Role: 0 | Mapped Authority: ROLE_USER
Sun Jul 05 14:23:56 ICT 2026 - Authentication set in SecurityContext for user: lequochoaiduc04@gmail.com
Sun Jul 05 14:23:56 ICT 2026 - === doFilterInternal END ===
Sun Jul 05 14:23:56 ICT 2026 - User found in database: lequochoaiduc04@gmail.com | DB Role: 0 | Mapped Authority: ROLE_USER
Sun Jul 05 14:23:56 ICT 2026 - Authentication set in SecurityContext for user: lequochoaiduc04@gmail.com
Sun Jul 05 14:23:56 ICT 2026 - === doFilterInternal END ===
Sun Jul 05 14:23:56 ICT 2026 - === doFilterInternal START ===
Sun Jul 05 14:23:56 ICT 2026 - Request URI: /api/quizzes/class/8c162841-1d0f-4128-86d5-a6cb38eb874f
Sun Jul 05 14:23:56 ICT 2026 - Token found. Length: 1414
Sun Jul 05 14:23:56 ICT 2026 - === doFilterInternal START ===
Sun Jul 05 14:23:56 ICT 2026 - Request URI: /api/submissions/user/dd9af4b6-c947-4a7c-a01b-b09d3dd76b2a
Sun Jul 05 14:23:56 ICT 2026 - Token validated successfully. Subject: dd9af4b6-c947-4a7c-a01b-b09d3dd76b2a
Sun Jul 05 14:23:56 ICT 2026 - Token found. Length: 1414
Sun Jul 05 14:23:56 ICT 2026 - Token validated successfully. Subject: dd9af4b6-c947-4a7c-a01b-b09d3dd76b2a
Sun Jul 05 14:23:57 ICT 2026 - === doFilterInternal START ===
Sun Jul 05 14:23:57 ICT 2026 - Request URI: /api/quiz-attempts/user/dd9af4b6-c947-4a7c-a01b-b09d3dd76b2a
Sun Jul 05 14:23:57 ICT 2026 - Token found. Length: 1414
Sun Jul 05 14:23:57 ICT 2026 - Token validated successfully. Subject: dd9af4b6-c947-4a7c-a01b-b09d3dd76b2a
Sun Jul 05 14:23:57 ICT 2026 - === doFilterInternal START ===
Sun Jul 05 14:23:57 ICT 2026 - Request URI: /api/posts/class/8c162841-1d0f-4128-86d5-a6cb38eb874f
Sun Jul 05 14:23:57 ICT 2026 - Token found. Length: 1414
Sun Jul 05 14:23:57 ICT 2026 - Token validated successfully. Subject: dd9af4b6-c947-4a7c-a01b-b09d3dd76b2a
Sun Jul 05 14:23:57 ICT 2026 - User found in database: lequochoaiduc04@gmail.com | DB Role: 0 | Mapped Authority: ROLE_USER
Sun Jul 05 14:23:57 ICT 2026 - Authentication set in SecurityContext for user: lequochoaiduc04@gmail.com
Sun Jul 05 14:23:57 ICT 2026 - === doFilterInternal END ===
Sun Jul 05 14:23:57 ICT 2026 - User found in database: lequochoaiduc04@gmail.com | DB Role: 0 | Mapped Authority: ROLE_USER
Sun Jul 05 14:23:57 ICT 2026 - Authentication set in SecurityContext for user: lequochoaiduc04@gmail.com
Sun Jul 05 14:23:57 ICT 2026 - === doFilterInternal END ===
Sun Jul 05 14:23:57 ICT 2026 - User found in database: lequochoaiduc04@gmail.com | DB Role: 0 | Mapped Authority: ROLE_USER
Sun Jul 05 14:23:57 ICT 2026 - Authentication set in SecurityContext for user: lequochoaiduc04@gmail.com
Sun Jul 05 14:23:57 ICT 2026 - === doFilterInternal END ===
Sun Jul 05 14:23:57 ICT 2026 - === doFilterInternal START ===
Sun Jul 05 14:23:57 ICT 2026 - Request URI: /api/posts/class/cb2d7889-00ac-48fc-88f1-17645c9cac4f
Sun Jul 05 14:23:57 ICT 2026 - Token found. Length: 1414
Sun Jul 05 14:23:57 ICT 2026 - Token validated successfully. Subject: dd9af4b6-c947-4a7c-a01b-b09d3dd76b2a
Sun Jul 05 14:23:57 ICT 2026 - === doFilterInternal START ===
Sun Jul 05 14:23:57 ICT 2026 - Request URI: /api/posts/class/bec12733-8902-4d6b-bebb-03c6a8643745
Sun Jul 05 14:23:57 ICT 2026 - User found in database: lequochoaiduc04@gmail.com | DB Role: 0 | Mapped Authority: ROLE_USER
Sun Jul 05 14:23:57 ICT 2026 - Token found. Length: 1414
Sun Jul 05 14:23:57 ICT 2026 - Authentication set in SecurityContext for user: lequochoaiduc04@gmail.com
Sun Jul 05 14:23:57 ICT 2026 - === doFilterInternal END ===
Sun Jul 05 14:23:57 ICT 2026 - Token validated successfully. Subject: dd9af4b6-c947-4a7c-a01b-b09d3dd76b2a
Sun Jul 05 14:23:57 ICT 2026 - === doFilterInternal START ===
Sun Jul 05 14:23:57 ICT 2026 - Request URI: /api/streaks/b1f3d0f5-efee-46fa-9fdd-4ab81d4bd466
Sun Jul 05 14:23:57 ICT 2026 - Token found. Length: 1374
Sun Jul 05 14:23:57 ICT 2026 - Token validated successfully. Subject: b1f3d0f5-efee-46fa-9fdd-4ab81d4bd466
Sun Jul 05 14:23:57 ICT 2026 - === doFilterInternal START ===
Sun Jul 05 14:23:57 ICT 2026 - Request URI: /api/quizzes/class/cb2d7889-00ac-48fc-88f1-17645c9cac4f
Sun Jul 05 14:23:57 ICT 2026 - Token found. Length: 1414
Sun Jul 05 14:23:57 ICT 2026 - Token validated successfully. Subject: dd9af4b6-c947-4a7c-a01b-b09d3dd76b2a
Sun Jul 05 14:23:57 ICT 2026 - User found in database: lequochoaiduc04@gmail.com | DB Role: 0 | Mapped Authority: ROLE_USER
Sun Jul 05 14:23:57 ICT 2026 - Authentication set in SecurityContext for user: lequochoaiduc04@gmail.com
Sun Jul 05 14:23:57 ICT 2026 - === doFilterInternal END ===
Sun Jul 05 14:23:57 ICT 2026 - User found in database: lequochoaiduc04@gmail.com | DB Role: 0 | Mapped Authority: ROLE_USER
Sun Jul 05 14:23:57 ICT 2026 - Authentication set in SecurityContext for user: lequochoaiduc04@gmail.com
Sun Jul 05 14:23:57 ICT 2026 - === doFilterInternal END ===
Sun Jul 05 14:23:57 ICT 2026 - === doFilterInternal START ===
Sun Jul 05 14:23:57 ICT 2026 - Request URI: /api/quizzes/class/bec12733-8902-4d6b-bebb-03c6a8643745
Sun Jul 05 14:23:57 ICT 2026 - Token found. Length: 1414
Sun Jul 05 14:23:57 ICT 2026 - Token validated successfully. Subject: dd9af4b6-c947-4a7c-a01b-b09d3dd76b2a
Sun Jul 05 14:23:57 ICT 2026 - User found in database: hoaiduclequoc@gmail.com | DB Role: 2 | Mapped Authority: ROLE_ADMIN
Sun Jul 05 14:23:57 ICT 2026 - Authentication set in SecurityContext for user: hoaiduclequoc@gmail.com
Sun Jul 05 14:23:57 ICT 2026 - === doFilterInternal END ===
Sun Jul 05 14:23:57 ICT 2026 - User found in database: lequochoaiduc04@gmail.com | DB Role: 0 | Mapped Authority: ROLE_USER
Sun Jul 05 14:23:57 ICT 2026 - Authentication set in SecurityContext for user: lequochoaiduc04@gmail.com
Sun Jul 05 14:23:57 ICT 2026 - === doFilterInternal END ===
Sun Jul 05 14:23:57 ICT 2026 - User found in database: lequochoaiduc04@gmail.com | DB Role: 0 | Mapped Authority: ROLE_USER
Sun Jul 05 14:23:57 ICT 2026 - Authentication set in SecurityContext for user: lequochoaiduc04@gmail.com
Sun Jul 05 14:23:57 ICT 2026 - === doFilterInternal END ===
Sun Jul 05 14:23:57 ICT 2026 - === doFilterInternal START ===
Sun Jul 05 14:23:57 ICT 2026 - Request URI: /api/quiz-attempts/user/dd9af4b6-c947-4a7c-a01b-b09d3dd76b2a
Sun Jul 05 14:23:57 ICT 2026 - === doFilterInternal START ===
Sun Jul 05 14:23:57 ICT 2026 - Request URI: /api/streaks/dd9af4b6-c947-4a7c-a01b-b09d3dd76b2a
Sun Jul 05 14:23:57 ICT 2026 - === doFilterInternal START ===
Sun Jul 05 14:23:57 ICT 2026 - Request URI: /api/submissions/user/dd9af4b6-c947-4a7c-a01b-b09d3dd76b2a
Sun Jul 05 14:23:57 ICT 2026 - Token found. Length: 1414
Sun Jul 05 14:23:57 ICT 2026 - Token found. Length: 1414
Sun Jul 05 14:23:57 ICT 2026 - Token found. Length: 1414
Sun Jul 05 14:23:57 ICT 2026 - Token validated successfully. Subject: dd9af4b6-c947-4a7c-a01b-b09d3dd76b2a
Sun Jul 05 14:23:57 ICT 2026 - Token validated successfully. Subject: dd9af4b6-c947-4a7c-a01b-b09d3dd76b2a
Sun Jul 05 14:23:57 ICT 2026 - Token validated successfully. Subject: dd9af4b6-c947-4a7c-a01b-b09d3dd76b2a
Sun Jul 05 14:23:57 ICT 2026 - User found in database: lequochoaiduc04@gmail.com | DB Role: 0 | Mapped Authority: ROLE_USER
Sun Jul 05 14:23:57 ICT 2026 - Authentication set in SecurityContext for user: lequochoaiduc04@gmail.com
Sun Jul 05 14:23:57 ICT 2026 - === doFilterInternal END ===
Sun Jul 05 14:23:57 ICT 2026 - User found in database: lequochoaiduc04@gmail.com | DB Role: 0 | Mapped Authority: ROLE_USER
Sun Jul 05 14:23:57 ICT 2026 - User found in database: lequochoaiduc04@gmail.com | DB Role: 0 | Mapped Authority: ROLE_USER
Sun Jul 05 14:23:57 ICT 2026 - Authentication set in SecurityContext for user: lequochoaiduc04@gmail.com
Sun Jul 05 14:23:57 ICT 2026 - === doFilterInternal END ===
Sun Jul 05 14:23:57 ICT 2026 - Authentication set in SecurityContext for user: lequochoaiduc04@gmail.com
Sun Jul 05 14:23:57 ICT 2026 - === doFilterInternal END ===
Sun Jul 05 14:23:58 ICT 2026 - === doFilterInternal START ===
Sun Jul 05 14:23:58 ICT 2026 - Request URI: /api/streaks/b1f3d0f5-efee-46fa-9fdd-4ab81d4bd466
Sun Jul 05 14:23:58 ICT 2026 - Token found. Length: 1374
Sun Jul 05 14:23:58 ICT 2026 - Token validated successfully. Subject: b1f3d0f5-efee-46fa-9fdd-4ab81d4bd466
Sun Jul 05 14:23:58 ICT 2026 - User found in database: hoaiduclequoc@gmail.com | DB Role: 2 | Mapped Authority: ROLE_ADMIN
Sun Jul 05 14:23:58 ICT 2026 - Authentication set in SecurityContext for user: hoaiduclequoc@gmail.com
Sun Jul 05 14:23:58 ICT 2026 - === doFilterInternal END ===
Sun Jul 05 14:24:08 ICT 2026 - === doFilterInternal START ===
Sun Jul 05 14:24:08 ICT 2026 - Request URI: /api/chat/unread-count/b1f3d0f5-efee-46fa-9fdd-4ab81d4bd466
Sun Jul 05 14:24:08 ICT 2026 - === doFilterInternal START ===
Sun Jul 05 14:24:08 ICT 2026 - Request URI: /api/chat/unread-count/dd9af4b6-c947-4a7c-a01b-b09d3dd76b2a
Sun Jul 05 14:24:08 ICT 2026 - === doFilterInternal START ===
Sun Jul 05 14:24:08 ICT 2026 - Request URI: /api/streaks/dd9af4b6-c947-4a7c-a01b-b09d3dd76b2a/update
Sun Jul 05 14:24:08 ICT 2026 - === doFilterInternal START ===
Sun Jul 05 14:24:08 ICT 2026 - Request URI: /api/streaks/b1f3d0f5-efee-46fa-9fdd-4ab81d4bd466/update
Sun Jul 05 14:24:08 ICT 2026 - Token found. Length: 1414
Sun Jul 05 14:24:08 ICT 2026 - Token found. Length: 1414
Sun Jul 05 14:24:08 ICT 2026 - Token found. Length: 1374
Sun Jul 05 14:24:08 ICT 2026 - Token found. Length: 1374
Sun Jul 05 14:24:08 ICT 2026 - Token validated successfully. Subject: dd9af4b6-c947-4a7c-a01b-b09d3dd76b2a
Sun Jul 05 14:24:08 ICT 2026 - Token validated successfully. Subject: b1f3d0f5-efee-46fa-9fdd-4ab81d4bd466
Sun Jul 05 14:24:08 ICT 2026 - Token validated successfully. Subject: dd9af4b6-c947-4a7c-a01b-b09d3dd76b2a
Sun Jul 05 14:24:08 ICT 2026 - Token validated successfully. Subject: b1f3d0f5-efee-46fa-9fdd-4ab81d4bd466
Sun Jul 05 14:24:08 ICT 2026 - User found in database: lequochoaiduc04@gmail.com | DB Role: 0 | Mapped Authority: ROLE_USER
Sun Jul 05 14:24:08 ICT 2026 - User found in database: lequochoaiduc04@gmail.com | DB Role: 0 | Mapped Authority: ROLE_USER
Sun Jul 05 14:24:08 ICT 2026 - Authentication set in SecurityContext for user: lequochoaiduc04@gmail.com
Sun Jul 05 14:24:08 ICT 2026 - === doFilterInternal END ===
Sun Jul 05 14:24:08 ICT 2026 - Authentication set in SecurityContext for user: lequochoaiduc04@gmail.com
Sun Jul 05 14:24:08 ICT 2026 - === doFilterInternal END ===
Sun Jul 05 14:24:08 ICT 2026 - User found in database: hoaiduclequoc@gmail.com | DB Role: 2 | Mapped Authority: ROLE_ADMIN
Sun Jul 05 14:24:08 ICT 2026 - User found in database: hoaiduclequoc@gmail.com | DB Role: 2 | Mapped Authority: ROLE_ADMIN
Sun Jul 05 14:24:08 ICT 2026 - Authentication set in SecurityContext for user: hoaiduclequoc@gmail.com
Sun Jul 05 14:24:08 ICT 2026 - === doFilterInternal END ===
Sun Jul 05 14:24:08 ICT 2026 - Authentication set in SecurityContext for user: hoaiduclequoc@gmail.com
Sun Jul 05 14:24:08 ICT 2026 - === doFilterInternal END ===
